device_id,temperature_mean,temperature_std,temperature_min,temperature_max,temperature_last,humidity_mean,humidity_std,humidity_min,humidity_max,humidity_last,soil_moisture_mean,soil_moisture_std,soil_moisture_min,soil_moisture_max,soil_moisture_last,light_mean,light_std,light_min,light_max,light_last,ph_mean,ph_std,ph_min,ph_max,ph_last,co2_mean,co2_std,co2_min,co2_max,co2_last,timestamp
dev1,28.45408318198278,4.740443798096898,23.713639383885884,33.19452698007968,23.713639383885884,52.03450516058015,1.4394771924355965,50.59502796814456,53.47398235301575,50.59502796814456,407.7729537448853,73.75831830284062,334.01463544204466,481.5312720477259,481.5312720477259,916.0187216728478,0.0,916.0187216728478,916.0187216728478,916.0187216728478,6.46470226134368,0.0,6.46470226134368,6.46470226134368,6.46470226134368,861.9878226860696,0.0,861.9878226860696,861.9878226860696,861.9878226860696,2025-11-27T07:53:20.979462+00:00
dev1,24.260470490878234,0.5468311069923502,23.713639383885884,24.807301597870584,24.807301597870584,52.03450516058015,1.4394771924355965,50.59502796814456,53.47398235301575,50.59502796814456,407.7729537448853,73.75831830284062,334.01463544204466,481.5312720477259,481.5312720477259,916.0187216728478,0.0,916.0187216728478,916.0187216728478,916.0187216728478,6.46470226134368,0.0,6.46470226134368,6.46470226134368,6.46470226134368,861.9878226860696,0.0,861.9878226860696,861.9878226860696,861.9878226860696,2025-11-27T07:53:23.175878+00:00
dev1,24.260470490878234,0.5468311069923502,23.713639383885884,24.807301597870584,24.807301597870584,50.94182680884418,0.3467988406996234,50.59502796814456,51.2886256495438,51.2886256495438,407.7729537448853,73.75831830284062,334.01463544204466,481.5312720477259,481.5312720477259,916.0187216728478,0.0,916.0187216728478,916.0187216728478,916.0187216728478,6.46470226134368,0.0,6.46470226134368,6.46470226134368,6.46470226134368,861.9878226860696,0.0,861.9878226860696,861.9878226860696,861.9878226860696,2025-11-27T07:53:23.210782+00:00
dev1,24.260470490878234,0.5468311069923502,23.713639383885884,24.807301597870584,24.807301597870584,50.94182680884418,0.3467988406996234,50.59502796814456,51.2886256495438,51.2886256495438,469.10543114692285,12.425840900803053,456.6795902461198,481.5312720477259,456.6795902461198,916.0187216728478,0.0,916.0187216728478,916.0187216728478,916.0187216728478,6.46470226134368,0.0,6.46470226134368,6.46470226134368,6.46470226134368,861.9878226860696,0.0,861.9878226860696,861.9878226860696,861.9878226860696,2025-11-27T07:53:23.215941+00:00
dev1,24.260470490878234,0.5468311069923502,23.713639383885884,24.807301597870584,24.807301597870584,50.94182680884418,0.3467988406996234,50.59502796814456,51.2886256495438,51.2886256495438,469.10543114692285,12.425840900803053,456.6795902461198,481.5312720477259,456.6795902461198,789.9547188304615,126.06400284238634,663.8907159880752,916.0187216728478,663.8907159880752,6.46470226134368,0.0,6.46470226134368,6.46470226134368,6.46470226134368,861.9878226860696,0.0,861.9878226860696,861.9878226860696,861.9878226860696,2025-11-27T07:53:23.219611+00:00
dev1,24.807301597870584,0.0,24.807301597870584,24.807301597870584,24.807301597870584,50.94182680884418,0.3467988406996234,50.59502796814456,51.2886256495438,51.2886256495438,469.10543114692285,12.425840900803053,456.6795902461198,481.5312720477259,456.6795902461198,789.9547188304615,126.06400284238634,663.8907159880752,916.0187216728478,663.8907159880752,6.8232481170137405,0.35854585567006003,6.46470226134368,7.1817939726838,7.1817939726838,861.9878226860696,0.0,861.9878226860696,861.9878226860696,861.9878226860696,2025-11-27T07:53:23.223915+00:00
dev1,24.807301597870584,0.0,24.807301597870584,24.807301597870584,24.807301597870584,51.2886256495438,0.0,51.2886256495438,51.2886256495438,51.2886256495438,469.10543114692285,12.425840900803053,456.6795902461198,481.5312720477259,456.6795902461198,789.9547188304615,126.06400284238634,663.8907159880752,916.0187216728478,663.8907159880752,6.8232481170137405,0.35854585567006003,6.46470226134368,7.1817939726838,7.1817939726838,785.4038920846525,76.58393060141714,708.8199614832354,861.9878226860696,708.8199614832354,2025-11-27T07:53:23.227690+00:00
dev1,27.039350018247756,2.232048420377172,24.807301597870584,29.271398438624928,29.271398438624928,51.2886256495438,0.0,51.2886256495438,51.2886256495438,51.2886256495438,456.6795902461198,0.0,456.6795902461198,456.6795902461198,456.6795902461198,789.9547188304615,126.06400284238634,663.8907159880752,916.0187216728478,663.8907159880752,6.8232481170137405,0.35854585567006003,6.46470226134368,7.1817939726838,7.1817939726838,785.4038920846525,76.58393060141714,708.8199614832354,861.9878226860696,708.8199614832354,2025-11-27T07:53:25.404151+00:00
dev1,27.039350018247756,2.232048420377172,24.807301597870584,29.271398438624928,29.271398438624928,51.84721843941955,0.5585927898757426,51.2886256495438,52.40581122929529,52.40581122929529,456.6795902461198,0.0,456.6795902461198,456.6795902461198,456.6795902461198,663.8907159880752,0.0,663.8907159880752,663.8907159880752,663.8907159880752,6.8232481170137405,0.35854585567006003,6.46470226134368,7.1817939726838,7.1817939726838,785.4038920846525,76.58393060141714,708.8199614832354,861.9878226860696,708.8199614832354,2025-11-27T07:53:25.436576+00:00
dev1,27.039350018247756,2.232048420377172,24.807301597870584,29.271398438624928,29.271398438624928,51.84721843941955,0.5585927898757426,51.2886256495438,52.40581122929529,52.40581122929529,472.10233656613264,15.422746320012806,456.6795902461198,487.5250828861454,487.5250828861454,663.8907159880752,0.0,663.8907159880752,663.8907159880752,663.8907159880752,7.1817939726838,0.0,7.1817939726838,7.1817939726838,7.1817939726838,785.4038920846525,76.58393060141714,708.8199614832354,861.9878226860696,708.8199614832354,2025-11-27T07:53:25.440470+00:00
dev1,27.039350018247756,2.232048420377172,24.807301597870584,29.271398438624928,29.271398438624928,51.84721843941955,0.5585927898757426,51.2886256495438,52.40581122929529,52.40581122929529,472.10233656613264,15.422746320012806,456.6795902461198,487.5250828861454,487.5250828861454,902.3346855815776,238.44396959350246,663.8907159880752,1140.77865517508,1140.77865517508,7.1817939726838,0.0,7.1817939726838,7.1817939726838,7.1817939726838,708.8199614832354,0.0,708.8199614832354,708.8199614832354,708.8199614832354,2025-11-27T07:53:25.444007+00:00
dev1,29.271398438624928,0.0,29.271398438624928,29.271398438624928,29.271398438624928,51.84721843941955,0.5585927898757426,51.2886256495438,52.40581122929529,52.40581122929529,472.10233656613264,15.422746320012806,456.6795902461198,487.5250828861454,487.5250828861454,902.3346855815776,238.44396959350246,663.8907159880752,1140.77865517508,1140.77865517508,7.169512134171062,0.012281838512738119,7.157230295658324,7.1817939726838,7.157230295658324,708.8199614832354,0.0,708.8199614832354,708.8199614832354,708.8199614832354,2025-11-27T07:53:25.447559+00:00
dev1,29.271398438624928,0.0,29.271398438624928,29.271398438624928,29.271398438624928,52.40581122929529,0.0,52.40581122929529,52.40581122929529,52.40581122929529,472.10233656613264,15.422746320012806,456.6795902461198,487.5250828861454,487.5250828861454,902.3346855815776,238.44396959350246,663.8907159880752,1140.77865517508,1140.77865517508,7.169512134171062,0.012281838512738119,7.157230295658324,7.1817939726838,7.157230295658324,746.6053723269987,37.785410843763316,708.8199614832354,784.390783170762,784.390783170762,2025-11-27T07:53:25.451202+00:00
dev1,28.682940978140856,0.5884574604840722,28.094483517656784,29.271398438624928,28.094483517656784,52.40581122929529,0.0,52.40581122929529,52.40581122929529,52.40581122929529,487.5250828861454,0.0,487.5250828861454,487.5250828861454,487.5250828861454,902.3346855815776,238.44396959350246,663.8907159880752,1140.77865517508,1140.77865517508,7.169512134171062,0.012281838512738119,7.157230295658324,7.1817939726838,7.157230295658324,746.6053723269987,37.785410843763316,708.8199614832354,784.390783170762,784.390783170762,2025-11-27T07:53:27.611173+00:00
dev1,28.682940978140856,0.5884574604840722,28.094483517656784,29.271398438624928,28.094483517656784,52.61068207110025,0.2048708418049614,52.40581122929529,52.81555291290521,52.81555291290521,487.5250828861454,0.0,487.5250828861454,487.5250828861454,487.5250828861454,1140.77865517508,0.0,1140.77865517508,1140.77865517508,1140.77865517508,7.169512134171062,0.012281838512738119,7.157230295658324,7.1817939726838,7.157230295658324,746.6053723269987,37.785410843763316,708.8199614832354,784.390783170762,784.390783170762,2025-11-27T07:53:27.644575+00:00
dev1,28.682940978140856,0.5884574604840722,28.094483517656784,29.271398438624928,28.094483517656784,52.61068207110025,0.2048708418049614,52.40581122929529,52.81555291290521,52.81555291290521,499.72495412649687,12.199871240351456,487.5250828861454,511.9248253668483,511.9248253668483,1140.77865517508,0.0,1140.77865517508,1140.77865517508,1140.77865517508,7.157230295658324,0.0,7.157230295658324,7.157230295658324,7.157230295658324,746.6053723269987,37.785410843763316,708.8199614832354,784.390783170762,784.390783170762,2025-11-27T07:53:27.648348+00:00
dev1,28.682940978140856,0.5884574604840722,28.094483517656784,29.271398438624928,28.094483517656784,52.61068207110025,0.2048708418049614,52.40581122929529,52.81555291290521,52.81555291290521,499.72495412649687,12.199871240351456,487.5250828861454,511.9248253668483,511.9248253668483,1046.521130717856,94.25752445722401,952.2636062606321,1140.77865517508,952.2636062606321,7.157230295658324,0.0,7.157230295658324,7.157230295658324,7.157230295658324,784.390783170762,0.0,784.390783170762,784.390783170762,784.390783170762,2025-11-27T07:53:27.651909+00:00
dev1,28.094483517656784,0.0,28.094483517656784,28.094483517656784,28.094483517656784,52.61068207110025,0.2048708418049614,52.40581122929529,52.81555291290521,52.81555291290521,499.72495412649687,12.199871240351456,487.5250828861454,511.9248253668483,511.9248253668483,1046.521130717856,94.25752445722401,952.2636062606321,1140.77865517508,952.2636062606321,6.740190719652533,0.4170395760057901,6.323151143646744,7.157230295658324,6.323151143646744,784.390783170762,0.0,784.390783170762,784.390783170762,784.390783170762,2025-11-27T07:53:27.655596+00:00
dev1,28.094483517656784,0.0,28.094483517656784,28.094483517656784,28.094483517656784,52.81555291290521,0.0,52.81555291290521,52.81555291290521,52.81555291290521,499.72495412649687,12.199871240351456,487.5250828861454,511.9248253668483,511.9248253668483,1046.521130717856,94.25752445722401,952.2636062606321,1140.77865517508,952.2636062606321,6.740190719652533,0.4170395760057901,6.323151143646744,7.157230295658324,6.323151143646744,884.1851042271535,99.79432105639148,784.390783170762,983.979425283545,983.979425283545,2025-11-27T07:53:27.659272+00:00
dev1,23.870367926599148,4.224115591057636,19.64625233554151,28.094483517656784,19.64625233554151,52.81555291290521,0.0,52.81555291290521,52.81555291290521,52.81555291290521,511.9248253668483,0.0,511.9248253668483,511.9248253668483,511.9248253668483,1046.521130717856,94.25752445722401,952.2636062606321,1140.77865517508,952.2636062606321,6.740190719652533,0.4170395760057901,6.323151143646744,7.157230295658324,6.323151143646744,884.1851042271535,99.79432105639148,784.390783170762,983.979425283545,983.979425283545,2025-11-27T07:53:29.834190+00:00
dev1,23.870367926599148,4.224115591057636,19.64625233554151,28.094483517656784,19.64625233554151,53.58591336739866,0.7703604544934493,52.81555291290521,54.35627382189211,54.35627382189211,511.9248253668483,0.0,511.9248253668483,511.9248253668483,511.9248253668483,952.2636062606321,0.0,952.2636062606321,952.2636062606321,952.2636062606321,6.740190719652533,0.4170395760057901,6.323151143646744,7.157230295658324,6.323151143646744,884.1851042271535,99.79432105639148,784.390783170762,983.979425283545,983.979425283545,2025-11-27T07:53:29.866248+00:00
dev1,23.870367926599148,4.224115591057636,19.64625233554151,28.094483517656784,19.64625233554151,53.58591336739866,0.7703604544934493,52.81555291290521,54.35627382189211,54.35627382189211,462.09049632857625,49.8343290382721,412.2561672903041,511.9248253668483,412.2561672903041,952.2636062606321,0.0,952.2636062606321,952.2636062606321,952.2636062606321,6.323151143646744,0.0,6.323151143646744,6.323151143646744,6.323151143646744,884.1851042271535,99.79432105639148,784.390783170762,983.979425283545,983.979425283545,2025-11-27T07:53:29.870235+00:00
dev1,23.870367926599148,4.224115591057636,19.64625233554151,28.094483517656784,19.64625233554151,53.58591336739866,0.7703604544934493,52.81555291290521,54.35627382189211,54.35627382189211,462.09049632857625,49.8343290382721,412.2561672903041,511.9248253668483,412.2561672903041,1135.6924302433422,183.42882398271004,952.2636062606321,1319.121254226052,1319.121254226052,6.323151143646744,0.0,6.323151143646744,6.323151143646744,6.323151143646744,983.979425283545,0.0,983.979425283545,983.979425283545,983.979425283545,2025-11-27T07:53:29.873988+00:00
dev1,19.64625233554151,0.0,19.64625233554151,19.64625233554151,19.64625233554151,53.58591336739866,0.7703604544934493,52.81555291290521,54.35627382189211,54.35627382189211,462.09049632857625,49.8343290382721,412.2561672903041,511.9248253668483,412.2561672903041,1135.6924302433422,183.42882398271004,952.2636062606321,1319.121254226052,1319.121254226052,6.258415187295936,0.06473595635080676,6.19367923094513,6.323151143646744,6.19367923094513,983.979425283545,0.0,983.979425283545,983.979425283545,983.979425283545,2025-11-27T07:53:29.878052+00:00
dev1,19.64625233554151,0.0,19.64625233554151,19.64625233554151,19.64625233554151,54.35627382189211,0.0,54.35627382189211,54.35627382189211,54.35627382189211,462.09049632857625,49.8343290382721,412.2561672903041,511.9248253668483,412.2561672903041,1135.6924302433422,183.42882398271004,952.2636062606321,1319.121254226052,1319.121254226052,6.258415187295936,0.06473595635080676,6.19367923094513,6.323151143646744,6.19367923094513,886.0895591095909,97.88986617395403,788.1996929356369,983.979425283545,788.1996929356369,2025-11-27T07:53:29.882307+00:00
dev1,19.873690403004073,0.22743806746256112,19.64625233554151,20.101128470466634,20.101128470466634,54.35627382189211,0.0,54.35627382189211,54.35627382189211,54.35627382189211,412.2561672903041,0.0,412.2561672903041,412.2561672903041,412.2561672903041,1135.6924302433422,183.42882398271004,952.2636062606321,1319.121254226052,1319.121254226052,6.258415187295936,0.06473595635080676,6.19367923094513,6.323151143646744,6.19367923094513,886.0895591095909,97.88986617395403,788.1996929356369,983.979425283545,788.1996929356369,2025-11-27T07:53:32.051329+00:00
dev1,19.873690403004073,0.22743806746256112,19.64625233554151,20.101128470466634,20.101128470466634,53.148991016437904,1.2072828054542022,51.941708210983705,54.35627382189211,51.941708210983705,412.2561672903041,0.0,412.2561672903041,412.2561672903041,412.2561672903041,1319.121254226052,0.0,1319.121254226052,1319.121254226052,1319.121254226052,6.258415187295936,0.06473595635080676,6.19367923094513,6.323151143646744,6.19367923094513,886.0895591095909,97.88986617395403,788.1996929356369,983.979425283545,788.1996929356369,2025-11-27T07:53:32.081670+00:00
dev1,19.873690403004073,0.22743806746256112,19.64625233554151,20.101128470466634,20.101128470466634,53.148991016437904,1.2072828054542022,51.941708210983705,54.35627382189211,51.941708210983705,413.1359773099632,0.8798100196590894,412.2561672903041,414.0157873296223,414.0157873296223,1319.121254226052,0.0,1319.121254226052,1319.121254226052,1319.121254226052,6.19367923094513,0.0,6.19367923094513,6.19367923094513,6.19367923094513,886.0895591095909,97.88986617395403,788.1996929356369,983.979425283545,788.1996929356369,2025-11-27T07:53:32.085669+00:00
dev1,19.873690403004073,0.22743806746256112,19.64625233554151,20.101128470466634,20.101128470466634,53.148991016437904,1.2072828054542022,51.941708210983705,54.35627382189211,51.941708210983705,413.1359773099632,0.8798100196590894,412.2561672903041,414.0157873296223,414.0157873296223,1006.4754735119134,312.6457807141387,693.8296927977747,1319.121254226052,693.8296927977747,6.19367923094513,0.0,6.19367923094513,6.19367923094513,6.19367923094513,788.1996929356369,0.0,788.1996929356369,788.1996929356369,788.1996929356369,2025-11-27T07:53:32.089386+00:00
dev1,20.101128470466634,0.0,20.101128470466634,20.101128470466634,20.101128470466634,53.148991016437904,1.2072828054542022,51.941708210983705,54.35627382189211,51.941708210983705,413.1359773099632,0.8798100196590894,412.2561672903041,414.0157873296223,414.0157873296223,1006.4754735119134,312.6457807141387,693.8296927977747,1319.121254226052,693.8296927977747,6.4573524993548554,0.2636732684097254,6.19367923094513,6.721025767764581,6.721025767764581,788.1996929356369,0.0,788.1996929356369,788.1996929356369,788.1996929356369,2025-11-27T07:53:32.093151+00:00
dev1,20.101128470466634,0.0,20.101128470466634,20.101128470466634,20.101128470466634,51.941708210983705,0.0,51.941708210983705,51.941708210983705,51.941708210983705,413.1359773099632,0.8798100196590894,412.2561672903041,414.0157873296223,414.0157873296223,1006.4754735119134,312.6457807141387,693.8296927977747,1319.121254226052,693.8296927977747,6.4573524993548554,0.2636732684097254,6.19367923094513,6.721025767764581,6.721025767764581,868.8639032033807,80.66421026774378,788.1996929356369,949.5281134711245,949.5281134711245,2025-11-27T07:53:32.096898+00:00
dev1,22.946549648517752,2.8454211780511205,20.101128470466634,25.791970826568875,25.791970826568875,51.941708210983705,0.0,51.941708210983705,51.941708210983705,51.941708210983705,414.0157873296223,0.0,414.0157873296223,414.0157873296223,414.0157873296223,1006.4754735119134,312.6457807141387,693.8296927977747,1319.121254226052,693.8296927977747,6.4573524993548554,0.2636732684097254,6.19367923094513,6.721025767764581,6.721025767764581,868.8639032033807,80.66421026774378,788.1996929356369,949.5281134711245,949.5281134711245,2025-11-27T07:53:34.264077+00:00
dev1,22.946549648517752,2.8454211780511205,20.101128470466634,25.791970826568875,25.791970826568875,54.87601331303682,2.934305102053113,51.941708210983705,57.81031841508993,57.81031841508993,414.0157873296223,0.0,414.0157873296223,414.0157873296223,414.0157873296223,693.8296927977747,0.0,693.8296927977747,693.8296927977747,693.8296927977747,6.4573524993548554,0.2636732684097254,6.19367923094513,6.721025767764581,6.721025767764581,868.8639032033807,80.66421026774378,788.1996929356369,949.5281134711245,949.5281134711245,2025-11-27T07:53:34.297533+00:00
dev1,22.946549648517752,2.8454211780511205,20.101128470466634,25.791970826568875,25.791970826568875,54.87601331303682,2.934305102053113,51.941708210983705,57.81031841508993,57.81031841508993,413.5750855706944,0.44070175892790076,413.1343838117665,414.0157873296223,413.1343838117665,693.8296927977747,0.0,693.8296927977747,693.8296927977747,693.8296927977747,6.721025767764581,0.0,6.721025767764581,6.721025767764581,6.721025767764581,868.8639032033807,80.66421026774378,788.1996929356369,949.5281134711245,949.5281134711245,2025-11-27T07:53:34.301488+00:00
dev1,22.946549648517752,2.8454211780511205,20.101128470466634,25.791970826568875,25.791970826568875,54.87601331303682,2.934305102053113,51.941708210983705,57.81031841508993,57.81031841508993,413.5750855706944,0.44070175892790076,413.1343838117665,414.0157873296223,413.1343838117665,1024.5407717165317,330.71107891875704,693.8296927977747,1355.2518506352887,1355.2518506352887,6.721025767764581,0.0,6.721025767764581,6.721025767764581,6.721025767764581,949.5281134711245,0.0,949.5281134711245,949.5281134711245,949.5281134711245,2025-11-27T07:53:34.305224+00:00
dev1,25.791970826568875,0.0,25.791970826568875,25.791970826568875,25.791970826568875,54.87601331303682,2.934305102053113,51.941708210983705,57.81031841508993,57.81031841508993,413.5750855706944,0.44070175892790076,413.1343838117665,414.0157873296223,413.1343838117665,1024.5407717165317,330.71107891875704,693.8296927977747,1355.2518506352887,1355.2518506352887,6.856442184699116,0.13541641693453554,6.721025767764581,6.991858601633652,6.991858601633652,949.5281134711245,0.0,949.5281134711245,949.5281134711245,949.5281134711245,2025-11-27T07:53:34.308916+00:00
dev1,25.791970826568875,0.0,25.791970826568875,25.791970826568875,25.791970826568875,57.81031841508993,0.0,57.81031841508993,57.81031841508993,57.81031841508993,413.5750855706944,0.44070175892790076,413.1343838117665,414.0157873296223,413.1343838117665,1024.5407717165317,330.71107891875704,693.8296927977747,1355.2518506352887,1355.2518506352887,6.856442184699116,0.13541641693453554,6.721025767764581,6.991858601633652,6.991858601633652,730.1857765893538,219.34233688177062,510.84343970758323,949.5281134711245,510.84343970758323,2025-11-27T07:53:34.313540+00:00
dev1,25.774622917332167,0.01734790923670637,25.757275008095462,25.791970826568875,25.757275008095462,57.81031841508993,0.0,57.81031841508993,57.81031841508993,57.81031841508993,413.1343838117665,0.0,413.1343838117665,413.1343838117665,413.1343838117665,1024.5407717165317,330.71107891875704,693.8296927977747,1355.2518506352887,1355.2518506352887,6.856442184699116,0.13541641693453554,6.721025767764581,6.991858601633652,6.991858601633652,730.1857765893538,219.34233688177062,510.84343970758323,949.5281134711245,510.84343970758323,2025-11-27T07:53:36.477267+00:00
dev1,25.774622917332167,0.01734790923670637,25.757275008095462,25.791970826568875,25.757275008095462,55.28113144121049,2.529186973879444,52.75194446733104,57.81031841508993,52.75194446733104,413.1343838117665,0.0,413.1343838117665,413.1343838117665,413.1343838117665,1355.2518506352887,0.0,1355.2518506352887,1355.2518506352887,1355.2518506352887,6.856442184699116,0.13541641693453554,6.721025767764581,6.991858601633652,6.991858601633652,730.1857765893538,219.34233688177062,510.84343970758323,949.5281134711245,510.84343970758323,2025-11-27T07:53:36.513687+00:00
dev1,25.774622917332167,0.01734790923670637,25.757275008095462,25.791970826568875,25.757275008095462,55.28113144121049,2.529186973879444,52.75194446733104,57.81031841508993,52.75194446733104,446.3877626947619,33.25337888299538,413.1343838117665,479.64114157775725,479.64114157775725,1355.2518506352887,0.0,1355.2518506352887,1355.2518506352887,1355.2518506352887,6.991858601633652,0.0,6.991858601633652,6.991858601633652,6.991858601633652,730.1857765893538,219.34233688177062,510.84343970758323,949.5281134711245,510.84343970758323,2025-11-27T07:53:36.522790+00:00
dev1,25.774622917332167,0.01734790923670637,25.757275008095462,25.791970826568875,25.757275008095462,55.28113144121049,2.529186973879444,52.75194446733104,57.81031841508993,52.75194446733104,446.3877626947619,33.25337888299538,413.1343838117665,479.64114157775725,479.64114157775725,1241.0278731300473,114.22397750524146,1126.8038956248058,1355.2518506352887,1126.8038956248058,6.991858601633652,0.0,6.991858601633652,6.991858601633652,6.991858601633652,510.84343970758323,0.0,510.84343970758323,510.84343970758323,510.84343970758323,2025-11-27T07:53:36.530284+00:00
dev1,25.757275008095462,0.0,25.757275008095462,25.757275008095462,25.757275008095462,55.28113144121049,2.529186973879444,52.75194446733104,57.81031841508993,52.75194446733104,446.3877626947619,33.25337888299538,413.1343838117665,479.64114157775725,479.64114157775725,1241.0278731300473,114.22397750524146,1126.8038956248058,1355.2518506352887,1126.8038956248058,6.715743680679989,0.27611492095366286,6.439628759726326,6.991858601633652,6.439628759726326,510.84343970758323,0.0,510.84343970758323,510.84343970758323,510.84343970758323,2025-11-27T07:53:36.537743+00:00
dev1,25.757275008095462,0.0,25.757275008095462,25.757275008095462,25.757275008095462,52.75194446733104,0.0,52.75194446733104,52.75194446733104,52.75194446733104,446.3877626947619,33.25337888299538,413.1343838117665,479.64114157775725,479.64114157775725,1241.0278731300473,114.22397750524146,1126.8038956248058,1355.2518506352887,1126.8038956248058,6.715743680679989,0.27611492095366286,6.439628759726326,6.991858601633652,6.439628759726326,612.6890488700415,101.84560916245817,510.84343970758323,714.5346580324996,714.5346580324996,2025-11-27T07:53:36.543920+00:00
dev1,25.40763450672482,0.3496405013706454,25.05799400535417,25.757275008095462,25.05799400535417,52.75194446733104,0.0,52.75194446733104,52.75194446733104,52.75194446733104,479.64114157775725,0.0,479.64114157775725,479.64114157775725,479.64114157775725,1241.0278731300473,114.22397750524146,1126.8038956248058,1355.2518506352887,1126.8038956248058,6.715743680679989,0.27611492095366286,6.439628759726326,6.991858601633652,6.439628759726326,612.6890488700415,101.84560916245817,510.84343970758323,714.5346580324996,714.5346580324996,2025-11-27T07:53:38.773858+00:00
dev1,25.40763450672482,0.3496405013706454,25.05799400535417,25.757275008095462,25.05799400535417,59.24885953166612,6.496915064335077,52.75194446733104,65.7457745960012,65.7457745960012,479.64114157775725,0.0,479.64114157775725,479.64114157775725,479.64114157775725,1126.8038956248058,0.0,1126.8038956248058,1126.8038956248058,1126.8038956248058,6.715743680679989,0.27611492095366286,6.439628759726326,6.991858601633652,6.439628759726326,612.6890488700415,101.84560916245817,510.84343970758323,714.5346580324996,714.5346580324996,2025-11-27T07:53:38.806112+00:00
dev1,25.40763450672482,0.3496405013706454,25.05799400535417,25.757275008095462,25.05799400535417,59.24885953166612,6.496915064335077,52.75194446733104,65.7457745960012,65.7457745960012,509.52850021602063,29.88735863826338,479.64114157775725,539.415858854284,539.415858854284,1126.8038956248058,0.0,1126.8038956248058,1126.8038956248058,1126.8038956248058,6.439628759726326,0.0,6.439628759726326,6.439628759726326,6.439628759726326,612.6890488700415,101.84560916245817,510.84343970758323,714.5346580324996,714.5346580324996,2025-11-27T07:53:38.810067+00:00
dev1,25.40763450672482,0.3496405013706454,25.05799400535417,25.757275008095462,25.05799400535417,59.24885953166612,6.496915064335077,52.75194446733104,65.7457745960012,65.7457745960012,509.52850021602063,29.88735863826338,479.64114157775725,539.415858854284,539.415858854284,1310.1391326550674,183.33523703026162,1126.8038956248058,1493.474369685329,1493.474369685329,6.439628759726326,0.0,6.439628759726326,6.439628759726326,6.439628759726326,714.5346580324996,0.0,714.5346580324996,714.5346580324996,714.5346580324996,2025-11-27T07:53:38.813855+00:00
dev1,25.05799400535417,0.0,25.05799400535417,25.05799400535417,25.05799400535417,59.24885953166612,6.496915064335077,52.75194446733104,65.7457745960012,65.7457745960012,509.52850021602063,29.88735863826338,479.64114157775725,539.415858854284,539.415858854284,1310.1391326550674,183.33523703026162,1126.8038956248058,1493.474369685329,1493.474369685329,6.379843252585319,0.05978550714100672,6.320057745444313,6.439628759726326,6.320057745444313,714.5346580324996,0.0,714.5346580324996,714.5346580324996,714.5346580324996,2025-11-27T07:53:38.817657+00:00
dev1,25.05799400535417,0.0,25.05799400535417,25.05799400535417,25.05799400535417,65.7457745960012,0.0,65.7457745960012,65.7457745960012,65.7457745960012,509.52850021602063,29.88735863826338,479.64114157775725,539.415858854284,539.415858854284,1310.1391326550674,183.33523703026162,1126.8038956248058,1493.474369685329,1493.474369685329,6.379843252585319,0.05978550714100672,6.320057745444313,6.439628759726326,6.320057745444313,614.5524451232563,99.98221290924317,514.5702322140132,714.5346580324996,514.5702322140132,2025-11-27T07:53:38.821649+00:00
dev1,22.837269462154303,2.220724543199866,20.61654491895444,25.05799400535417,20.61654491895444,65.7457745960012,0.0,65.7457745960012,65.7457745960012,65.7457745960012,539.415858854284,0.0,539.415858854284,539.415858854284,539.415858854284,1310.1391326550674,183.33523703026162,1126.8038956248058,1493.474369685329,1493.474369685329,6.379843252585319,0.05978550714100672,6.320057745444313,6.439628759726326,6.320057745444313,614.5524451232563,99.98221290924317,514.5702322140132,714.5346580324996,514.5702322140132,2025-11-27T07:53:40.996222+00:00
dev1,22.837269462154303,2.220724543199866,20.61654491895444,25.05799400535417,20.61654491895444,55.9370853700125,9.8086892259887,46.128396144023796,65.7457745960012,46.128396144023796,539.415858854284,0.0,539.415858854284,539.415858854284,539.415858854284,1493.474369685329,0.0,1493.474369685329,1493.474369685329,1493.474369685329,6.379843252585319,0.05978550714100672,6.320057745444313,6.439628759726326,6.320057745444313,614.5524451232563,99.98221290924317,514.5702322140132,714.5346580324996,514.5702322140132,2025-11-27T07:53:41.018410+00:00
dev1,22.837269462154303,2.220724543199866,20.61654491895444,25.05799400535417,20.61654491895444,55.9370853700125,9.8086892259887,46.128396144023796,65.7457745960012,46.128396144023796,555.0182822282294,15.602423373945385,539.415858854284,570.6207056021748,570.6207056021748,1493.474369685329,0.0,1493.474369685329,1493.474369685329,1493.474369685329,6.320057745444313,0.0,6.320057745444313,6.320057745444313,6.320057745444313,614.5524451232563,99.98221290924317,514.5702322140132,714.5346580324996,514.5702322140132,2025-11-27T07:53:41.022122+00:00
dev1,22.837269462154303,2.220724543199866,20.61654491895444,25.05799400535417,20.61654491895444,55.9370853700125,9.8086892259887,46.128396144023796,65.7457745960012,46.128396144023796,555.0182822282294,15.602423373945385,539.415858854284,570.6207056021748,570.6207056021748,1113.1322891030022,380.34208058232696,732.7902085206752,1493.474369685329,732.7902085206752,6.320057745444313,0.0,6.320057745444313,6.320057745444313,6.320057745444313,514.5702322140132,0.0,514.5702322140132,514.5702322140132,514.5702322140132,2025-11-27T07:53:41.025843+00:00
dev1,20.61654491895444,0.0,20.61654491895444,20.61654491895444,20.61654491895444,55.9370853700125,9.8086892259887,46.128396144023796,65.7457745960012,46.128396144023796,555.0182822282294,15.602423373945385,539.415858854284,570.6207056021748,570.6207056021748,1113.1322891030022,380.34208058232696,732.7902085206752,1493.474369685329,732.7902085206752,6.5551255219468985,0.2350677765025857,6.320057745444313,6.790193298449484,6.790193298449484,514.5702322140132,0.0,514.5702322140132,514.5702322140132,514.5702322140132,2025-11-27T07:53:41.029620+00:00
dev1,20.61654491895444,0.0,20.61654491895444,20.61654491895444,20.61654491895444,46.128396144023796,0.0,46.128396144023796,46.128396144023796,46.128396144023796,555.0182822282294,15.602423373945385,539.415858854284,570.6207056021748,570.6207056021748,1113.1322891030022,380.34208058232696,732.7902085206752,1493.474369685329,732.7902085206752,6.5551255219468985,0.2350677765025857,6.320057745444313,6.790193298449484,6.790193298449484,450.9203327311548,63.649899482858416,387.2704332482964,514.5702322140132,387.2704332482964,2025-11-27T07:53:41.033430+00:00
dev1,26.04317193517657,5.426627016222131,20.61654491895444,31.4697989513987,31.4697989513987,46.128396144023796,0.0,46.128396144023796,46.128396144023796,46.128396144023796,570.6207056021748,0.0,570.6207056021748,570.6207056021748,570.6207056021748,1113.1322891030022,380.34208058232696,732.7902085206752,1493.474369685329,732.7902085206752,6.5551255219468985,0.2350677765025857,6.320057745444313,6.790193298449484,6.790193298449484,450.9203327311548,63.649899482858416,387.2704332482964,514.5702322140132,387.2704332482964,2025-11-27T07:53:43.249621+00:00
dev1,26.04317193517657,5.426627016222131,20.61654491895444,31.4697989513987,31.4697989513987,46.16202880712622,0.03363266310242352,46.128396144023796,46.19566147022864,46.19566147022864,570.6207056021748,0.0,570.6207056021748,570.6207056021748,570.6207056021748,732.7902085206752,0.0,732.7902085206752,732.7902085206752,732.7902085206752,6.5551255219468985,0.2350677765025857,6.320057745444313,6.790193298449484,6.790193298449484,450.9203327311548,63.649899482858416,387.2704332482964,514.5702322140132,387.2704332482964,2025-11-27T07:53:43.281455+00:00
dev1,26.04317193517657,5.426627016222131,20.61654491895444,31.4697989513987,31.4697989513987,46.16202880712622,0.03363266310242352,46.128396144023796,46.19566147022864,46.19566147022864,626.4622713977587,55.841565795583904,570.6207056021748,682.3038371933426,682.3038371933426,732.7902085206752,0.0,732.7902085206752,732.7902085206752,732.7902085206752,6.790193298449484,0.0,6.790193298449484,6.790193298449484,6.790193298449484,450.9203327311548,63.649899482858416,387.2704332482964,514.5702322140132,387.2704332482964,2025-11-27T07:53:43.287179+00:00
dev1,26.04317193517657,5.426627016222131,20.61654491895444,31.4697989513987,31.4697989513987,46.16202880712622,0.03363266310242352,46.128396144023796,46.19566147022864,46.19566147022864,626.4622713977587,55.841565795583904,570.6207056021748,682.3038371933426,682.3038371933426,851.5188204647286,118.7286119440534,732.7902085206752,970.247432408782,970.247432408782,6.790193298449484,0.0,6.790193298449484,6.790193298449484,6.790193298449484,387.2704332482964,0.0,387.2704332482964,387.2704332482964,387.2704332482964,2025-11-27T07:53:43.294472+00:00
dev1,31.4697989513987,0.0,31.4697989513987,31.4697989513987,31.4697989513987,46.16202880712622,0.03363266310242352,46.128396144023796,46.19566147022864,46.19566147022864,626.4622713977587,55.841565795583904,570.6207056021748,682.3038371933426,682.3038371933426,851.5188204647286,118.7286119440534,732.7902085206752,970.247432408782,970.247432408782,6.630492431339029,0.15970086711045584,6.4707915642285725,6.790193298449484,6.4707915642285725,387.2704332482964,0.0,387.2704332482964,387.2704332482964,387.2704332482964,2025-11-27T07:53:43.300823+00:00
dev1,31.4697989513987,0.0,31.4697989513987,31.4697989513987,31.4697989513987,46.19566147022864,0.0,46.19566147022864,46.19566147022864,46.19566147022864,626.4622713977587,55.841565795583904,570.6207056021748,682.3038371933426,682.3038371933426,851.5188204647286,118.7286119440534,732.7902085206752,970.247432408782,970.247432408782,6.630492431339029,0.15970086711045584,6.4707915642285725,6.790193298449484,6.4707915642285725,545.6384019610778,158.36796871278136,387.2704332482964,704.0063706738591,704.0063706738591,2025-11-27T07:53:43.306257+00:00
dev1,29.255962607080054,2.213836344318647,27.042126262761407,31.4697989513987,27.042126262761407,46.19566147022864,0.0,46.19566147022864,46.19566147022864,46.19566147022864,682.3038371933426,0.0,682.3038371933426,682.3038371933426,682.3038371933426,851.5188204647286,118.7286119440534,732.7902085206752,970.247432408782,970.247432408782,6.630492431339029,0.15970086711045584,6.4707915642285725,6.790193298449484,6.4707915642285725,545.6384019610778,158.36796871278136,387.2704332482964,704.0063706738591,704.0063706738591,2025-11-27T07:53:45.544312+00:00
dev1,29.255962607080054,2.213836344318647,27.042126262761407,31.4697989513987,27.042126262761407,51.883745777186775,5.688084306958132,46.19566147022864,57.571830084144906,57.571830084144906,682.3038371933426,0.0,682.3038371933426,682.3038371933426,682.3038371933426,970.247432408782,0.0,970.247432408782,970.247432408782,970.247432408782,6.630492431339029,0.15970086711045584,6.4707915642285725,6.790193298449484,6.4707915642285725,545.6384019610778,158.36796871278136,387.2704332482964,704.0063706738591,704.0063706738591,2025-11-27T07:53:45.576884+00:00
dev1,29.255962607080054,2.213836344318647,27.042126262761407,31.4697989513987,27.042126262761407,51.883745777186775,5.688084306958132,46.19566147022864,57.571830084144906,57.571830084144906,532.2645677743246,150.03926941901796,382.2252983553067,682.3038371933426,382.2252983553067,970.247432408782,0.0,970.247432408782,970.247432408782,970.247432408782,6.4707915642285725,0.0,6.4707915642285725,6.4707915642285725,6.4707915642285725,545.6384019610778,158.36796871278136,387.2704332482964,704.0063706738591,704.0063706738591,2025-11-27T07:53:45.583088+00:00
dev1,29.255962607080054,2.213836344318647,27.042126262761407,31.4697989513987,27.042126262761407,51.883745777186775,5.688084306958132,46.19566147022864,57.571830084144906,57.571830084144906,532.2645677743246,150.03926941901796,382.2252983553067,682.3038371933426,382.2252983553067,770.3790102671949,199.86842214158713,570.5105881256077,970.247432408782,570.5105881256077,6.4707915642285725,0.0,6.4707915642285725,6.4707915642285725,6.4707915642285725,704.0063706738591,0.0,704.0063706738591,704.0063706738591,704.0063706738591,2025-11-27T07:53:45.587007+00:00
dev1,27.042126262761407,0.0,27.042126262761407,27.042126262761407,27.042126262761407,51.883745777186775,5.688084306958132,46.19566147022864,57.571830084144906,57.571830084144906,532.2645677743246,150.03926941901796,382.2252983553067,682.3038371933426,382.2252983553067,770.3790102671949,199.86842214158713,570.5105881256077,970.247432408782,570.5105881256077,5.979877166211908,0.4909143980166637,5.488962768195245,6.4707915642285725,5.488962768195245,704.0063706738591,0.0,704.0063706738591,704.0063706738591,704.0063706738591,2025-11-27T07:53:45.590729+00:00
dev1,27.042126262761407,0.0,27.042126262761407,27.042126262761407,27.042126262761407,57.571830084144906,0.0,57.571830084144906,57.571830084144906,57.571830084144906,532.2645677743246,150.03926941901796,382.2252983553067,682.3038371933426,382.2252983553067,770.3790102671949,199.86842214158713,570.5105881256077,970.247432408782,570.5105881256077,5.979877166211908,0.4909143980166637,5.488962768195245,6.4707915642285725,5.488962768195245,597.6744277662367,106.33194290762239,491.34248485861434,704.0063706738591,491.34248485861434,2025-11-27T07:53:45.594533+00:00
dev1,25.021063131380703,2.0210631313807035,23.0,27.042126262761407,23.0,57.571830084144906,0.0,57.571830084144906,57.571830084144906,57.571830084144906,382.2252983553067,0.0,382.2252983553067,382.2252983553067,382.2252983553067,770.3790102671949,199.86842214158713,570.5105881256077,970.247432408782,570.5105881256077,5.979877166211908,0.4909143980166637,5.488962768195245,6.4707915642285725,5.488962768195245,597.6744277662367,106.33194290762239,491.34248485861434,704.0063706738591,491.34248485861434,2025-11-27T07:53:47.753591+00:00
dev1,25.021063131380703,2.0210631313807035,23.0,27.042126262761407,23.0,53.78591504207245,3.785915042072453,50.0,57.571830084144906,50.0,382.2252983553067,0.0,382.2252983553067,382.2252983553067,382.2252983553067,570.5105881256077,0.0,570.5105881256077,570.5105881256077,570.5105881256077,5.979877166211908,0.4909143980166637,5.488962768195245,6.4707915642285725,5.488962768195245,597.6744277662367,106.33194290762239,491.34248485861434,704.0063706738591,491.34248485861434,2025-11-27T07:53:47.785012+00:00
dev1,25.021063131380703,2.0210631313807035,23.0,27.042126262761407,23.0,53.78591504207245,3.785915042072453,50.0,57.571830084144906,50.0,471.11264917765334,88.88735082234666,382.2252983553067,560.0,560.0,570.5105881256077,0.0,570.5105881256077,570.5105881256077,570.5105881256077,5.488962768195245,0.0,5.488962768195245,5.488962768195245,5.488962768195245,597.6744277662367,106.33194290762239,491.34248485861434,704.0063706738591,491.34248485861434,2025-11-27T07:53:47.794075+00:00
dev1,25.021063131380703,2.0210631313807035,23.0,27.042126262761407,23.0,53.78591504207245,3.785915042072453,50.0,57.571830084144906,50.0,471.11264917765334,88.88735082234666,382.2252983553067,560.0,560.0,905.2552940628038,334.74470593719616,570.5105881256077,1240.0,1240.0,5.488962768195245,0.0,5.488962768195245,5.488962768195245,5.488962768195245,491.34248485861434,0.0,491.34248485861434,491.34248485861434,491.34248485861434,2025-11-27T07:53:47.802022+00:00
dev1,23.0,0.0,23.0,23.0,23.0,53.78591504207245,3.785915042072453,50.0,57.571830084144906,50.0,471.11264917765334,88.88735082234666,382.2252983553067,560.0,560.0,905.2552940628038,334.74470593719616,570.5105881256077,1240.0,1240.0,6.094481384097623,0.6055186159023775,5.488962768195245,6.7,6.7,491.34248485861434,0.0,491.34248485861434,491.34248485861434,491.34248485861434,2025-11-27T07:53:47.807907+00:00
dev1,23.0,0.0,23.0,23.0,23.0,50.0,0.0,50.0,50.0,50.0,471.11264917765334,88.88735082234666,382.2252983553067,560.0,560.0,905.2552940628038,334.74470593719616,570.5105881256077,1240.0,1240.0,6.094481384097623,0.6055186159023775,5.488962768195245,6.7,6.7,665.6712424293072,174.32875757069283,491.34248485861434,840.0,840.0,2025-11-27T07:53:47.813510+00:00
dev1,25.3,2.3000000000000007,23.0,27.6,27.6,50.0,0.0,50.0,50.0,50.0,560.0,0.0,560.0,560.0,560.0,905.2552940628038,334.74470593719616,570.5105881256077,1240.0,1240.0,6.094481384097623,0.6055186159023775,5.488962768195245,6.7,6.7,665.6712424293072,174.32875757069283,491.34248485861434,840.0,840.0,2025-11-27T07:53:49.996241+00:00
dev1,25.3,2.3000000000000007,23.0,27.6,27.6,55.75,5.75,50.0,61.5,61.5,560.0,0.0,560.0,560.0,560.0,1240.0,0.0,1240.0,1240.0,1240.0,6.094481384097623,0.6055186159023775,5.488962768195245,6.7,6.7,665.6712424293072,174.32875757069283,491.34248485861434,840.0,840.0,2025-11-27T07:53:50.027862+00:00
dev1,25.3,2.3000000000000007,23.0,27.6,27.6,55.75,5.75,50.0,61.5,61.5,569.0,9.0,560.0,578.0,578.0,1240.0,0.0,1240.0,1240.0,1240.0,6.7,0.0,6.7,6.7,6.7,665.6712424293072,174.32875757069283,491.34248485861434,840.0,840.0,2025-11-27T07:53:50.031740+00:00
dev1,25.3,2.3000000000000007,23.0,27.6,27.6,55.75,5.75,50.0,61.5,61.5,569.0,9.0,560.0,578.0,578.0,1021.5,218.5,803.0,1240.0,803.0,6.7,0.0,6.7,6.7,6.7,840.0,0.0,840.0,840.0,840.0,2025-11-27T07:53:50.035750+00:00
dev1,27.6,0.0,27.6,27.6,27.6,55.75,5.75,50.0,61.5,61.5,569.0,9.0,560.0,578.0,578.0,1021.5,218.5,803.0,1240.0,803.0,6.73,0.029999999999999805,6.7,6.76,6.76,840.0,0.0,840.0,840.0,840.0,2025-11-27T07:53:50.039505+00:00
dev1,27.6,0.0,27.6,27.6,27.6,61.5,0.0,61.5,61.5,61.5,569.0,9.0,560.0,578.0,578.0,1021.5,218.5,803.0,1240.0,803.0,6.73,0.029999999999999805,6.7,6.76,6.76,853.5,13.5,840.0,867.0,867.0,2025-11-27T07:53:50.043521+00:00
dev1,27.9,0.29999999999999893,27.6,28.2,28.2,61.5,0.0,61.5,61.5,61.5,578.0,0.0,578.0,578.0,578.0,1021.5,218.5,803.0,1240.0,803.0,6.73,0.029999999999999805,6.7,6.76,6.76,853.5,13.5,840.0,867.0,867.0,2025-11-27T07:53:52.248047+00:00
dev1,27.9,0.29999999999999893,27.6,28.2,28.2,54.25,7.25,47.0,61.5,47.0,578.0,0.0,578.0,578.0,578.0,803.0,0.0,803.0,803.0,803.0,6.73,0.029999999999999805,6.7,6.76,6.76,853.5,13.5,840.0,867.0,867.0,2025-11-27T07:53:52.282681+00:00
dev1,27.9,0.29999999999999893,27.6,28.2,28.2,54.25,7.25,47.0,61.5,47.0,587.0,9.0,578.0,596.0,596.0,803.0,0.0,803.0,803.0,803.0,6.76,0.0,6.76,6.76,6.76,853.5,13.5,840.0,867.0,867.0,2025-11-27T07:53:52.289008+00:00
dev1,27.9,0.29999999999999893,27.6,28.2,28.2,54.25,7.25,47.0,61.5,47.0,587.0,9.0,578.0,596.0,596.0,774.5,28.5,746.0,803.0,746.0,6.76,0.0,6.76,6.76,6.76,867.0,0.0,867.0,867.0,867.0,2025-11-27T07:53:52.293030+00:00
dev1,28.2,0.0,28.2,28.2,28.2,54.25,7.25,47.0,61.5,47.0,587.0,9.0,578.0,596.0,596.0,774.5,28.5,746.0,803.0,746.0,6.79,0.03000000000000025,6.76,6.82,6.82,867.0,0.0,867.0,867.0,867.0,2025-11-27T07:53:52.296539+00:00
dev1,28.2,0.0,28.2,28.2,28.2,47.0,0.0,47.0,47.0,47.0,587.0,9.0,578.0,596.0,596.0,774.5,28.5,746.0,803.0,746.0,6.79,0.03000000000000025,6.76,6.82,6.82,736.5,130.5,606.0,867.0,606.0,2025-11-27T07:53:52.300255+00:00
dev1,24.7,3.5,21.2,28.2,21.2,47.0,0.0,47.0,47.0,47.0,596.0,0.0,596.0,596.0,596.0,774.5,28.5,746.0,803.0,746.0,6.79,0.03000000000000025,6.76,6.82,6.82,736.5,130.5,606.0,867.0,606.0,2025-11-27T07:53:54.471413+00:00
dev1,24.7,3.5,21.2,28.2,21.2,46.25,0.75,45.5,47.0,45.5,596.0,0.0,596.0,596.0,596.0,746.0,0.0,746.0,746.0,746.0,6.79,0.03000000000000025,6.76,6.82,6.82,736.5,130.5,606.0,867.0,606.0,2025-11-27T07:53:54.502307+00:00
dev1,24.7,3.5,21.2,28.2,21.2,46.25,0.75,45.5,47.0,45.5,491.0,105.0,386.0,596.0,386.0,746.0,0.0,746.0,746.0,746.0,6.82,0.0,6.82,6.82,6.82,736.5,130.5,606.0,867.0,606.0,2025-11-27T07:53:54.506703+00:00
dev1,24.7,3.5,21.2,28.2,21.2,46.25,0.75,45.5,47.0,45.5,491.0,105.0,386.0,596.0,386.0,717.5,28.5,689.0,746.0,689.0,6.82,0.0,6.82,6.82,6.82,606.0,0.0,606.0,606.0,606.0,2025-11-27T07:53:54.511206+00:00
dev1,21.2,0.0,21.2,21.2,21.2,46.25,0.75,45.5,47.0,45.5,491.0,105.0,386.0,596.0,386.0,717.5,28.5,689.0,746.0,689.0,6.470000000000001,0.3500000000000001,6.12,6.82,6.12,606.0,0.0,606.0,606.0,606.0,2025-11-27T07:53:54.515377+00:00
dev1,21.2,0.0,21.2,21.2,21.2,45.5,0.0,45.5,45.5,45.5,491.0,105.0,386.0,596.0,386.0,717.5,28.5,689.0,746.0,689.0,6.470000000000001,0.3500000000000001,6.12,6.82,6.12,592.5,13.5,579.0,606.0,579.0,2025-11-27T07:53:54.519355+00:00
dev1,20.9,0.29999999999999893,20.6,21.2,20.6,45.5,0.0,45.5,45.5,45.5,386.0,0.0,386.0,386.0,386.0,717.5,28.5,689.0,746.0,689.0,6.470000000000001,0.3500000000000001,6.12,6.82,6.12,592.5,13.5,579.0,606.0,579.0,2025-11-27T07:53:56.678307+00:00
dev1,20.9,0.29999999999999893,20.6,21.2,20.6,55.75,10.25,45.5,66.0,66.0,386.0,0.0,386.0,386.0,386.0,689.0,0.0,689.0,689.0,689.0,6.470000000000001,0.3500000000000001,6.12,6.82,6.12,592.5,13.5,579.0,606.0,579.0,2025-11-27T07:53:56.705599+00:00
dev1,20.9,0.29999999999999893,20.6,21.2,20.6,55.75,10.25,45.5,66.0,66.0,509.0,123.0,386.0,632.0,632.0,689.0,0.0,689.0,689.0,689.0,6.12,0.0,6.12,6.12,6.12,592.5,13.5,579.0,606.0,579.0,2025-11-27T07:53:56.711191+00:00
dev1,20.9,0.29999999999999893,20.6,21.2,20.6,55.75,10.25,45.5,66.0,66.0,509.0,123.0,386.0,632.0,632.0,660.5,28.5,632.0,689.0,632.0,6.12,0.0,6.12,6.12,6.12,579.0,0.0,579.0,579.0,579.0,2025-11-27T07:53:56.715055+00:00
dev1,20.6,0.0,20.6,20.6,20.6,55.75,10.25,45.5,66.0,66.0,509.0,123.0,386.0,632.0,632.0,660.5,28.5,632.0,689.0,632.0,6.09,0.03000000000000025,6.06,6.12,6.06,579.0,0.0,579.0,579.0,579.0,2025-11-27T07:53:56.718722+00:00
dev1,20.6,0.0,20.6,20.6,20.6,66.0,0.0,66.0,66.0,66.0,509.0,123.0,386.0,632.0,632.0,660.5,28.5,632.0,689.0,632.0,6.09,0.03000000000000025,6.06,6.12,6.06,565.5,13.5,552.0,579.0,552.0,2025-11-27T07:53:56.722373+00:00
dev1,24.5098203403713,3.9098203403712954,20.6,28.419640680742592,28.419640680742592,66.0,0.0,66.0,66.0,66.0,632.0,0.0,632.0,632.0,632.0,660.5,28.5,632.0,689.0,632.0,6.09,0.03000000000000025,6.06,6.12,6.06,565.5,13.5,552.0,579.0,552.0,2025-11-27T07:53:58.915319+00:00
dev1,24.5098203403713,3.9098203403712954,20.6,28.419640680742592,28.419640680742592,57.45863755115382,8.54136244884618,48.91727510230764,66.0,48.91727510230764,632.0,0.0,632.0,632.0,632.0,632.0,0.0,632.0,632.0,632.0,6.09,0.03000000000000025,6.06,6.12,6.06,565.5,13.5,552.0,579.0,552.0,2025-11-27T07:53:58.947255+00:00
dev1,24.5098203403713,3.9098203403712954,20.6,28.419640680742592,28.419640680742592,57.45863755115382,8.54136244884618,48.91727510230764,66.0,48.91727510230764,582.7154059116137,49.2845940883862,533.4308118232276,632.0,533.4308118232276,632.0,0.0,632.0,632.0,632.0,6.06,0.0,6.06,6.06,6.06,565.5,13.5,552.0,579.0,552.0,2025-11-27T07:53:58.951626+00:00
dev1,24.5098203403713,3.9098203403712954,20.6,28.419640680742592,28.419640680742592,57.45863755115382,8.54136244884618,48.91727510230764,66.0,48.91727510230764,582.7154059116137,49.2845940883862,533.4308118232276,632.0,533.4308118232276,810.1183164334378,178.11831643343783,632.0,988.2366328668757,988.2366328668757,6.06,0.0,6.06,6.06,6.06,552.0,0.0,552.0,552.0,552.0,2025-11-27T07:53:58.955594+00:00
dev1,28.419640680742592,0.0,28.419640680742592,28.419640680742592,28.419640680742592,57.45863755115382,8.54136244884618,48.91727510230764,66.0,48.91727510230764,582.7154059116137,49.2845940883862,533.4308118232276,632.0,533.4308118232276,810.1183164334378,178.11831643343783,632.0,988.2366328668757,988.2366328668757,6.365802153408561,0.30580215340856176,6.06,6.671604306817123,6.671604306817123,552.0,0.0,552.0,552.0,552.0,2025-11-27T07:53:58.959421+00:00
dev1,28.419640680742592,0.0,28.419640680742592,28.419640680742592,28.419640680742592,48.91727510230764,0.0,48.91727510230764,48.91727510230764,48.91727510230764,582.7154059116137,49.2845940883862,533.4308118232276,632.0,533.4308118232276,810.1183164334378,178.11831643343783,632.0,988.2366328668757,988.2366328668757,6.365802153408561,0.30580215340856176,6.06,6.671604306817123,6.671604306817123,667.0098215924855,115.00982159248554,552.0,782.0196431849711,782.0196431849711,2025-11-27T07:53:58.963201+00:00
dev1,27.756817397880848,0.6628232828617442,27.093994115019104,28.419640680742592,27.093994115019104,48.91727510230764,0.0,48.91727510230764,48.91727510230764,48.91727510230764,533.4308118232276,0.0,533.4308118232276,533.4308118232276,533.4308118232276,810.1183164334378,178.11831643343783,632.0,988.2366328668757,988.2366328668757,6.365802153408561,0.30580215340856176,6.06,6.671604306817123,6.671604306817123,667.0098215924855,115.00982159248554,552.0,782.0196431849711,782.0196431849711,2025-11-27T07:54:01.122284+00:00
dev1,27.756817397880848,0.6628232828617442,27.093994115019104,28.419640680742592,27.093994115019104,55.972531513300694,7.055256410993053,48.91727510230764,63.02778792429375,63.02778792429375,533.4308118232276,0.0,533.4308118232276,533.4308118232276,533.4308118232276,988.2366328668757,0.0,988.2366328668757,988.2366328668757,988.2366328668757,6.365802153408561,0.30580215340856176,6.06,6.671604306817123,6.671604306817123,667.0098215924855,115.00982159248554,552.0,782.0196431849711,782.0196431849711,2025-11-27T07:54:01.153616+00:00
dev1,27.756817397880848,0.6628232828617442,27.093994115019104,28.419640680742592,27.093994115019104,55.972531513300694,7.055256410993053,48.91727510230764,63.02778792429375,63.02778792429375,516.2942153774399,17.136596445787774,499.15761893165205,533.4308118232276,499.15761893165205,988.2366328668757,0.0,988.2366328668757,988.2366328668757,988.2366328668757,6.671604306817123,0.0,6.671604306817123,6.671604306817123,6.671604306817123,667.0098215924855,115.00982159248554,552.0,782.0196431849711,782.0196431849711,2025-11-27T07:54:01.157899+00:00
dev1,27.756817397880848,0.6628232828617442,27.093994115019104,28.419640680742592,27.093994115019104,55.972531513300694,7.055256410993053,48.91727510230764,63.02778792429375,63.02778792429375,516.2942153774399,17.136596445787774,499.15761893165205,533.4308118232276,499.15761893165205,1310.1859621262442,321.9493292593685,988.2366328668757,1632.1352913856126,1632.1352913856126,6.671604306817123,0.0,6.671604306817123,6.671604306817123,6.671604306817123,782.0196431849711,0.0,782.0196431849711,782.0196431849711,782.0196431849711,2025-11-27T07:54:01.161808+00:00
dev1,27.093994115019104,0.0,27.093994115019104,27.093994115019104,27.093994115019104,55.972531513300694,7.055256410993053,48.91727510230764,63.02778792429375,63.02778792429375,516.2942153774399,17.136596445787774,499.15761893165205,533.4308118232276,499.15761893165205,1310.1859621262442,321.9493292593685,988.2366328668757,1632.1352913856126,1632.1352913856126,6.57173639116521,0.09986791565191311,6.471868475513297,6.671604306817123,6.471868475513297,782.0196431849711,0.0,782.0196431849711,782.0196431849711,782.0196431849711,2025-11-27T07:54:01.165651+00:00
dev1,27.093994115019104,0.0,27.093994115019104,27.093994115019104,27.093994115019104,63.02778792429375,0.0,63.02778792429375,63.02778792429375,63.02778792429375,516.2942153774399,17.136596445787774,499.15761893165205,533.4308118232276,499.15761893165205,1310.1859621262442,321.9493292593685,988.2366328668757,1632.1352913856126,1632.1352913856126,6.57173639116521,0.09986791565191311,6.471868475513297,6.671604306817123,6.471868475513297,927.9715230286891,145.95187984371807,782.0196431849711,1073.9234028724072,1073.9234028724072,2025-11-27T07:54:01.169376+00:00
dev1,24.887542935553252,2.2064511794658515,22.6810917560874,27.093994115019104,22.6810917560874,63.02778792429375,0.0,63.02778792429375,63.02778792429375,63.02778792429375,499.15761893165205,0.0,499.15761893165205,499.15761893165205,499.15761893165205,1310.1859621262442,321.9493292593685,988.2366328668757,1632.1352913856126,1632.1352913856126,6.57173639116521,0.09986791565191311,6.471868475513297,6.671604306817123,6.471868475513297,927.9715230286891,145.95187984371807,782.0196431849711,1073.9234028724072,1073.9234028724072,2025-11-27T07:54:03.367490+00:00
dev1,24.887542935553252,2.2064511794658515,22.6810917560874,27.093994115019104,22.6810917560874,51.276723929412285,11.751063994881466,39.525659934530815,63.02778792429375,39.525659934530815,499.15761893165205,0.0,499.15761893165205,499.15761893165205,499.15761893165205,1632.1352913856126,0.0,1632.1352913856126,1632.1352913856126,1632.1352913856126,6.57173639116521,0.09986791565191311,6.471868475513297,6.671604306817123,6.471868475513297,927.9715230286891,145.95187984371807,782.0196431849711,1073.9234028724072,1073.9234028724072,2025-11-27T07:54:03.398985+00:00
dev1,24.887542935553252,2.2064511794658515,22.6810917560874,27.093994115019104,22.6810917560874,51.276723929412285,11.751063994881466,39.525659934530815,63.02778792429375,39.525659934530815,517.2167143018185,18.059095370166432,499.15761893165205,535.2758096719849,535.2758096719849,1632.1352913856126,0.0,1632.1352913856126,1632.1352913856126,1632.1352913856126,6.471868475513297,0.0,6.471868475513297,6.471868475513297,6.471868475513297,927.9715230286891,145.95187984371807,782.0196431849711,1073.9234028724072,1073.9234028724072,2025-11-27T07:54:03.402863+00:00
dev1,24.887542935553252,2.2064511794658515,22.6810917560874,27.093994115019104,22.6810917560874,51.276723929412285,11.751063994881466,39.525659934530815,63.02778792429375,39.525659934530815,517.2167143018185,18.059095370166432,499.15761893165205,535.2758096719849,535.2758096719849,1248.3482601392366,383.78703124637616,864.5612288928603,1632.1352913856126,864.5612288928603,6.471868475513297,0.0,6.471868475513297,6.471868475513297,6.471868475513297,1073.9234028724072,0.0,1073.9234028724072,1073.9234028724072,1073.9234028724072,2025-11-27T07:54:03.406647+00:00
dev1,22.6810917560874,0.0,22.6810917560874,22.6810917560874,22.6810917560874,51.276723929412285,11.751063994881466,39.525659934530815,63.02778792429375,39.525659934530815,517.2167143018185,18.059095370166432,499.15761893165205,535.2758096719849,535.2758096719849,1248.3482601392366,383.78703124637616,864.5612288928603,1632.1352913856126,864.5612288928603,6.152677270443908,0.3191912050693886,5.83348606537452,6.471868475513297,5.83348606537452,1073.9234028724072,0.0,1073.9234028724072,1073.9234028724072,1073.9234028724072,2025-11-27T07:54:03.410865+00:00
dev1,22.6810917560874,0.0,22.6810917560874,22.6810917560874,22.6810917560874,39.525659934530815,0.0,39.525659934530815,39.525659934530815,39.525659934530815,517.2167143018185,18.059095370166432,499.15761893165205,535.2758096719849,535.2758096719849,1248.3482601392366,383.78703124637616,864.5612288928603,1632.1352913856126,864.5612288928603,6.152677270443908,0.3191912050693886,5.83348606537452,6.471868475513297,5.83348606537452,1037.8054973382546,36.117905534152726,1001.6875918041018,1073.9234028724072,1001.6875918041018,2025-11-27T07:54:03.416447+00:00
dev1,21.44453855440176,1.236553201685643,20.207985352716115,22.6810917560874,20.207985352716115,39.525659934530815,0.0,39.525659934530815,39.525659934530815,39.525659934530815,535.2758096719849,0.0,535.2758096719849,535.2758096719849,535.2758096719849,1248.3482601392366,383.78703124637616,864.5612288928603,1632.1352913856126,864.5612288928603,6.152677270443908,0.3191912050693886,5.83348606537452,6.471868475513297,5.83348606537452,1037.8054973382546,36.117905534152726,1001.6875918041018,1073.9234028724072,1001.6875918041018,2025-11-27T07:54:05.587410+00:00
dev1,21.44453855440176,1.236553201685643,20.207985352716115,22.6810917560874,20.207985352716115,49.502917360653626,9.977257426122808,39.525659934530815,59.48017478677643,59.48017478677643,535.2758096719849,0.0,535.2758096719849,535.2758096719849,535.2758096719849,864.5612288928603,0.0,864.5612288928603,864.5612288928603,864.5612288928603,6.152677270443908,0.3191912050693886,5.83348606537452,6.471868475513297,5.83348606537452,1037.8054973382546,36.117905534152726,1001.6875918041018,1073.9234028724072,1001.6875918041018,2025-11-27T07:54:05.619569+00:00
dev1,21.44453855440176,1.236553201685643,20.207985352716115,22.6810917560874,20.207985352716115,49.502917360653626,9.977257426122808,39.525659934530815,59.48017478677643,59.48017478677643,499.92231432763754,35.35349534434741,464.5688189832901,535.2758096719849,464.5688189832901,864.5612288928603,0.0,864.5612288928603,864.5612288928603,864.5612288928603,5.83348606537452,0.0,5.83348606537452,5.83348606537452,5.83348606537452,1037.8054973382546,36.117905534152726,1001.6875918041018,1073.9234028724072,1001.6875918041018,2025-11-27T07:54:05.623948+00:00
dev1,21.44453855440176,1.236553201685643,20.207985352716115,22.6810917560874,20.207985352716115,49.502917360653626,9.977257426122808,39.525659934530815,59.48017478677643,59.48017478677643,499.92231432763754,35.35349534434741,464.5688189832901,535.2758096719849,464.5688189832901,1064.0439184697527,199.48268957689243,864.5612288928603,1263.5266080466452,1263.5266080466452,5.83348606537452,0.0,5.83348606537452,5.83348606537452,5.83348606537452,1001.6875918041018,0.0,1001.6875918041018,1001.6875918041018,1001.6875918041018,2025-11-27T07:54:05.628116+00:00
dev1,20.207985352716115,0.0,20.207985352716115,20.207985352716115,20.207985352716115,49.502917360653626,9.977257426122808,39.525659934530815,59.48017478677643,59.48017478677643,499.92231432763754,35.35349534434741,464.5688189832901,535.2758096719849,464.5688189832901,1064.0439184697527,199.48268957689243,864.5612288928603,1263.5266080466452,1263.5266080466452,6.534596400615003,0.7011103352404833,5.83348606537452,7.235706735855486,7.235706735855486,1001.6875918041018,0.0,1001.6875918041018,1001.6875918041018,1001.6875918041018,2025-11-27T07:54:05.632296+00:00
dev2,21.71097023431829,1.2890297656817093,20.42194046863658,23.0,23.0,63.09289123959951,3.09289123959951,60.0,66.18578247919902,60.0,608.3169138904533,48.31691389045329,560.0,656.6338277809066,560.0,860.0,0.0,860.0,860.0,860.0,6.7,0.0,6.7,6.7,6.7,840.0,0.0,840.0,840.0,840.0,2025-11-27T07:53:21.010464+00:00
dev2,25.3,2.3000000000000007,23.0,27.6,27.6,63.09289123959951,3.09289123959951,60.0,66.18578247919902,60.0,608.3169138904533,48.31691389045329,560.0,656.6338277809066,560.0,860.0,0.0,860.0,860.0,860.0,6.7,0.0,6.7,6.7,6.7,840.0,0.0,840.0,840.0,840.0,2025-11-27T07:53:23.231529+00:00
dev2,25.3,2.3000000000000007,23.0,27.6,27.6,54.25,5.75,48.5,60.0,48.5,608.3169138904533,48.31691389045329,560.0,656.6338277809066,560.0,860.0,0.0,860.0,860.0,860.0,6.7,0.0,6.7,6.7,6.7,840.0,0.0,840.0,840.0,840.0,2025-11-27T07:53:23.234986+00:00
dev2,25.3,2.3000000000000007,23.0,27.6,27.6,54.25,5.75,48.5,60.0,48.5,569.0,9.0,560.0,578.0,578.0,860.0,0.0,860.0,860.0,860.0,6.7,0.0,6.7,6.7,6.7,840.0,0.0,840.0,840.0,840.0,2025-11-27T07:53:23.239156+00:00
dev2,25.3,2.3000000000000007,23.0,27.6,27.6,54.25,5.75,48.5,60.0,48.5,569.0,9.0,560.0,578.0,578.0,831.5,28.5,803.0,860.0,803.0,6.7,0.0,6.7,6.7,6.7,840.0,0.0,840.0,840.0,840.0,2025-11-27T07:53:23.242793+00:00
dev2,27.6,0.0,27.6,27.6,27.6,54.25,5.75,48.5,60.0,48.5,569.0,9.0,560.0,578.0,578.0,831.5,28.5,803.0,860.0,803.0,6.470000000000001,0.22999999999999998,6.24,6.7,6.24,840.0,0.0,840.0,840.0,840.0,2025-11-27T07:53:23.246366+00:00
dev2,27.6,0.0,27.6,27.6,27.6,48.5,0.0,48.5,48.5,48.5,569.0,9.0,560.0,578.0,578.0,831.5,28.5,803.0,860.0,803.0,6.470000000000001,0.22999999999999998,6.24,6.7,6.24,736.5,103.5,633.0,840.0,633.0,2025-11-27T07:53:23.250172+00:00
dev2,27.9,0.29999999999999893,27.6,28.2,28.2,48.5,0.0,48.5,48.5,48.5,578.0,0.0,578.0,578.0,578.0,831.5,28.5,803.0,860.0,803.0,6.470000000000001,0.22999999999999998,6.24,6.7,6.24,736.5,103.5,633.0,840.0,633.0,2025-11-27T07:53:25.454806+00:00
dev2,27.9,0.29999999999999893,27.6,28.2,28.2,47.75,0.75,47.0,48.5,47.0,578.0,0.0,578.0,578.0,578.0,803.0,0.0,803.0,803.0,803.0,6.470000000000001,0.22999999999999998,6.24,6.7,6.24,736.5,103.5,633.0,840.0,633.0,2025-11-27T07:53:25.458306+00:00
dev2,27.9,0.29999999999999893,27.6,28.2,28.2,47.75,0.75,47.0,48.5,47.0,491.0,87.0,404.0,578.0,404.0,803.0,0.0,803.0,803.0,803.0,6.24,0.0,6.24,6.24,6.24,736.5,103.5,633.0,840.0,633.0,2025-11-27T07:53:25.461919+00:00
dev2,27.9,0.29999999999999893,27.6,28.2,28.2,47.75,0.75,47.0,48.5,47.0,491.0,87.0,404.0,578.0,404.0,774.5,28.5,746.0,803.0,746.0,6.24,0.0,6.24,6.24,6.24,633.0,0.0,633.0,633.0,633.0,2025-11-27T07:53:25.465636+00:00
dev2,28.2,0.0,28.2,28.2,28.2,47.75,0.75,47.0,48.5,47.0,491.0,87.0,404.0,578.0,404.0,774.5,28.5,746.0,803.0,746.0,6.53,0.29000000000000004,6.24,6.82,6.82,633.0,0.0,633.0,633.0,633.0,2025-11-27T07:53:25.469219+00:00
dev2,28.2,0.0,28.2,28.2,28.2,47.0,0.0,47.0,47.0,47.0,491.0,87.0,404.0,578.0,404.0,774.5,28.5,746.0,803.0,746.0,6.53,0.29000000000000004,6.24,6.82,6.82,619.5,13.5,606.0,633.0,606.0,2025-11-27T07:53:25.472860+00:00
dev2,28.5,0.3000000000000007,28.2,28.8,28.8,47.0,0.0,47.0,47.0,47.0,404.0,0.0,404.0,404.0,404.0,774.5,28.5,746.0,803.0,746.0,6.53,0.29000000000000004,6.24,6.82,6.82,619.5,13.5,606.0,633.0,606.0,2025-11-27T07:53:27.662925+00:00
dev2,28.5,0.3000000000000007,28.2,28.8,28.8,46.25,0.75,45.5,47.0,45.5,404.0,0.0,404.0,404.0,404.0,746.0,0.0,746.0,746.0,746.0,6.53,0.29000000000000004,6.24,6.82,6.82,619.5,13.5,606.0,633.0,606.0,2025-11-27T07:53:27.666530+00:00
dev2,28.5,0.3000000000000007,28.2,28.8,28.8,46.25,0.75,45.5,47.0,45.5,509.0,105.0,404.0,614.0,614.0,746.0,0.0,746.0,746.0,746.0,6.82,0.0,6.82,6.82,6.82,619.5,13.5,606.0,633.0,606.0,2025-11-27T07:53:27.669942+00:00
dev2,28.5,0.3000000000000007,28.2,28.8,28.8,46.25,0.75,45.5,47.0,45.5,509.0,105.0,404.0,614.0,614.0,1078.5,332.5,746.0,1411.0,1411.0,6.82,0.0,6.82,6.82,6.82,606.0,0.0,606.0,606.0,606.0,2025-11-27T07:53:27.673655+00:00
dev2,28.8,0.0,28.8,28.8,28.8,46.25,0.75,45.5,47.0,45.5,509.0,105.0,404.0,614.0,614.0,1078.5,332.5,746.0,1411.0,1411.0,6.85,0.029999999999999805,6.82,6.88,6.88,606.0,0.0,606.0,606.0,606.0,2025-11-27T07:53:27.677289+00:00
dev2,28.8,0.0,28.8,28.8,28.8,45.5,0.0,45.5,45.5,45.5,509.0,105.0,404.0,614.0,614.0,1078.5,332.5,746.0,1411.0,1411.0,6.85,0.029999999999999805,6.82,6.88,6.88,592.5,13.5,579.0,606.0,579.0,2025-11-27T07:53:27.680914+00:00
dev2,29.1,0.29999999999999893,28.8,29.4,29.4,45.5,0.0,45.5,45.5,45.5,614.0,0.0,614.0,614.0,614.0,1078.5,332.5,746.0,1411.0,1411.0,6.85,0.029999999999999805,6.82,6.88,6.88,592.5,13.5,579.0,606.0,579.0,2025-11-27T07:53:29.885788+00:00
dev2,29.1,0.29999999999999893,28.8,29.4,29.4,55.75,10.25,45.5,66.0,66.0,614.0,0.0,614.0,614.0,614.0,1411.0,0.0,1411.0,1411.0,1411.0,6.85,0.029999999999999805,6.82,6.88,6.88,592.5,13.5,579.0,606.0,579.0,2025-11-27T07:53:29.889342+00:00
dev2,29.1,0.29999999999999893,28.8,29.4,29.4,55.75,10.25,45.5,66.0,66.0,491.0,123.0,368.0,614.0,368.0,1411.0,0.0,1411.0,1411.0,1411.0,6.88,0.0,6.88,6.88,6.88,592.5,13.5,579.0,606.0,579.0,2025-11-27T07:53:29.893002+00:00
dev2,29.1,0.29999999999999893,28.8,29.4,29.4,55.75,10.25,45.5,66.0,66.0,491.0,123.0,368.0,614.0,368.0,1021.5,389.5,632.0,1411.0,632.0,6.88,0.0,6.88,6.88,6.88,579.0,0.0,579.0,579.0,579.0,2025-11-27T07:53:29.896595+00:00
dev2,29.4,0.0,29.4,29.4,29.4,55.75,10.25,45.5,66.0,66.0,491.0,123.0,368.0,614.0,368.0,1021.5,389.5,632.0,1411.0,632.0,6.91,0.03000000000000025,6.88,6.94,6.94,579.0,0.0,579.0,579.0,579.0,2025-11-27T07:53:29.900151+00:00
dev2,29.4,0.0,29.4,29.4,29.4,66.0,0.0,66.0,66.0,66.0,491.0,123.0,368.0,614.0,368.0,1021.5,389.5,632.0,1411.0,632.0,6.91,0.03000000000000025,6.88,6.94,6.94,763.5,184.5,579.0,948.0,948.0,2025-11-27T07:53:29.903721+00:00
dev2,28.69921138886976,0.700788611130239,27.99842277773952,29.4,27.99842277773952,66.0,0.0,66.0,66.0,66.0,368.0,0.0,368.0,368.0,368.0,1021.5,389.5,632.0,1411.0,632.0,6.91,0.03000000000000025,6.88,6.94,6.94,763.5,184.5,579.0,948.0,948.0,2025-11-27T07:53:32.100910+00:00
dev2,28.69921138886976,0.700788611130239,27.99842277773952,29.4,27.99842277773952,59.49581792658098,6.504182073419014,52.991635853161974,66.0,52.991635853161974,368.0,0.0,368.0,368.0,368.0,632.0,0.0,632.0,632.0,632.0,6.91,0.03000000000000025,6.88,6.94,6.94,763.5,184.5,579.0,948.0,948.0,2025-11-27T07:53:32.105483+00:00
dev2,28.69921138886976,0.700788611130239,27.99842277773952,29.4,27.99842277773952,59.49581792658098,6.504182073419014,52.991635853161974,66.0,52.991635853161974,422.5174251624546,54.51742516245457,368.0,477.03485032490914,477.03485032490914,632.0,0.0,632.0,632.0,632.0,6.94,0.0,6.94,6.94,6.94,763.5,184.5,579.0,948.0,948.0,2025-11-27T07:53:32.110008+00:00
dev2,28.69921138886976,0.700788611130239,27.99842277773952,29.4,27.99842277773952,59.49581792658098,6.504182073419014,52.991635853161974,66.0,52.991635853161974,422.5174251624546,54.51742516245457,368.0,477.03485032490914,477.03485032490914,567.184395119943,64.81560488005692,502.36879023988615,632.0,502.36879023988615,6.94,0.0,6.94,6.94,6.94,948.0,0.0,948.0,948.0,948.0,2025-11-27T07:53:32.115478+00:00
dev2,27.99842277773952,0.0,27.99842277773952,27.99842277773952,27.99842277773952,59.49581792658098,6.504182073419014,52.991635853161974,66.0,52.991635853161974,422.5174251624546,54.51742516245457,368.0,477.03485032490914,477.03485032490914,567.184395119943,64.81560488005692,502.36879023988615,632.0,502.36879023988615,6.838562761329925,0.10143723867007592,6.7371255226598485,6.94,6.7371255226598485,948.0,0.0,948.0,948.0,948.0,2025-11-27T07:53:32.119347+00:00
dev2,27.99842277773952,0.0,27.99842277773952,27.99842277773952,27.99842277773952,52.991635853161974,0.0,52.991635853161974,52.991635853161974,52.991635853161974,422.5174251624546,54.51742516245457,368.0,477.03485032490914,477.03485032490914,567.184395119943,64.81560488005692,502.36879023988615,632.0,502.36879023988615,6.838562761329925,0.10143723867007592,6.7371255226598485,6.94,6.7371255226598485,966.7534390494191,18.753439049419057,948.0,985.5068780988381,985.5068780988381,2025-11-27T07:53:32.123106+00:00
dev2,25.544416838734968,2.4540059390045528,23.090410899730415,27.99842277773952,23.090410899730415,52.991635853161974,0.0,52.991635853161974,52.991635853161974,52.991635853161974,477.03485032490914,0.0,477.03485032490914,477.03485032490914,477.03485032490914,567.184395119943,64.81560488005692,502.36879023988615,632.0,502.36879023988615,6.838562761329925,0.10143723867007592,6.7371255226598485,6.94,6.7371255226598485,966.7534390494191,18.753439049419057,948.0,985.5068780988381,985.5068780988381,2025-11-27T07:53:34.317172+00:00
dev2,25.544416838734968,2.4540059390045528,23.090410899730415,27.99842277773952,23.090410899730415,51.94521214226526,1.0464237108967147,50.898788431368544,52.991635853161974,50.898788431368544,477.03485032490914,0.0,477.03485032490914,477.03485032490914,477.03485032490914,502.36879023988615,0.0,502.36879023988615,502.36879023988615,502.36879023988615,6.838562761329925,0.10143723867007592,6.7371255226598485,6.94,6.7371255226598485,966.7534390494191,18.753439049419057,948.0,985.5068780988381,985.5068780988381,2025-11-27T07:53:34.320734+00:00
dev2,25.544416838734968,2.4540059390045528,23.090410899730415,27.99842277773952,23.090410899730415,51.94521214226526,1.0464237108967147,50.898788431368544,52.991635853161974,50.898788431368544,532.4075370324115,55.37268670750234,477.03485032490914,587.7802237399138,587.7802237399138,502.36879023988615,0.0,502.36879023988615,502.36879023988615,502.36879023988615,6.7371255226598485,0.0,6.7371255226598485,6.7371255226598485,6.7371255226598485,966.7534390494191,18.753439049419057,948.0,985.5068780988381,985.5068780988381,2025-11-27T07:53:34.324288+00:00
dev2,25.544416838734968,2.4540059390045528,23.090410899730415,27.99842277773952,23.090410899730415,51.94521214226526,1.0464237108967147,50.898788431368544,52.991635853161974,50.898788431368544,532.4075370324115,55.37268670750234,477.03485032490914,587.7802237399138,587.7802237399138,881.5714386135635,379.2026483736774,502.36879023988615,1260.774086987241,1260.774086987241,6.7371255226598485,0.0,6.7371255226598485,6.7371255226598485,6.7371255226598485,985.5068780988381,0.0,985.5068780988381,985.5068780988381,985.5068780988381,2025-11-27T07:53:34.327935+00:00
dev2,23.090410899730415,0.0,23.090410899730415,23.090410899730415,23.090410899730415,51.94521214226526,1.0464237108967147,50.898788431368544,52.991635853161974,50.898788431368544,532.4075370324115,55.37268670750234,477.03485032490914,587.7802237399138,587.7802237399138,881.5714386135635,379.2026483736774,502.36879023988615,1260.774086987241,1260.774086987241,6.841963748867393,0.10483822620754468,6.7371255226598485,6.946801975074938,6.946801975074938,985.5068780988381,0.0,985.5068780988381,985.5068780988381,985.5068780988381,2025-11-27T07:53:34.331400+00:00
dev2,23.090410899730415,0.0,23.090410899730415,23.090410899730415,23.090410899730415,50.898788431368544,0.0,50.898788431368544,50.898788431368544,50.898788431368544,532.4075370324115,55.37268670750234,477.03485032490914,587.7802237399138,587.7802237399138,881.5714386135635,379.2026483736774,502.36879023988615,1260.774086987241,1260.774086987241,6.841963748867393,0.10483822620754468,6.7371255226598485,6.946801975074938,6.946801975074938,840.4911427228828,145.01573537595527,695.4754073469276,985.5068780988381,695.4754073469276,2025-11-27T07:53:34.334956+00:00
dev2,27.082355128668304,3.9919442289378892,23.090410899730415,31.074299357606193,31.074299357606193,50.898788431368544,0.0,50.898788431368544,50.898788431368544,50.898788431368544,587.7802237399138,0.0,587.7802237399138,587.7802237399138,587.7802237399138,881.5714386135635,379.2026483736774,502.36879023988615,1260.774086987241,1260.774086987241,6.841963748867393,0.10483822620754468,6.7371255226598485,6.946801975074938,6.946801975074938,840.4911427228828,145.01573537595527,695.4754073469276,985.5068780988381,695.4754073469276,2025-11-27T07:53:36.552591+00:00
dev2,27.082355128668304,3.9919442289378892,23.090410899730415,31.074299357606193,31.074299357606193,50.60558550086189,0.2932029305066557,50.31238257035523,50.898788431368544,50.31238257035523,587.7802237399138,0.0,587.7802237399138,587.7802237399138,587.7802237399138,1260.774086987241,0.0,1260.774086987241,1260.774086987241,1260.774086987241,6.841963748867393,0.10483822620754468,6.7371255226598485,6.946801975074938,6.946801975074938,840.4911427228828,145.01573537595527,695.4754073469276,985.5068780988381,695.4754073469276,2025-11-27T07:53:36.560535+00:00
dev2,27.082355128668304,3.9919442289378892,23.090410899730415,31.074299357606193,31.074299357606193,50.60558550086189,0.2932029305066557,50.31238257035523,50.898788431368544,50.31238257035523,568.7402846015295,19.039939138384284,549.7003454631453,587.7802237399138,549.7003454631453,1260.774086987241,0.0,1260.774086987241,1260.774086987241,1260.774086987241,6.946801975074938,0.0,6.946801975074938,6.946801975074938,6.946801975074938,840.4911427228828,145.01573537595527,695.4754073469276,985.5068780988381,695.4754073469276,2025-11-27T07:53:36.570410+00:00
dev2,27.082355128668304,3.9919442289378892,23.090410899730415,31.074299357606193,31.074299357606193,50.60558550086189,0.2932029305066557,50.31238257035523,50.898788431368544,50.31238257035523,568.7402846015295,19.039939138384284,549.7003454631453,587.7802237399138,549.7003454631453,1087.0016106145035,173.77247637273734,913.2291342417662,1260.774086987241,913.2291342417662,6.946801975074938,0.0,6.946801975074938,6.946801975074938,6.946801975074938,695.4754073469276,0.0,695.4754073469276,695.4754073469276,695.4754073469276,2025-11-27T07:53:36.577255+00:00
dev2,31.074299357606193,0.0,31.074299357606193,31.074299357606193,31.074299357606193,50.60558550086189,0.2932029305066557,50.31238257035523,50.898788431368544,50.31238257035523,568.7402846015295,19.039939138384284,549.7003454631453,587.7802237399138,549.7003454631453,1087.0016106145035,173.77247637273734,913.2291342417662,1260.774086987241,913.2291342417662,6.769825428744774,0.17697654633016358,6.592848882414611,6.946801975074938,6.592848882414611,695.4754073469276,0.0,695.4754073469276,695.4754073469276,695.4754073469276,2025-11-27T07:53:36.583138+00:00
dev2,31.074299357606193,0.0,31.074299357606193,31.074299357606193,31.074299357606193,50.31238257035523,0.0,50.31238257035523,50.31238257035523,50.31238257035523,568.7402846015295,19.039939138384284,549.7003454631453,587.7802237399138,549.7003454631453,1087.0016106145035,173.77247637273734,913.2291342417662,1260.774086987241,913.2291342417662,6.769825428744774,0.17697654633016358,6.592848882414611,6.946801975074938,6.592848882414611,700.887568830415,5.412161483487466,695.4754073469276,706.2997303139025,706.2997303139025,2025-11-27T07:53:36.589193+00:00
dev2,29.027871556548703,2.046427801057492,26.98144375549121,31.074299357606193,26.98144375549121,50.31238257035523,0.0,50.31238257035523,50.31238257035523,50.31238257035523,549.7003454631453,0.0,549.7003454631453,549.7003454631453,549.7003454631453,1087.0016106145035,173.77247637273734,913.2291342417662,1260.774086987241,913.2291342417662,6.769825428744774,0.17697654633016358,6.592848882414611,6.946801975074938,6.592848882414611,700.887568830415,5.412161483487466,695.4754073469276,706.2997303139025,706.2997303139025,2025-11-27T07:53:38.825329+00:00
dev2,29.027871556548703,2.046427801057492,26.98144375549121,31.074299357606193,26.98144375549121,53.73975298713151,3.427370416776281,50.31238257035523,57.167123403907794,57.167123403907794,549.7003454631453,0.0,549.7003454631453,549.7003454631453,549.7003454631453,913.2291342417662,0.0,913.2291342417662,913.2291342417662,913.2291342417662,6.769825428744774,0.17697654633016358,6.592848882414611,6.946801975074938,6.592848882414611,700.887568830415,5.412161483487466,695.4754073469276,706.2997303139025,706.2997303139025,2025-11-27T07:53:38.828910+00:00
dev2,29.027871556548703,2.046427801057492,26.98144375549121,31.074299357606193,26.98144375549121,53.73975298713151,3.427370416776281,50.31238257035523,57.167123403907794,57.167123403907794,446.6532927706095,103.04705269253577,343.6062400780737,549.7003454631453,343.6062400780737,913.2291342417662,0.0,913.2291342417662,913.2291342417662,913.2291342417662,6.592848882414611,0.0,6.592848882414611,6.592848882414611,6.592848882414611,700.887568830415,5.412161483487466,695.4754073469276,706.2997303139025,706.2997303139025,2025-11-27T07:53:38.832562+00:00
dev2,29.027871556548703,2.046427801057492,26.98144375549121,31.074299357606193,26.98144375549121,53.73975298713151,3.427370416776281,50.31238257035523,57.167123403907794,57.167123403907794,446.6532927706095,103.04705269253577,343.6062400780737,549.7003454631453,343.6062400780737,887.0339937361655,26.19514050560082,860.8388532305646,913.2291342417662,860.8388532305646,6.592848882414611,0.0,6.592848882414611,6.592848882414611,6.592848882414611,706.2997303139025,0.0,706.2997303139025,706.2997303139025,706.2997303139025,2025-11-27T07:53:38.837066+00:00
dev2,26.98144375549121,0.0,26.98144375549121,26.98144375549121,26.98144375549121,53.73975298713151,3.427370416776281,50.31238257035523,57.167123403907794,57.167123403907794,446.6532927706095,103.04705269253577,343.6062400780737,549.7003454631453,343.6062400780737,887.0339937361655,26.19514050560082,860.8388532305646,913.2291342417662,860.8388532305646,6.43824341139368,0.1546054710209308,6.283637940372749,6.592848882414611,6.283637940372749,706.2997303139025,0.0,706.2997303139025,706.2997303139025,706.2997303139025,2025-11-27T07:53:38.840696+00:00
dev2,26.98144375549121,0.0,26.98144375549121,26.98144375549121,26.98144375549121,57.167123403907794,0.0,57.167123403907794,57.167123403907794,57.167123403907794,446.6532927706095,103.04705269253577,343.6062400780737,549.7003454631453,343.6062400780737,887.0339937361655,26.19514050560082,860.8388532305646,913.2291342417662,860.8388532305646,6.43824341139368,0.1546054710209308,6.283637940372749,6.592848882414611,6.283637940372749,742.0439975046581,35.74426719075569,706.2997303139025,777.7882646954139,777.7882646954139,2025-11-27T07:53:38.844253+00:00
dev2,27.790588516729407,0.8091447612381995,26.98144375549121,28.59973327796761,28.59973327796761,57.167123403907794,0.0,57.167123403907794,57.167123403907794,57.167123403907794,343.6062400780737,0.0,343.6062400780737,343.6062400780737,343.6062400780737,887.0339937361655,26.19514050560082,860.8388532305646,913.2291342417662,860.8388532305646,6.43824341139368,0.1546054710209308,6.283637940372749,6.592848882414611,6.283637940372749,742.0439975046581,35.74426719075569,706.2997303139025,777.7882646954139,777.7882646954139,2025-11-27T07:53:41.037056+00:00
dev2,27.790588516729407,0.8091447612381995,26.98144375549121,28.59973327796761,28.59973327796761,57.017806627011666,0.1493167768961321,56.86848985011553,57.167123403907794,56.86848985011553,343.6062400780737,0.0,343.6062400780737,343.6062400780737,343.6062400780737,860.8388532305646,0.0,860.8388532305646,860.8388532305646,860.8388532305646,6.43824341139368,0.1546054710209308,6.283637940372749,6.592848882414611,6.283637940372749,742.0439975046581,35.74426719075569,706.2997303139025,777.7882646954139,777.7882646954139,2025-11-27T07:53:41.040692+00:00
dev2,27.790588516729407,0.8091447612381995,26.98144375549121,28.59973327796761,28.59973327796761,57.017806627011666,0.1493167768961321,56.86848985011553,57.167123403907794,56.86848985011553,382.7320494269431,39.12580934886938,343.6062400780737,421.8578587758125,421.8578587758125,860.8388532305646,0.0,860.8388532305646,860.8388532305646,860.8388532305646,6.283637940372749,0.0,6.283637940372749,6.283637940372749,6.283637940372749,742.0439975046581,35.74426719075569,706.2997303139025,777.7882646954139,777.7882646954139,2025-11-27T07:53:41.044526+00:00
dev2,27.790588516729407,0.8091447612381995,26.98144375549121,28.59973327796761,28.59973327796761,57.017806627011666,0.1493167768961321,56.86848985011553,57.167123403907794,56.86848985011553,382.7320494269431,39.12580934886938,343.6062400780737,421.8578587758125,421.8578587758125,1038.604443510633,177.7655902800684,860.8388532305646,1216.3700337907014,1216.3700337907014,6.283637940372749,0.0,6.283637940372749,6.283637940372749,6.283637940372749,777.7882646954139,0.0,777.7882646954139,777.7882646954139,777.7882646954139,2025-11-27T07:53:41.048324+00:00
dev2,28.59973327796761,0.0,28.59973327796761,28.59973327796761,28.59973327796761,57.017806627011666,0.1493167768961321,56.86848985011553,57.167123403907794,56.86848985011553,382.7320494269431,39.12580934886938,343.6062400780737,421.8578587758125,421.8578587758125,1038.604443510633,177.7655902800684,860.8388532305646,1216.3700337907014,1216.3700337907014,6.283873790813552,0.00023585044080309814,6.283637940372749,6.284109641254355,6.284109641254355,777.7882646954139,0.0,777.7882646954139,777.7882646954139,777.7882646954139,2025-11-27T07:53:41.051825+00:00
dev2,28.59973327796761,0.0,28.59973327796761,28.59973327796761,28.59973327796761,56.86848985011553,0.0,56.86848985011553,56.86848985011553,56.86848985011553,382.7320494269431,39.12580934886938,343.6062400780737,421.8578587758125,421.8578587758125,1038.604443510633,177.7655902800684,860.8388532305646,1216.3700337907014,1216.3700337907014,6.283873790813552,0.00023585044080309814,6.283637940372749,6.284109641254355,6.284109641254355,641.1036465035345,136.68461819187937,504.41902831165515,777.7882646954139,504.41902831165515,2025-11-27T07:53:41.055381+00:00
dev2,25.487288592138157,3.1124446858294537,22.3748439063087,28.59973327796761,22.3748439063087,56.86848985011553,0.0,56.86848985011553,56.86848985011553,56.86848985011553,421.8578587758125,0.0,421.8578587758125,421.8578587758125,421.8578587758125,1038.604443510633,177.7655902800684,860.8388532305646,1216.3700337907014,1216.3700337907014,6.283873790813552,0.00023585044080309814,6.283637940372749,6.284109641254355,6.284109641254355,641.1036465035345,136.68461819187937,504.41902831165515,777.7882646954139,504.41902831165515,2025-11-27T07:53:43.311461+00:00
dev2,25.487288592138157,3.1124446858294537,22.3748439063087,28.59973327796761,22.3748439063087,53.62978371249429,3.238706137621243,50.391077574873044,56.86848985011553,50.391077574873044,421.8578587758125,0.0,421.8578587758125,421.8578587758125,421.8578587758125,1216.3700337907014,0.0,1216.3700337907014,1216.3700337907014,1216.3700337907014,6.283873790813552,0.00023585044080309814,6.283637940372749,6.284109641254355,6.284109641254355,641.1036465035345,136.68461819187937,504.41902831165515,777.7882646954139,504.41902831165515,2025-11-27T07:53:43.316954+00:00
dev2,25.487288592138157,3.1124446858294537,22.3748439063087,28.59973327796761,22.3748439063087,53.62978371249429,3.238706137621243,50.391077574873044,56.86848985011553,50.391077574873044,440.4010490935228,18.543190317710298,421.8578587758125,458.94423941123307,458.94423941123307,1216.3700337907014,0.0,1216.3700337907014,1216.3700337907014,1216.3700337907014,6.284109641254355,0.0,6.284109641254355,6.284109641254355,6.284109641254355,641.1036465035345,136.68461819187937,504.41902831165515,777.7882646954139,504.41902831165515,2025-11-27T07:53:43.323169+00:00
dev2,25.487288592138157,3.1124446858294537,22.3748439063087,28.59973327796761,22.3748439063087,53.62978371249429,3.238706137621243,50.391077574873044,56.86848985011553,50.391077574873044,440.4010490935228,18.543190317710298,421.8578587758125,458.94423941123307,458.94423941123307,881.2653555155391,335.10467827516237,546.1606772403767,1216.3700337907014,546.1606772403767,6.284109641254355,0.0,6.284109641254355,6.284109641254355,6.284109641254355,504.41902831165515,0.0,504.41902831165515,504.41902831165515,504.41902831165515,2025-11-27T07:53:43.329333+00:00
dev2,22.3748439063087,0.0,22.3748439063087,22.3748439063087,22.3748439063087,53.62978371249429,3.238706137621243,50.391077574873044,56.86848985011553,50.391077574873044,440.4010490935228,18.543190317710298,421.8578587758125,458.94423941123307,458.94423941123307,881.2653555155391,335.10467827516237,546.1606772403767,1216.3700337907014,546.1606772403767,6.1649538431376625,0.11915579811669286,6.04579804502097,6.284109641254355,6.04579804502097,504.41902831165515,0.0,504.41902831165515,504.41902831165515,504.41902831165515,2025-11-27T07:53:43.337915+00:00
dev2,22.3748439063087,0.0,22.3748439063087,22.3748439063087,22.3748439063087,50.391077574873044,0.0,50.391077574873044,50.391077574873044,50.391077574873044,440.4010490935228,18.543190317710298,421.8578587758125,458.94423941123307,458.94423941123307,881.2653555155391,335.10467827516237,546.1606772403767,1216.3700337907014,546.1606772403767,6.1649538431376625,0.11915579811669286,6.04579804502097,6.284109641254355,6.04579804502097,765.4947702063063,261.07574189465106,504.41902831165515,1026.5705121009573,1026.5705121009573,2025-11-27T07:53:43.343095+00:00
dev2,22.431411933514763,0.0565680272060618,22.3748439063087,22.487979960720825,22.487979960720825,50.391077574873044,0.0,50.391077574873044,50.391077574873044,50.391077574873044,458.94423941123307,0.0,458.94423941123307,458.94423941123307,458.94423941123307,881.2653555155391,335.10467827516237,546.1606772403767,1216.3700337907014,546.1606772403767,6.1649538431376625,0.11915579811669286,6.04579804502097,6.284109641254355,6.04579804502097,765.4947702063063,261.07574189465106,504.41902831165515,1026.5705121009573,1026.5705121009573,2025-11-27T07:53:45.598382+00:00
dev2,22.431411933514763,0.0565680272060618,22.3748439063087,22.487979960720825,22.487979960720825,51.55856190783072,1.1674843329576774,50.391077574873044,52.7260462407884,52.7260462407884,458.94423941123307,0.0,458.94423941123307,458.94423941123307,458.94423941123307,546.1606772403767,0.0,546.1606772403767,546.1606772403767,546.1606772403767,6.1649538431376625,0.11915579811669286,6.04579804502097,6.284109641254355,6.04579804502097,765.4947702063063,261.07574189465106,504.41902831165515,1026.5705121009573,1026.5705121009573,2025-11-27T07:53:45.602193+00:00
dev2,22.431411933514763,0.0565680272060618,22.3748439063087,22.487979960720825,22.487979960720825,51.55856190783072,1.1674843329576774,50.391077574873044,52.7260462407884,52.7260462407884,529.0605282421263,70.11628883089327,458.94423941123307,599.1768170730196,599.1768170730196,546.1606772403767,0.0,546.1606772403767,546.1606772403767,546.1606772403767,6.04579804502097,0.0,6.04579804502097,6.04579804502097,6.04579804502097,765.4947702063063,261.07574189465106,504.41902831165515,1026.5705121009573,1026.5705121009573,2025-11-27T07:53:45.605883+00:00
dev2,22.431411933514763,0.0565680272060618,22.3748439063087,22.487979960720825,22.487979960720825,51.55856190783072,1.1674843329576774,50.391077574873044,52.7260462407884,52.7260462407884,529.0605282421263,70.11628883089327,458.94423941123307,599.1768170730196,599.1768170730196,888.779003086503,342.6183258461264,546.1606772403767,1231.3973289326295,1231.3973289326295,6.04579804502097,0.0,6.04579804502097,6.04579804502097,6.04579804502097,1026.5705121009573,0.0,1026.5705121009573,1026.5705121009573,1026.5705121009573,2025-11-27T07:53:45.609631+00:00
dev2,22.487979960720825,0.0,22.487979960720825,22.487979960720825,22.487979960720825,51.55856190783072,1.1674843329576774,50.391077574873044,52.7260462407884,52.7260462407884,529.0605282421263,70.11628883089327,458.94423941123307,599.1768170730196,599.1768170730196,888.779003086503,342.6183258461264,546.1606772403767,1231.3973289326295,1231.3973289326295,6.227399066453214,0.1816010214322441,6.04579804502097,6.409000087885458,6.409000087885458,1026.5705121009573,0.0,1026.5705121009573,1026.5705121009573,1026.5705121009573,2025-11-27T07:53:45.613305+00:00
dev2,22.487979960720825,0.0,22.487979960720825,22.487979960720825,22.487979960720825,52.7260462407884,0.0,52.7260462407884,52.7260462407884,52.7260462407884,529.0605282421263,70.11628883089327,458.94423941123307,599.1768170730196,599.1768170730196,888.779003086503,342.6183258461264,546.1606772403767,1231.3973289326295,1231.3973289326295,6.227399066453214,0.1816010214322441,6.04579804502097,6.409000087885458,6.409000087885458,910.2636544722316,116.30685762872571,793.9567968435059,1026.5705121009573,793.9567968435059,2025-11-27T07:53:45.617164+00:00
dev2,24.266622661222414,1.778642700501587,22.487979960720825,26.045265361724,26.045265361724,52.7260462407884,0.0,52.7260462407884,52.7260462407884,52.7260462407884,599.1768170730196,0.0,599.1768170730196,599.1768170730196,599.1768170730196,888.779003086503,342.6183258461264,546.1606772403767,1231.3973289326295,1231.3973289326295,6.227399066453214,0.1816010214322441,6.04579804502097,6.409000087885458,6.409000087885458,910.2636544722316,116.30685762872571,793.9567968435059,1026.5705121009573,793.9567968435059,2025-11-27T07:53:47.819107+00:00
dev2,24.266622661222414,1.778642700501587,22.487979960720825,26.045265361724,26.045265361724,54.5634603145044,1.837414073715994,52.7260462407884,56.40087438822039,56.40087438822039,599.1768170730196,0.0,599.1768170730196,599.1768170730196,599.1768170730196,1231.3973289326295,0.0,1231.3973289326295,1231.3973289326295,1231.3973289326295,6.227399066453214,0.1816010214322441,6.04579804502097,6.409000087885458,6.409000087885458,910.2636544722316,116.30685762872571,793.9567968435059,1026.5705121009573,793.9567968435059,2025-11-27T07:53:47.824966+00:00
dev2,24.266622661222414,1.778642700501587,22.487979960720825,26.045265361724,26.045265361724,54.5634603145044,1.837414073715994,52.7260462407884,56.40087438822039,56.40087438822039,523.6516908213669,75.5251262516527,448.1265645697142,599.1768170730196,448.1265645697142,1231.3973289326295,0.0,1231.3973289326295,1231.3973289326295,1231.3973289326295,6.409000087885458,0.0,6.409000087885458,6.409000087885458,6.409000087885458,910.2636544722316,116.30685762872571,793.9567968435059,1026.5705121009573,793.9567968435059,2025-11-27T07:53:47.830727+00:00
dev2,24.266622661222414,1.778642700501587,22.487979960720825,26.045265361724,26.045265361724,54.5634603145044,1.837414073715994,52.7260462407884,56.40087438822039,56.40087438822039,523.6516908213669,75.5251262516527,448.1265645697142,599.1768170730196,448.1265645697142,993.5223035991132,237.8750253335163,755.6472782655969,1231.3973289326295,755.6472782655969,6.409000087885458,0.0,6.409000087885458,6.409000087885458,6.409000087885458,793.9567968435059,0.0,793.9567968435059,793.9567968435059,793.9567968435059,2025-11-27T07:53:47.835984+00:00
dev2,26.045265361724,0.0,26.045265361724,26.045265361724,26.045265361724,54.5634603145044,1.837414073715994,52.7260462407884,56.40087438822039,56.40087438822039,523.6516908213669,75.5251262516527,448.1265645697142,599.1768170730196,448.1265645697142,993.5223035991132,237.8750253335163,755.6472782655969,1231.3973289326295,755.6472782655969,6.580699685999505,0.17169959811404745,6.409000087885458,6.752399284113553,6.752399284113553,793.9567968435059,0.0,793.9567968435059,793.9567968435059,793.9567968435059,2025-11-27T07:53:47.841221+00:00
dev2,26.045265361724,0.0,26.045265361724,26.045265361724,26.045265361724,56.40087438822039,0.0,56.40087438822039,56.40087438822039,56.40087438822039,523.6516908213669,75.5251262516527,448.1265645697142,599.1768170730196,448.1265645697142,993.5223035991132,237.8750253335163,755.6472782655969,1231.3973289326295,755.6472782655969,6.580699685999505,0.17169959811404745,6.409000087885458,6.752399284113553,6.752399284113553,765.7627326741226,28.19406416938324,737.5686685047394,793.9567968435059,737.5686685047394,2025-11-27T07:53:47.846945+00:00
dev2,25.14555204431276,0.8997133174112388,24.24583872690152,26.045265361724,24.24583872690152,56.40087438822039,0.0,56.40087438822039,56.40087438822039,56.40087438822039,448.1265645697142,0.0,448.1265645697142,448.1265645697142,448.1265645697142,993.5223035991132,237.8750253335163,755.6472782655969,1231.3973289326295,755.6472782655969,6.580699685999505,0.17169959811404745,6.409000087885458,6.752399284113553,6.752399284113553,765.7627326741226,28.19406416938324,737.5686685047394,793.9567968435059,737.5686685047394,2025-11-27T07:53:50.047684+00:00
dev2,25.14555204431276,0.8997133174112388,24.24583872690152,26.045265361724,24.24583872690152,55.00905711803569,1.3918172701846956,53.617239847850996,56.40087438822039,53.617239847850996,448.1265645697142,0.0,448.1265645697142,448.1265645697142,448.1265645697142,755.6472782655969,0.0,755.6472782655969,755.6472782655969,755.6472782655969,6.580699685999505,0.17169959811404745,6.409000087885458,6.752399284113553,6.752399284113553,765.7627326741226,28.19406416938324,737.5686685047394,793.9567968435059,737.5686685047394,2025-11-27T07:53:50.051785+00:00
dev2,25.14555204431276,0.8997133174112388,24.24583872690152,26.045265361724,24.24583872690152,55.00905711803569,1.3918172701846956,53.617239847850996,56.40087438822039,53.617239847850996,472.55336891055356,24.42680434083931,448.1265645697142,496.98017325139284,496.98017325139284,755.6472782655969,0.0,755.6472782655969,755.6472782655969,755.6472782655969,6.752399284113553,0.0,6.752399284113553,6.752399284113553,6.752399284113553,765.7627326741226,28.19406416938324,737.5686685047394,793.9567968435059,737.5686685047394,2025-11-27T07:53:50.056209+00:00
dev2,25.14555204431276,0.8997133174112388,24.24583872690152,26.045265361724,24.24583872690152,55.00905711803569,1.3918172701846956,53.617239847850996,56.40087438822039,53.617239847850996,472.55336891055356,24.42680434083931,448.1265645697142,496.98017325139284,496.98017325139284,969.858723024699,214.21144475910205,755.6472782655969,1184.070167783801,1184.070167783801,6.752399284113553,0.0,6.752399284113553,6.752399284113553,6.752399284113553,737.5686685047394,0.0,737.5686685047394,737.5686685047394,737.5686685047394,2025-11-27T07:53:50.061870+00:00
dev2,24.24583872690152,0.0,24.24583872690152,24.24583872690152,24.24583872690152,55.00905711803569,1.3918172701846956,53.617239847850996,56.40087438822039,53.617239847850996,472.55336891055356,24.42680434083931,448.1265645697142,496.98017325139284,496.98017325139284,969.858723024699,214.21144475910205,755.6472782655969,1184.070167783801,1184.070167783801,6.7060593803426,0.04633990377095287,6.659719476571647,6.752399284113553,6.659719476571647,737.5686685047394,0.0,737.5686685047394,737.5686685047394,737.5686685047394,2025-11-27T07:53:50.067398+00:00
dev2,24.24583872690152,0.0,24.24583872690152,24.24583872690152,24.24583872690152,53.617239847850996,0.0,53.617239847850996,53.617239847850996,53.617239847850996,472.55336891055356,24.42680434083931,448.1265645697142,496.98017325139284,496.98017325139284,969.858723024699,214.21144475910205,755.6472782655969,1184.070167783801,1184.070167783801,6.7060593803426,0.04633990377095287,6.659719476571647,6.752399284113553,6.659719476571647,669.7315000782554,67.83716842648403,601.8943316517714,737.5686685047394,601.8943316517714,2025-11-27T07:53:50.071772+00:00
dev2,23.1903034042695,1.0555353226320197,22.134768081637482,24.24583872690152,22.134768081637482,53.617239847850996,0.0,53.617239847850996,53.617239847850996,53.617239847850996,496.98017325139284,0.0,496.98017325139284,496.98017325139284,496.98017325139284,969.858723024699,214.21144475910205,755.6472782655969,1184.070167783801,1184.070167783801,6.7060593803426,0.04633990377095287,6.659719476571647,6.752399284113553,6.659719476571647,669.7315000782554,67.83716842648403,601.8943316517714,737.5686685047394,601.8943316517714,2025-11-27T07:53:52.303769+00:00
dev2,23.1903034042695,1.0555353226320197,22.134768081637482,24.24583872690152,22.134768081637482,48.13042704346614,5.486812804384854,42.64361423908129,53.617239847850996,42.64361423908129,496.98017325139284,0.0,496.98017325139284,496.98017325139284,496.98017325139284,1184.070167783801,0.0,1184.070167783801,1184.070167783801,1184.070167783801,6.7060593803426,0.04633990377095287,6.659719476571647,6.752399284113553,6.659719476571647,669.7315000782554,67.83716842648403,601.8943316517714,737.5686685047394,601.8943316517714,2025-11-27T07:53:52.307503+00:00
dev2,23.1903034042695,1.0555353226320197,22.134768081637482,24.24583872690152,22.134768081637482,48.13042704346614,5.486812804384854,42.64361423908129,53.617239847850996,42.64361423908129,518.2796813087996,21.29950805740671,496.98017325139284,539.5791893662063,539.5791893662063,1184.070167783801,0.0,1184.070167783801,1184.070167783801,1184.070167783801,6.659719476571647,0.0,6.659719476571647,6.659719476571647,6.659719476571647,669.7315000782554,67.83716842648403,601.8943316517714,737.5686685047394,601.8943316517714,2025-11-27T07:53:52.311117+00:00
dev2,23.1903034042695,1.0555353226320197,22.134768081637482,24.24583872690152,22.134768081637482,48.13042704346614,5.486812804384854,42.64361423908129,53.617239847850996,42.64361423908129,518.2796813087996,21.29950805740671,496.98017325139284,539.5791893662063,539.5791893662063,1474.5193254499843,290.4491576661833,1184.070167783801,1764.9684831161676,1764.9684831161676,6.659719476571647,0.0,6.659719476571647,6.659719476571647,6.659719476571647,601.8943316517714,0.0,601.8943316517714,601.8943316517714,601.8943316517714,2025-11-27T07:53:52.314680+00:00
dev2,22.134768081637482,0.0,22.134768081637482,22.134768081637482,22.134768081637482,48.13042704346614,5.486812804384854,42.64361423908129,53.617239847850996,42.64361423908129,518.2796813087996,21.29950805740671,496.98017325139284,539.5791893662063,539.5791893662063,1474.5193254499843,290.4491576661833,1184.070167783801,1764.9684831161676,1764.9684831161676,6.4631689696262224,0.19655050694542453,6.266618462680798,6.659719476571647,6.266618462680798,601.8943316517714,0.0,601.8943316517714,601.8943316517714,601.8943316517714,2025-11-27T07:53:52.318136+00:00
dev2,22.134768081637482,0.0,22.134768081637482,22.134768081637482,22.134768081637482,42.64361423908129,0.0,42.64361423908129,42.64361423908129,42.64361423908129,518.2796813087996,21.29950805740671,496.98017325139284,539.5791893662063,539.5791893662063,1474.5193254499843,290.4491576661833,1184.070167783801,1764.9684831161676,1764.9684831161676,6.4631689696262224,0.19655050694542453,6.266618462680798,6.659719476571647,6.266618462680798,733.928592134469,132.03426048269768,601.8943316517714,865.9628526171667,865.9628526171667,2025-11-27T07:53:52.321560+00:00
dev2,21.828125573401678,0.30664250823580197,21.521483065165878,22.134768081637482,21.521483065165878,42.64361423908129,0.0,42.64361423908129,42.64361423908129,42.64361423908129,539.5791893662063,0.0,539.5791893662063,539.5791893662063,539.5791893662063,1474.5193254499843,290.4491576661833,1184.070167783801,1764.9684831161676,1764.9684831161676,6.4631689696262224,0.19655050694542453,6.266618462680798,6.659719476571647,6.266618462680798,733.928592134469,132.03426048269768,601.8943316517714,865.9628526171667,865.9628526171667,2025-11-27T07:53:54.522977+00:00
dev2,21.828125573401678,0.30664250823580197,21.521483065165878,22.134768081637482,21.521483065165878,55.44816165747717,12.804547418395885,42.64361423908129,68.25270907587306,68.25270907587306,539.5791893662063,0.0,539.5791893662063,539.5791893662063,539.5791893662063,1764.9684831161676,0.0,1764.9684831161676,1764.9684831161676,1764.9684831161676,6.4631689696262224,0.19655050694542453,6.266618462680798,6.659719476571647,6.266618462680798,733.928592134469,132.03426048269768,601.8943316517714,865.9628526171667,865.9628526171667,2025-11-27T07:53:54.526431+00:00
dev2,21.828125573401678,0.30664250823580197,21.521483065165878,22.134768081637482,21.521483065165878,55.44816165747717,12.804547418395885,42.64361423908129,68.25270907587306,68.25270907587306,514.3396024843834,25.23958688182293,489.1000156025604,539.5791893662063,489.1000156025604,1764.9684831161676,0.0,1764.9684831161676,1764.9684831161676,1764.9684831161676,6.266618462680798,0.0,6.266618462680798,6.266618462680798,6.266618462680798,733.928592134469,132.03426048269768,601.8943316517714,865.9628526171667,865.9628526171667,2025-11-27T07:53:54.530192+00:00
dev2,21.828125573401678,0.30664250823580197,21.521483065165878,22.134768081637482,21.521483065165878,55.44816165747717,12.804547418395885,42.64361423908129,68.25270907587306,68.25270907587306,514.3396024843834,25.23958688182293,489.1000156025604,539.5791893662063,489.1000156025604,1221.8203968797777,543.1480862363899,678.6723106433877,1764.9684831161676,678.6723106433877,6.266618462680798,0.0,6.266618462680798,6.266618462680798,6.266618462680798,865.9628526171667,0.0,865.9628526171667,865.9628526171667,865.9628526171667,2025-11-27T07:53:54.534103+00:00
dev2,21.521483065165878,0.0,21.521483065165878,21.521483065165878,21.521483065165878,55.44816165747717,12.804547418395885,42.64361423908129,68.25270907587306,68.25270907587306,514.3396024843834,25.23958688182293,489.1000156025604,539.5791893662063,489.1000156025604,1221.8203968797777,543.1480862363899,678.6723106433877,1764.9684831161676,678.6723106433877,6.4679901039605205,0.20137164127972218,6.266618462680798,6.669361745240242,6.669361745240242,865.9628526171667,0.0,865.9628526171667,865.9628526171667,865.9628526171667,2025-11-27T07:53:54.537638+00:00
dev2,21.521483065165878,0.0,21.521483065165878,21.521483065165878,21.521483065165878,68.25270907587306,0.0,68.25270907587306,68.25270907587306,68.25270907587306,514.3396024843834,25.23958688182293,489.1000156025604,539.5791893662063,489.1000156025604,1221.8203968797777,543.1480862363899,678.6723106433877,1764.9684831161676,678.6723106433877,6.4679901039605205,0.20137164127972218,6.266618462680798,6.669361745240242,6.669361745240242,799.9695903995955,65.99326221757121,733.9763281820243,865.9628526171667,733.9763281820243,2025-11-27T07:53:54.541067+00:00
dev2,22.041002645336285,0.5195195801704067,21.521483065165878,22.56052222550669,22.56052222550669,68.25270907587306,0.0,68.25270907587306,68.25270907587306,68.25270907587306,489.1000156025604,0.0,489.1000156025604,489.1000156025604,489.1000156025604,1221.8203968797777,543.1480862363899,678.6723106433877,1764.9684831161676,678.6723106433877,6.4679901039605205,0.20137164127972218,6.266618462680798,6.669361745240242,6.669361745240242,799.9695903995955,65.99326221757121,733.9763281820243,865.9628526171667,733.9763281820243,2025-11-27T07:53:56.726096+00:00
dev2,22.041002645336285,0.5195195801704067,21.521483065165878,22.56052222550669,22.56052222550669,64.07588844040052,4.176820635472538,59.89906780492798,68.25270907587306,59.89906780492798,489.1000156025604,0.0,489.1000156025604,489.1000156025604,489.1000156025604,678.6723106433877,0.0,678.6723106433877,678.6723106433877,678.6723106433877,6.4679901039605205,0.20137164127972218,6.266618462680798,6.669361745240242,6.669361745240242,799.9695903995955,65.99326221757121,733.9763281820243,865.9628526171667,733.9763281820243,2025-11-27T07:53:56.729696+00:00
dev2,22.041002645336285,0.5195195801704067,21.521483065165878,22.56052222550669,22.56052222550669,64.07588844040052,4.176820635472538,59.89906780492798,68.25270907587306,59.89906780492798,457.20838412318767,31.891631479372705,425.316752643815,489.1000156025604,425.316752643815,678.6723106433877,0.0,678.6723106433877,678.6723106433877,678.6723106433877,6.669361745240242,0.0,6.669361745240242,6.669361745240242,6.669361745240242,799.9695903995955,65.99326221757121,733.9763281820243,865.9628526171667,733.9763281820243,2025-11-27T07:53:56.733193+00:00
dev2,22.041002645336285,0.5195195801704067,21.521483065165878,22.56052222550669,22.56052222550669,64.07588844040052,4.176820635472538,59.89906780492798,68.25270907587306,59.89906780492798,457.20838412318767,31.891631479372705,425.316752643815,489.1000156025604,425.316752643815,770.7311735911385,92.05886294775081,678.6723106433877,862.7900365388894,862.7900365388894,6.669361745240242,0.0,6.669361745240242,6.669361745240242,6.669361745240242,733.9763281820243,0.0,733.9763281820243,733.9763281820243,733.9763281820243,2025-11-27T07:53:56.736863+00:00
dev2,22.56052222550669,0.0,22.56052222550669,22.56052222550669,22.56052222550669,64.07588844040052,4.176820635472538,59.89906780492798,68.25270907587306,59.89906780492798,457.20838412318767,31.891631479372705,425.316752643815,489.1000156025604,425.316752643815,770.7311735911385,92.05886294775081,678.6723106433877,862.7900365388894,862.7900365388894,6.499501045288095,0.1698606999521477,6.329640345335947,6.669361745240242,6.329640345335947,733.9763281820243,0.0,733.9763281820243,733.9763281820243,733.9763281820243,2025-11-27T07:53:56.740401+00:00
dev2,22.56052222550669,0.0,22.56052222550669,22.56052222550669,22.56052222550669,59.89906780492798,0.0,59.89906780492798,59.89906780492798,59.89906780492798,457.20838412318767,31.891631479372705,425.316752643815,489.1000156025604,425.316752643815,770.7311735911385,92.05886294775081,678.6723106433877,862.7900365388894,862.7900365388894,6.499501045288095,0.1698606999521477,6.329640345335947,6.669361745240242,6.329640345335947,748.8612864965528,14.884958314528433,733.9763281820243,763.7462448110812,763.7462448110812,2025-11-27T07:53:56.744203+00:00
dev2,25.915220430032825,3.3546982045261338,22.56052222550669,29.26991863455896,29.26991863455896,59.89906780492798,0.0,59.89906780492798,59.89906780492798,59.89906780492798,425.316752643815,0.0,425.316752643815,425.316752643815,425.316752643815,770.7311735911385,92.05886294775081,678.6723106433877,862.7900365388894,862.7900365388894,6.499501045288095,0.1698606999521477,6.329640345335947,6.669361745240242,6.329640345335947,748.8612864965528,14.884958314528433,733.9763281820243,763.7462448110812,763.7462448110812,2025-11-27T07:53:58.967066+00:00
dev2,25.915220430032825,3.3546982045261338,22.56052222550669,29.26991863455896,29.26991863455896,57.64062614221782,2.258441662710162,55.38218447950766,59.89906780492798,55.38218447950766,425.316752643815,0.0,425.316752643815,425.316752643815,425.316752643815,862.7900365388894,0.0,862.7900365388894,862.7900365388894,862.7900365388894,6.499501045288095,0.1698606999521477,6.329640345335947,6.669361745240242,6.329640345335947,748.8612864965528,14.884958314528433,733.9763281820243,763.7462448110812,763.7462448110812,2025-11-27T07:53:58.971324+00:00
dev2,25.915220430032825,3.3546982045261338,22.56052222550669,29.26991863455896,29.26991863455896,57.64062614221782,2.258441662710162,55.38218447950766,59.89906780492798,55.38218447950766,455.34561053460277,30.028857890787805,425.316752643815,485.3744684253906,485.3744684253906,862.7900365388894,0.0,862.7900365388894,862.7900365388894,862.7900365388894,6.329640345335947,0.0,6.329640345335947,6.329640345335947,6.329640345335947,748.8612864965528,14.884958314528433,733.9763281820243,763.7462448110812,763.7462448110812,2025-11-27T07:53:58.974886+00:00
dev2,25.915220430032825,3.3546982045261338,22.56052222550669,29.26991863455896,29.26991863455896,57.64062614221782,2.258441662710162,55.38218447950766,59.89906780492798,55.38218447950766,455.34561053460277,30.028857890787805,425.316752643815,485.3744684253906,485.3744684253906,896.2943339139963,33.50429737510689,862.7900365388894,929.7986312891031,929.7986312891031,6.329640345335947,0.0,6.329640345335947,6.329640345335947,6.329640345335947,763.7462448110812,0.0,763.7462448110812,763.7462448110812,763.7462448110812,2025-11-27T07:53:58.978372+00:00
dev2,29.26991863455896,0.0,29.26991863455896,29.26991863455896,29.26991863455896,57.64062614221782,2.258441662710162,55.38218447950766,59.89906780492798,55.38218447950766,455.34561053460277,30.028857890787805,425.316752643815,485.3744684253906,485.3744684253906,896.2943339139963,33.50429737510689,862.7900365388894,929.7986312891031,929.7986312891031,6.48147731755091,0.1518369722149635,6.329640345335947,6.633314289765874,6.633314289765874,763.7462448110812,0.0,763.7462448110812,763.7462448110812,763.7462448110812,2025-11-27T07:53:58.981766+00:00
dev2,29.26991863455896,0.0,29.26991863455896,29.26991863455896,29.26991863455896,55.38218447950766,0.0,55.38218447950766,55.38218447950766,55.38218447950766,455.34561053460277,30.028857890787805,425.316752643815,485.3744684253906,485.3744684253906,896.2943339139963,33.50429737510689,862.7900365388894,929.7986312891031,929.7986312891031,6.48147731755091,0.1518369722149635,6.329640345335947,6.633314289765874,6.633314289765874,642.9798067781685,120.76643803291262,522.2133687452559,763.7462448110812,522.2133687452559,2025-11-27T07:53:58.985697+00:00
dev2,24.85092510127841,4.418993533280549,20.43193156799786,29.26991863455896,20.43193156799786,55.38218447950766,0.0,55.38218447950766,55.38218447950766,55.38218447950766,485.3744684253906,0.0,485.3744684253906,485.3744684253906,485.3744684253906,896.2943339139963,33.50429737510689,862.7900365388894,929.7986312891031,929.7986312891031,6.48147731755091,0.1518369722149635,6.329640345335947,6.633314289765874,6.633314289765874,642.9798067781685,120.76643803291262,522.2133687452559,763.7462448110812,522.2133687452559,2025-11-27T07:54:01.173166+00:00
dev2,24.85092510127841,4.418993533280549,20.43193156799786,29.26991863455896,20.43193156799786,58.46803445530409,3.0858499757964353,55.38218447950766,61.55388443110053,61.55388443110053,485.3744684253906,0.0,485.3744684253906,485.3744684253906,485.3744684253906,929.7986312891031,0.0,929.7986312891031,929.7986312891031,929.7986312891031,6.48147731755091,0.1518369722149635,6.329640345335947,6.633314289765874,6.633314289765874,642.9798067781685,120.76643803291262,522.2133687452559,763.7462448110812,522.2133687452559,2025-11-27T07:54:01.176670+00:00
dev2,24.85092510127841,4.418993533280549,20.43193156799786,29.26991863455896,20.43193156799786,58.46803445530409,3.0858499757964353,55.38218447950766,61.55388443110053,61.55388443110053,444.50633868727243,40.8681297381182,403.6382089491542,485.3744684253906,403.6382089491542,929.7986312891031,0.0,929.7986312891031,929.7986312891031,929.7986312891031,6.633314289765874,0.0,6.633314289765874,6.633314289765874,6.633314289765874,642.9798067781685,120.76643803291262,522.2133687452559,763.7462448110812,522.2133687452559,2025-11-27T07:54:01.180602+00:00
dev2,24.85092510127841,4.418993533280549,20.43193156799786,29.26991863455896,20.43193156799786,58.46803445530409,3.0858499757964353,55.38218447950766,61.55388443110053,61.55388443110053,444.50633868727243,40.8681297381182,403.6382089491542,485.3744684253906,403.6382089491542,977.6039321029866,47.805300813883434,929.7986312891031,1025.40923291687,1025.40923291687,6.633314289765874,0.0,6.633314289765874,6.633314289765874,6.633314289765874,522.2133687452559,0.0,522.2133687452559,522.2133687452559,522.2133687452559,2025-11-27T07:54:01.184190+00:00
dev2,20.43193156799786,0.0,20.43193156799786,20.43193156799786,20.43193156799786,58.46803445530409,3.0858499757964353,55.38218447950766,61.55388443110053,61.55388443110053,444.50633868727243,40.8681297381182,403.6382089491542,485.3744684253906,403.6382089491542,977.6039321029866,47.805300813883434,929.7986312891031,1025.40923291687,1025.40923291687,6.627230737811527,0.006083551954346511,6.621147185857181,6.633314289765874,6.621147185857181,522.2133687452559,0.0,522.2133687452559,522.2133687452559,522.2133687452559,2025-11-27T07:54:01.187803+00:00
dev2,20.43193156799786,0.0,20.43193156799786,20.43193156799786,20.43193156799786,61.55388443110053,0.0,61.55388443110053,61.55388443110053,61.55388443110053,444.50633868727243,40.8681297381182,403.6382089491542,485.3744684253906,403.6382089491542,977.6039321029866,47.805300813883434,929.7986312891031,1025.40923291687,1025.40923291687,6.627230737811527,0.006083551954346511,6.621147185857181,6.633314289765874,6.621147185857181,647.8971774537148,125.68380870845886,522.2133687452559,773.5809861621736,773.5809861621736,2025-11-27T07:54:01.191348+00:00
dev2,24.86918282408719,4.437251256089329,20.43193156799786,29.30643408017652,29.30643408017652,61.55388443110053,0.0,61.55388443110053,61.55388443110053,61.55388443110053,403.6382089491542,0.0,403.6382089491542,403.6382089491542,403.6382089491542,977.6039321029866,47.805300813883434,929.7986312891031,1025.40923291687,1025.40923291687,6.627230737811527,0.006083551954346511,6.621147185857181,6.633314289765874,6.621147185857181,647.8971774537148,125.68380870845886,522.2133687452559,773.5809861621736,773.5809861621736,2025-11-27T07:54:03.420372+00:00
dev2,24.86918282408719,4.437251256089329,20.43193156799786,29.30643408017652,29.30643408017652,55.155014551888996,6.3988698792115315,48.756144672677465,61.55388443110053,48.756144672677465,403.6382089491542,0.0,403.6382089491542,403.6382089491542,403.6382089491542,1025.40923291687,0.0,1025.40923291687,1025.40923291687,1025.40923291687,6.627230737811527,0.006083551954346511,6.621147185857181,6.633314289765874,6.621147185857181,647.8971774537148,125.68380870845886,522.2133687452559,773.5809861621736,773.5809861621736,2025-11-27T07:54:03.424261+00:00
dev2,24.86918282408719,4.437251256089329,20.43193156799786,29.30643408017652,29.30643408017652,55.155014551888996,6.3988698792115315,48.756144672677465,61.55388443110053,48.756144672677465,470.13698885743906,66.49877990828486,403.6382089491542,536.6357687657239,536.6357687657239,1025.40923291687,0.0,1025.40923291687,1025.40923291687,1025.40923291687,6.621147185857181,0.0,6.621147185857181,6.621147185857181,6.621147185857181,647.8971774537148,125.68380870845886,522.2133687452559,773.5809861621736,773.5809861621736,2025-11-27T07:54:03.428625+00:00
dev2,24.86918282408719,4.437251256089329,20.43193156799786,29.30643408017652,29.30643408017652,55.155014551888996,6.3988698792115315,48.756144672677465,61.55388443110053,48.756144672677465,470.13698885743906,66.49877990828486,403.6382089491542,536.6357687657239,536.6357687657239,986.632638563422,38.77659435344793,947.8560442099741,1025.40923291687,947.8560442099741,6.621147185857181,0.0,6.621147185857181,6.621147185857181,6.621147185857181,773.5809861621736,0.0,773.5809861621736,773.5809861621736,773.5809861621736,2025-11-27T07:54:03.432468+00:00
dev2,29.30643408017652,0.0,29.30643408017652,29.30643408017652,29.30643408017652,55.155014551888996,6.3988698792115315,48.756144672677465,61.55388443110053,48.756144672677465,470.13698885743906,66.49877990828486,403.6382089491542,536.6357687657239,536.6357687657239,986.632638563422,38.77659435344793,947.8560442099741,1025.40923291687,947.8560442099741,6.653477402294326,0.032330216437145065,6.621147185857181,6.685807618731471,6.685807618731471,773.5809861621736,0.0,773.5809861621736,773.5809861621736,773.5809861621736,2025-11-27T07:54:03.436301+00:00
dev2,29.30643408017652,0.0,29.30643408017652,29.30643408017652,29.30643408017652,48.756144672677465,0.0,48.756144672677465,48.756144672677465,48.756144672677465,470.13698885743906,66.49877990828486,403.6382089491542,536.6357687657239,536.6357687657239,986.632638563422,38.77659435344793,947.8560442099741,1025.40923291687,947.8560442099741,6.653477402294326,0.032330216437145065,6.621147185857181,6.685807618731471,6.685807618731471,717.2629048304311,56.318081331742576,660.9448234986885,773.5809861621736,660.9448234986885,2025-11-27T07:54:03.440309+00:00
dev2,24.366107471739067,4.940326608437452,19.425780863301615,29.30643408017652,19.425780863301615,48.756144672677465,0.0,48.756144672677465,48.756144672677465,48.756144672677465,536.6357687657239,0.0,536.6357687657239,536.6357687657239,536.6357687657239,986.632638563422,38.77659435344793,947.8560442099741,1025.40923291687,947.8560442099741,6.653477402294326,0.032330216437145065,6.621147185857181,6.685807618731471,6.685807618731471,717.2629048304311,56.318081331742576,660.9448234986885,773.5809861621736,660.9448234986885,2025-11-27T07:54:05.639848+00:00
dev2,24.366107471739067,4.940326608437452,19.425780863301615,29.30643408017652,19.425780863301615,42.26022494284259,6.495919729834874,35.76430521300772,48.756144672677465,35.76430521300772,536.6357687657239,0.0,536.6357687657239,536.6357687657239,536.6357687657239,947.8560442099741,0.0,947.8560442099741,947.8560442099741,947.8560442099741,6.653477402294326,0.032330216437145065,6.621147185857181,6.685807618731471,6.685807618731471,717.2629048304311,56.318081331742576,660.9448234986885,773.5809861621736,660.9448234986885,2025-11-27T07:54:05.643673+00:00
dev2,24.366107471739067,4.940326608437452,19.425780863301615,29.30643408017652,19.425780863301615,42.26022494284259,6.495919729834874,35.76430521300772,48.756144672677465,35.76430521300772,420.37949282840594,116.25627593731798,304.12321689108796,536.6357687657239,304.12321689108796,947.8560442099741,0.0,947.8560442099741,947.8560442099741,947.8560442099741,6.685807618731471,0.0,6.685807618731471,6.685807618731471,6.685807618731471,717.2629048304311,56.318081331742576,660.9448234986885,773.5809861621736,660.9448234986885,2025-11-27T07:54:05.647290+00:00
dev2,24.366107471739067,4.940326608437452,19.425780863301615,29.30643408017652,19.425780863301615,42.26022494284259,6.495919729834874,35.76430521300772,48.756144672677465,35.76430521300772,420.37949282840594,116.25627593731798,304.12321689108796,536.6357687657239,304.12321689108796,673.7801583754873,274.0758858344868,399.7042725410005,947.8560442099741,399.7042725410005,6.685807618731471,0.0,6.685807618731471,6.685807618731471,6.685807618731471,660.9448234986885,0.0,660.9448234986885,660.9448234986885,660.9448234986885,2025-11-27T07:54:05.650781+00:00
dev2,19.425780863301615,0.0,19.425780863301615,19.425780863301615,19.425780863301615,42.26022494284259,6.495919729834874,35.76430521300772,48.756144672677465,35.76430521300772,420.37949282840594,116.25627593731798,304.12321689108796,536.6357687657239,304.12321689108796,673.7801583754873,274.0758858344868,399.7042725410005,947.8560442099741,399.7042725410005,6.651273284374118,0.0345343343573532,6.616738950016765,6.685807618731471,6.616738950016765,660.9448234986885,0.0,660.9448234986885,660.9448234986885,660.9448234986885,2025-11-27T07:54:05.654512+00:00
dev3,23.84271850119346,3.310621598120326,20.532096903073136,27.153340099313787,27.153340099313787,44.99736803891457,3.243828407879004,41.753539631035565,48.24119644679357,48.24119644679357,452.62454912407674,43.418496869152705,409.20605225492403,496.04304599322944,496.04304599322944,1100.0611186290016,0.0,1100.0611186290016,1100.0611186290016,1100.0611186290016,6.1308872550223885,0.0,6.1308872550223885,6.1308872550223885,6.1308872550223885,650.9828111160401,0.0,650.9828111160401,650.9828111160401,650.9828111160401,2025-11-27T07:53:21.037617+00:00
dev3,25.9783304504397,1.1750096488740862,24.803320801565615,27.153340099313787,24.803320801565615,44.99736803891457,3.243828407879004,41.753539631035565,48.24119644679357,48.24119644679357,452.62454912407674,43.418496869152705,409.20605225492403,496.04304599322944,496.04304599322944,1100.0611186290016,0.0,1100.0611186290016,1100.0611186290016,1100.0611186290016,6.1308872550223885,0.0,6.1308872550223885,6.1308872550223885,6.1308872550223885,650.9828111160401,0.0,650.9828111160401,650.9828111160401,650.9828111160401,2025-11-27T07:53:23.254580+00:00
dev3,25.9783304504397,1.1750096488740862,24.803320801565615,27.153340099313787,24.803320801565615,57.145292791102264,8.904096344308694,48.24119644679357,66.04938913541096,66.04938913541096,452.62454912407674,43.418496869152705,409.20605225492403,496.04304599322944,496.04304599322944,1100.0611186290016,0.0,1100.0611186290016,1100.0611186290016,1100.0611186290016,6.1308872550223885,0.0,6.1308872550223885,6.1308872550223885,6.1308872550223885,650.9828111160401,0.0,650.9828111160401,650.9828111160401,650.9828111160401,2025-11-27T07:53:23.258574+00:00
dev3,25.9783304504397,1.1750096488740862,24.803320801565615,27.153340099313787,24.803320801565615,57.145292791102264,8.904096344308694,48.24119644679357,66.04938913541096,66.04938913541096,539.6980804497769,43.655034456547384,496.04304599322944,583.3531149063242,583.3531149063242,1100.0611186290016,0.0,1100.0611186290016,1100.0611186290016,1100.0611186290016,6.1308872550223885,0.0,6.1308872550223885,6.1308872550223885,6.1308872550223885,650.9828111160401,0.0,650.9828111160401,650.9828111160401,650.9828111160401,2025-11-27T07:53:23.262188+00:00
dev3,25.9783304504397,1.1750096488740862,24.803320801565615,27.153340099313787,24.803320801565615,57.145292791102264,8.904096344308694,48.24119644679357,66.04938913541096,66.04938913541096,539.6980804497769,43.655034456547384,496.04304599322944,583.3531149063242,583.3531149063242,1021.2383475057507,78.8227711232509,942.4155763824998,1100.0611186290016,942.4155763824998,6.1308872550223885,0.0,6.1308872550223885,6.1308872550223885,6.1308872550223885,650.9828111160401,0.0,650.9828111160401,650.9828111160401,650.9828111160401,2025-11-27T07:53:23.266184+00:00
dev3,24.803320801565615,0.0,24.803320801565615,24.803320801565615,24.803320801565615,57.145292791102264,8.904096344308694,48.24119644679357,66.04938913541096,66.04938913541096,539.6980804497769,43.655034456547384,496.04304599322944,583.3531149063242,583.3531149063242,1021.2383475057507,78.8227711232509,942.4155763824998,1100.0611186290016,942.4155763824998,6.4251854040386736,0.2942981490162855,6.1308872550223885,6.7194835530549595,6.7194835530549595,650.9828111160401,0.0,650.9828111160401,650.9828111160401,650.9828111160401,2025-11-27T07:53:23.270410+00:00
dev3,24.803320801565615,0.0,24.803320801565615,24.803320801565615,24.803320801565615,66.04938913541096,0.0,66.04938913541096,66.04938913541096,66.04938913541096,539.6980804497769,43.655034456547384,496.04304599322944,583.3531149063242,583.3531149063242,1021.2383475057507,78.8227711232509,942.4155763824998,1100.0611186290016,942.4155763824998,6.4251854040386736,0.2942981490162855,6.1308872550223885,6.7194835530549595,6.7194835530549595,752.7059320913113,101.72312097527123,650.9828111160401,854.4290530665826,854.4290530665826,2025-11-27T07:53:23.274720+00:00
dev3,23.590767946143963,1.212552855421654,22.378215090722307,24.803320801565615,22.378215090722307,66.04938913541096,0.0,66.04938913541096,66.04938913541096,66.04938913541096,583.3531149063242,0.0,583.3531149063242,583.3531149063242,583.3531149063242,1021.2383475057507,78.8227711232509,942.4155763824998,1100.0611186290016,942.4155763824998,6.4251854040386736,0.2942981490162855,6.1308872550223885,6.7194835530549595,6.7194835530549595,752.7059320913113,101.72312097527123,650.9828111160401,854.4290530665826,854.4290530665826,2025-11-27T07:53:25.476412+00:00
dev3,23.590767946143963,1.212552855421654,22.378215090722307,24.803320801565615,22.378215090722307,57.64537833690918,8.40401079850178,49.2413675384074,66.04938913541096,49.2413675384074,583.3531149063242,0.0,583.3531149063242,583.3531149063242,583.3531149063242,942.4155763824998,0.0,942.4155763824998,942.4155763824998,942.4155763824998,6.4251854040386736,0.2942981490162855,6.1308872550223885,6.7194835530549595,6.7194835530549595,752.7059320913113,101.72312097527123,650.9828111160401,854.4290530665826,854.4290530665826,2025-11-27T07:53:25.480251+00:00
dev3,23.590767946143963,1.212552855421654,22.378215090722307,24.803320801565615,22.378215090722307,57.64537833690918,8.40401079850178,49.2413675384074,66.04938913541096,49.2413675384074,514.6443415712313,68.70877333509293,445.93556823613835,583.3531149063242,445.93556823613835,942.4155763824998,0.0,942.4155763824998,942.4155763824998,942.4155763824998,6.7194835530549595,0.0,6.7194835530549595,6.7194835530549595,6.7194835530549595,752.7059320913113,101.72312097527123,650.9828111160401,854.4290530665826,854.4290530665826,2025-11-27T07:53:25.483863+00:00
dev3,23.590767946143963,1.212552855421654,22.378215090722307,24.803320801565615,22.378215090722307,57.64537833690918,8.40401079850178,49.2413675384074,66.04938913541096,49.2413675384074,514.6443415712313,68.70877333509293,445.93556823613835,583.3531149063242,445.93556823613835,1162.1844471899926,219.76887080749276,942.4155763824998,1381.9533179974853,1381.9533179974853,6.7194835530549595,0.0,6.7194835530549595,6.7194835530549595,6.7194835530549595,854.4290530665826,0.0,854.4290530665826,854.4290530665826,854.4290530665826,2025-11-27T07:53:25.487358+00:00
dev3,22.378215090722307,0.0,22.378215090722307,22.378215090722307,22.378215090722307,57.64537833690918,8.40401079850178,49.2413675384074,66.04938913541096,49.2413675384074,514.6443415712313,68.70877333509293,445.93556823613835,583.3531149063242,445.93556823613835,1162.1844471899926,219.76887080749276,942.4155763824998,1381.9533179974853,1381.9533179974853,6.515992743413947,0.2034908096410124,6.312501933772935,6.7194835530549595,6.312501933772935,854.4290530665826,0.0,854.4290530665826,854.4290530665826,854.4290530665826,2025-11-27T07:53:25.490991+00:00
dev3,22.378215090722307,0.0,22.378215090722307,22.378215090722307,22.378215090722307,49.2413675384074,0.0,49.2413675384074,49.2413675384074,49.2413675384074,514.6443415712313,68.70877333509293,445.93556823613835,583.3531149063242,445.93556823613835,1162.1844471899926,219.76887080749276,942.4155763824998,1381.9533179974853,1381.9533179974853,6.515992743413947,0.2034908096410124,6.312501933772935,6.7194835530549595,6.312501933772935,762.6728701086671,91.75618295791548,670.9166871507516,854.4290530665826,670.9166871507516,2025-11-27T07:53:25.494890+00:00
dev3,24.79078916281603,2.4125740720937223,22.378215090722307,27.20336323490975,27.20336323490975,49.2413675384074,0.0,49.2413675384074,49.2413675384074,49.2413675384074,445.93556823613835,0.0,445.93556823613835,445.93556823613835,445.93556823613835,1162.1844471899926,219.76887080749276,942.4155763824998,1381.9533179974853,1381.9533179974853,6.515992743413947,0.2034908096410124,6.312501933772935,6.7194835530549595,6.312501933772935,762.6728701086671,91.75618295791548,670.9166871507516,854.4290530665826,670.9166871507516,2025-11-27T07:53:27.684649+00:00
dev3,24.79078916281603,2.4125740720937223,22.378215090722307,27.20336323490975,27.20336323490975,57.33244402422319,8.09107648581579,49.2413675384074,65.42352051003898,65.42352051003898,445.93556823613835,0.0,445.93556823613835,445.93556823613835,445.93556823613835,1381.9533179974853,0.0,1381.9533179974853,1381.9533179974853,1381.9533179974853,6.515992743413947,0.2034908096410124,6.312501933772935,6.7194835530549595,6.312501933772935,762.6728701086671,91.75618295791548,670.9166871507516,854.4290530665826,670.9166871507516,2025-11-27T07:53:27.688437+00:00
dev3,24.79078916281603,2.4125740720937223,22.378215090722307,27.20336323490975,27.20336323490975,57.33244402422319,8.09107648581579,49.2413675384074,65.42352051003898,65.42352051003898,360.52814997217865,85.40741826395967,275.120731708219,445.93556823613835,275.120731708219,1381.9533179974853,0.0,1381.9533179974853,1381.9533179974853,1381.9533179974853,6.312501933772935,0.0,6.312501933772935,6.312501933772935,6.312501933772935,762.6728701086671,91.75618295791548,670.9166871507516,854.4290530665826,670.9166871507516,2025-11-27T07:53:27.691811+00:00
dev3,24.79078916281603,2.4125740720937223,22.378215090722307,27.20336323490975,27.20336323490975,57.33244402422319,8.09107648581579,49.2413675384074,65.42352051003898,65.42352051003898,360.52814997217865,85.40741826395967,275.120731708219,445.93556823613835,275.120731708219,1217.7245842430307,164.22873375445465,1053.495850488576,1381.9533179974853,1053.495850488576,6.312501933772935,0.0,6.312501933772935,6.312501933772935,6.312501933772935,670.9166871507516,0.0,670.9166871507516,670.9166871507516,670.9166871507516,2025-11-27T07:53:27.695418+00:00
dev3,27.20336323490975,0.0,27.20336323490975,27.20336323490975,27.20336323490975,57.33244402422319,8.09107648581579,49.2413675384074,65.42352051003898,65.42352051003898,360.52814997217865,85.40741826395967,275.120731708219,445.93556823613835,275.120731708219,1217.7245842430307,164.22873375445465,1053.495850488576,1381.9533179974853,1053.495850488576,6.394492231536006,0.08199029776307132,6.312501933772935,6.476482529299077,6.476482529299077,670.9166871507516,0.0,670.9166871507516,670.9166871507516,670.9166871507516,2025-11-27T07:53:27.699143+00:00
dev3,27.20336323490975,0.0,27.20336323490975,27.20336323490975,27.20336323490975,65.42352051003898,0.0,65.42352051003898,65.42352051003898,65.42352051003898,360.52814997217865,85.40741826395967,275.120731708219,445.93556823613835,275.120731708219,1217.7245842430307,164.22873375445465,1053.495850488576,1381.9533179974853,1053.495850488576,6.394492231536006,0.08199029776307132,6.312501933772935,6.476482529299077,6.476482529299077,687.7758561892076,16.859169038456002,670.9166871507516,704.6350252276636,704.6350252276636,2025-11-27T07:53:27.702957+00:00
dev3,26.851608710090385,0.3517545248193663,26.49985418527102,27.20336323490975,26.49985418527102,65.42352051003898,0.0,65.42352051003898,65.42352051003898,65.42352051003898,275.120731708219,0.0,275.120731708219,275.120731708219,275.120731708219,1217.7245842430307,164.22873375445465,1053.495850488576,1381.9533179974853,1053.495850488576,6.394492231536006,0.08199029776307132,6.312501933772935,6.476482529299077,6.476482529299077,687.7758561892076,16.859169038456002,670.9166871507516,704.6350252276636,704.6350252276636,2025-11-27T07:53:29.907823+00:00
dev3,26.851608710090385,0.3517545248193663,26.49985418527102,27.20336323490975,26.49985418527102,58.3981369875235,7.0253835225154795,51.372753465008024,65.42352051003898,51.372753465008024,275.120731708219,0.0,275.120731708219,275.120731708219,275.120731708219,1053.495850488576,0.0,1053.495850488576,1053.495850488576,1053.495850488576,6.394492231536006,0.08199029776307132,6.312501933772935,6.476482529299077,6.476482529299077,687.7758561892076,16.859169038456002,670.9166871507516,704.6350252276636,704.6350252276636,2025-11-27T07:53:29.911605+00:00
dev3,26.851608710090385,0.3517545248193663,26.49985418527102,27.20336323490975,26.49985418527102,58.3981369875235,7.0253835225154795,51.372753465008024,65.42352051003898,51.372753465008024,440.5433798211916,165.4226481129726,275.120731708219,605.9660279341642,605.9660279341642,1053.495850488576,0.0,1053.495850488576,1053.495850488576,1053.495850488576,6.476482529299077,0.0,6.476482529299077,6.476482529299077,6.476482529299077,687.7758561892076,16.859169038456002,670.9166871507516,704.6350252276636,704.6350252276636,2025-11-27T07:53:29.915675+00:00
dev3,26.851608710090385,0.3517545248193663,26.49985418527102,27.20336323490975,26.49985418527102,58.3981369875235,7.0253835225154795,51.372753465008024,65.42352051003898,51.372753465008024,440.5433798211916,165.4226481129726,275.120731708219,605.9660279341642,605.9660279341642,1053.126116838348,0.3697336502281132,1052.7563831881198,1053.495850488576,1052.7563831881198,6.476482529299077,0.0,6.476482529299077,6.476482529299077,6.476482529299077,704.6350252276636,0.0,704.6350252276636,704.6350252276636,704.6350252276636,2025-11-27T07:53:29.919270+00:00
dev3,26.49985418527102,0.0,26.49985418527102,26.49985418527102,26.49985418527102,58.3981369875235,7.0253835225154795,51.372753465008024,65.42352051003898,51.372753465008024,440.5433798211916,165.4226481129726,275.120731708219,605.9660279341642,605.9660279341642,1053.126116838348,0.3697336502281132,1052.7563831881198,1053.495850488576,1052.7563831881198,6.754088617523694,0.2776060882246165,6.476482529299077,7.03169470574831,7.03169470574831,704.6350252276636,0.0,704.6350252276636,704.6350252276636,704.6350252276636,2025-11-27T07:53:29.922749+00:00
dev3,26.49985418527102,0.0,26.49985418527102,26.49985418527102,26.49985418527102,51.372753465008024,0.0,51.372753465008024,51.372753465008024,51.372753465008024,440.5433798211916,165.4226481129726,275.120731708219,605.9660279341642,605.9660279341642,1053.126116838348,0.3697336502281132,1052.7563831881198,1053.495850488576,1052.7563831881198,6.754088617523694,0.2776060882246165,6.476482529299077,7.03169470574831,7.03169470574831,751.3988414724479,46.763816244784266,704.6350252276636,798.1626577172322,798.1626577172322,2025-11-27T07:53:29.926204+00:00
dev3,23.828831747103706,2.671022438167311,21.157809308936397,26.49985418527102,21.157809308936397,51.372753465008024,0.0,51.372753465008024,51.372753465008024,51.372753465008024,605.9660279341642,0.0,605.9660279341642,605.9660279341642,605.9660279341642,1053.126116838348,0.3697336502281132,1052.7563831881198,1053.495850488576,1052.7563831881198,6.754088617523694,0.2776060882246165,6.476482529299077,7.03169470574831,7.03169470574831,751.3988414724479,46.763816244784266,704.6350252276636,798.1626577172322,798.1626577172322,2025-11-27T07:53:32.128570+00:00
dev3,23.828831747103706,2.671022438167311,21.157809308936397,26.49985418527102,21.157809308936397,51.74504957968958,0.37229611468155355,51.372753465008024,52.11734569437113,52.11734569437113,605.9660279341642,0.0,605.9660279341642,605.9660279341642,605.9660279341642,1052.7563831881198,0.0,1052.7563831881198,1052.7563831881198,1052.7563831881198,6.754088617523694,0.2776060882246165,6.476482529299077,7.03169470574831,7.03169470574831,751.3988414724479,46.763816244784266,704.6350252276636,798.1626577172322,798.1626577172322,2025-11-27T07:53:32.132270+00:00
dev3,23.828831747103706,2.671022438167311,21.157809308936397,26.49985418527102,21.157809308936397,51.74504957968958,0.37229611468155355,51.372753465008024,52.11734569437113,52.11734569437113,600.3234966819059,5.6425312522583795,594.6809654296475,605.9660279341642,594.6809654296475,1052.7563831881198,0.0,1052.7563831881198,1052.7563831881198,1052.7563831881198,7.03169470574831,0.0,7.03169470574831,7.03169470574831,7.03169470574831,751.3988414724479,46.763816244784266,704.6350252276636,798.1626577172322,798.1626577172322,2025-11-27T07:53:32.135811+00:00
dev3,23.828831747103706,2.671022438167311,21.157809308936397,26.49985418527102,21.157809308936397,51.74504957968958,0.37229611468155355,51.372753465008024,52.11734569437113,52.11734569437113,600.3234966819059,5.6425312522583795,594.6809654296475,605.9660279341642,594.6809654296475,1345.941820557504,293.1854373693841,1052.7563831881198,1639.127257926888,1639.127257926888,7.03169470574831,0.0,7.03169470574831,7.03169470574831,7.03169470574831,798.1626577172322,0.0,798.1626577172322,798.1626577172322,798.1626577172322,2025-11-27T07:53:32.139352+00:00
dev3,21.157809308936397,0.0,21.157809308936397,21.157809308936397,21.157809308936397,51.74504957968958,0.37229611468155355,51.372753465008024,52.11734569437113,52.11734569437113,600.3234966819059,5.6425312522583795,594.6809654296475,605.9660279341642,594.6809654296475,1345.941820557504,293.1854373693841,1052.7563831881198,1639.127257926888,1639.127257926888,6.473539989705543,0.5581547160427678,5.915385273662775,7.03169470574831,5.915385273662775,798.1626577172322,0.0,798.1626577172322,798.1626577172322,798.1626577172322,2025-11-27T07:53:32.143507+00:00
dev3,21.157809308936397,0.0,21.157809308936397,21.157809308936397,21.157809308936397,52.11734569437113,0.0,52.11734569437113,52.11734569437113,52.11734569437113,600.3234966819059,5.6425312522583795,594.6809654296475,605.9660279341642,594.6809654296475,1345.941820557504,293.1854373693841,1052.7563831881198,1639.127257926888,1639.127257926888,6.473539989705543,0.5581547160427678,5.915385273662775,7.03169470574831,5.915385273662775,754.7136380062625,43.44901971096965,711.2646182952928,798.1626577172322,711.2646182952928,2025-11-27T07:53:32.147221+00:00
dev3,22.97476743408164,1.8169581251452431,21.157809308936397,24.791725559226883,24.791725559226883,52.11734569437113,0.0,52.11734569437113,52.11734569437113,52.11734569437113,594.6809654296475,0.0,594.6809654296475,594.6809654296475,594.6809654296475,1345.941820557504,293.1854373693841,1052.7563831881198,1639.127257926888,1639.127257926888,6.473539989705543,0.5581547160427678,5.915385273662775,7.03169470574831,5.915385273662775,754.7136380062625,43.44901971096965,711.2646182952928,798.1626577172322,711.2646182952928,2025-11-27T07:53:34.338468+00:00
dev3,22.97476743408164,1.8169581251452431,21.157809308936397,24.791725559226883,24.791725559226883,55.70859551307157,3.5912498187004367,52.11734569437113,59.299845331772005,59.299845331772005,594.6809654296475,0.0,594.6809654296475,594.6809654296475,594.6809654296475,1639.127257926888,0.0,1639.127257926888,1639.127257926888,1639.127257926888,6.473539989705543,0.5581547160427678,5.915385273662775,7.03169470574831,5.915385273662775,754.7136380062625,43.44901971096965,711.2646182952928,798.1626577172322,711.2646182952928,2025-11-27T07:53:34.342022+00:00
dev3,22.97476743408164,1.8169581251452431,21.157809308936397,24.791725559226883,24.791725559226883,55.70859551307157,3.5912498187004367,52.11734569437113,59.299845331772005,59.299845331772005,597.9051139536489,3.224148524001464,594.6809654296475,601.1292624776504,601.1292624776504,1639.127257926888,0.0,1639.127257926888,1639.127257926888,1639.127257926888,5.915385273662775,0.0,5.915385273662775,5.915385273662775,5.915385273662775,754.7136380062625,43.44901971096965,711.2646182952928,798.1626577172322,711.2646182952928,2025-11-27T07:53:34.345591+00:00
dev3,22.97476743408164,1.8169581251452431,21.157809308936397,24.791725559226883,24.791725559226883,55.70859551307157,3.5912498187004367,52.11734569437113,59.299845331772005,59.299845331772005,597.9051139536489,3.224148524001464,594.6809654296475,601.1292624776504,601.1292624776504,1632.2175955366672,6.909662390220774,1625.3079331464464,1639.127257926888,1625.3079331464464,5.915385273662775,0.0,5.915385273662775,5.915385273662775,5.915385273662775,711.2646182952928,0.0,711.2646182952928,711.2646182952928,711.2646182952928,2025-11-27T07:53:34.349203+00:00
dev3,24.791725559226883,0.0,24.791725559226883,24.791725559226883,24.791725559226883,55.70859551307157,3.5912498187004367,52.11734569437113,59.299845331772005,59.299845331772005,597.9051139536489,3.224148524001464,594.6809654296475,601.1292624776504,601.1292624776504,1632.2175955366672,6.909662390220774,1625.3079331464464,1639.127257926888,1625.3079331464464,6.239407099654154,0.3240218259913794,5.915385273662775,6.563428925645534,6.563428925645534,711.2646182952928,0.0,711.2646182952928,711.2646182952928,711.2646182952928,2025-11-27T07:53:34.352850+00:00
dev3,24.791725559226883,0.0,24.791725559226883,24.791725559226883,24.791725559226883,59.299845331772005,0.0,59.299845331772005,59.299845331772005,59.299845331772005,597.9051139536489,3.224148524001464,594.6809654296475,601.1292624776504,601.1292624776504,1632.2175955366672,6.909662390220774,1625.3079331464464,1639.127257926888,1625.3079331464464,6.239407099654154,0.3240218259913794,5.915385273662775,6.563428925645534,6.563428925645534,571.194925057283,140.06969323800993,431.125231819273,711.2646182952928,431.125231819273,2025-11-27T07:53:34.356404+00:00
dev3,42.71910787297373,17.927382313746847,24.791725559226883,60.64649018672058,60.64649018672058,59.299845331772005,0.0,59.299845331772005,59.299845331772005,59.299845331772005,601.1292624776504,0.0,601.1292624776504,601.1292624776504,601.1292624776504,1632.2175955366672,6.909662390220774,1625.3079331464464,1639.127257926888,1625.3079331464464,6.239407099654154,0.3240218259913794,5.915385273662775,6.563428925645534,6.563428925645534,571.194925057283,140.06969323800993,431.125231819273,711.2646182952928,431.125231819273,2025-11-27T07:53:36.594718+00:00
dev3,42.71910787297373,17.927382313746847,24.791725559226883,60.64649018672058,60.64649018672058,103.1401755659549,43.84033023418289,59.299845331772005,146.9805058001378,146.9805058001378,601.1292624776504,0.0,601.1292624776504,601.1292624776504,601.1292624776504,1625.3079331464464,0.0,1625.3079331464464,1625.3079331464464,1625.3079331464464,6.239407099654154,0.3240218259913794,5.915385273662775,6.563428925645534,6.563428925645534,571.194925057283,140.06969323800993,431.125231819273,711.2646182952928,431.125231819273,2025-11-27T07:53:36.600896+00:00
dev3,42.71910787297373,17.927382313746847,24.791725559226883,60.64649018672058,60.64649018672058,103.1401755659549,43.84033023418289,59.299845331772005,146.9805058001378,146.9805058001378,60.99955070261751,540.1297117750329,-479.1301610724154,601.1292624776504,-479.1301610724154,1625.3079331464464,0.0,1625.3079331464464,1625.3079331464464,1625.3079331464464,6.563428925645534,0.0,6.563428925645534,6.563428925645534,6.563428925645534,571.194925057283,140.06969323800993,431.125231819273,711.2646182952928,431.125231819273,2025-11-27T07:53:36.607480+00:00
dev3,42.71910787297373,17.927382313746847,24.791725559226883,60.64649018672058,60.64649018672058,103.1401755659549,43.84033023418289,59.299845331772005,146.9805058001378,146.9805058001378,60.99955070261751,540.1297117750329,-479.1301610724154,601.1292624776504,-479.1301610724154,4101.951387300132,2476.6434541536855,1625.3079331464464,6578.594841453818,6578.594841453818,6.563428925645534,0.0,6.563428925645534,6.563428925645534,6.563428925645534,431.125231819273,0.0,431.125231819273,431.125231819273,431.125231819273,2025-11-27T07:53:36.613750+00:00
dev3,60.64649018672058,0.0,60.64649018672058,60.64649018672058,60.64649018672058,103.1401755659549,43.84033023418289,59.299845331772005,146.9805058001378,146.9805058001378,60.99955070261751,540.1297117750329,-479.1301610724154,601.1292624776504,-479.1301610724154,4101.951387300132,2476.6434541536855,1625.3079331464464,6578.594841453818,6578.594841453818,8.954198112477927,2.3907691868323937,6.563428925645534,11.344967299310321,11.344967299310321,431.125231819273,0.0,431.125231819273,431.125231819273,431.125231819273,2025-11-27T07:53:36.619636+00:00
dev3,60.64649018672058,0.0,60.64649018672058,60.64649018672058,60.64649018672058,146.9805058001378,0.0,146.9805058001378,146.9805058001378,146.9805058001378,60.99955070261751,540.1297117750329,-479.1301610724154,601.1292624776504,-479.1301610724154,4101.951387300132,2476.6434541536855,1625.3079331464464,6578.594841453818,6578.594841453818,8.954198112477927,2.3907691868323937,6.563428925645534,11.344967299310321,11.344967299310321,-223.23605679914343,654.3612886184164,-877.5973454175598,431.125231819273,-877.5973454175598,2025-11-27T07:53:36.625377+00:00
dev3,17.302113867301212,43.34437631941937,-26.042262452118152,60.64649018672058,-26.042262452118152,146.9805058001378,0.0,146.9805058001378,146.9805058001378,146.9805058001378,-479.1301610724154,0.0,-479.1301610724154,-479.1301610724154,-479.1301610724154,4101.951387300132,2476.6434541536855,1625.3079331464464,6578.594841453818,6578.594841453818,8.954198112477927,2.3907691868323937,6.563428925645534,11.344967299310321,11.344967299310321,-223.23605679914343,654.3612886184164,-877.5973454175598,431.125231819273,-877.5973454175598,2025-11-27T07:53:38.847658+00:00
dev3,17.302113867301212,43.34437631941937,-26.042262452118152,60.64649018672058,-26.042262452118152,31.805224012794355,115.17528178734344,-83.37005777454908,146.9805058001378,-83.37005777454908,-479.1301610724154,0.0,-479.1301610724154,-479.1301610724154,-479.1301610724154,6578.594841453818,0.0,6578.594841453818,6578.594841453818,6578.594841453818,8.954198112477927,2.3907691868323937,6.563428925645534,11.344967299310321,11.344967299310321,-223.23605679914343,654.3612886184164,-877.5973454175598,431.125231819273,-877.5973454175598,2025-11-27T07:53:38.851356+00:00
dev3,17.302113867301212,43.34437631941937,-26.042262452118152,60.64649018672058,-26.042262452118152,31.805224012794355,115.17528178734344,-83.37005777454908,146.9805058001378,-83.37005777454908,-715.4565658053996,236.3264047329842,-951.7829705383838,-479.1301610724154,-951.7829705383838,6578.594841453818,0.0,6578.594841453818,6578.594841453818,6578.594841453818,11.344967299310321,0.0,11.344967299310321,11.344967299310321,11.344967299310321,-223.23605679914343,654.3612886184164,-877.5973454175598,431.125231819273,-877.5973454175598,2025-11-27T07:53:38.854856+00:00
dev3,17.302113867301212,43.34437631941937,-26.042262452118152,60.64649018672058,-26.042262452118152,31.805224012794355,115.17528178734344,-83.37005777454908,146.9805058001378,-83.37005777454908,-715.4565658053996,236.3264047329842,-951.7829705383838,-479.1301610724154,-951.7829705383838,983.664225500077,5594.930615953741,-4611.266390453664,6578.594841453818,-4611.266390453664,11.344967299310321,0.0,11.344967299310321,11.344967299310321,11.344967299310321,-877.5973454175598,0.0,-877.5973454175598,-877.5973454175598,-877.5973454175598,2025-11-27T07:53:38.858432+00:00
dev3,-26.042262452118152,0.0,-26.042262452118152,-26.042262452118152,-26.042262452118152,31.805224012794355,115.17528178734344,-83.37005777454908,146.9805058001378,-83.37005777454908,-715.4565658053996,236.3264047329842,-951.7829705383838,-479.1301610724154,-951.7829705383838,983.664225500077,5594.930615953741,-4611.266390453664,6578.594841453818,-4611.266390453664,10.703351699088227,0.6416156002220932,10.061736098866135,11.344967299310321,10.061736098866135,-877.5973454175598,0.0,-877.5973454175598,-877.5973454175598,-877.5973454175598,2025-11-27T07:53:38.862229+00:00
dev3,-26.042262452118152,0.0,-26.042262452118152,-26.042262452118152,-26.042262452118152,-83.37005777454908,0.0,-83.37005777454908,-83.37005777454908,-83.37005777454908,-715.4565658053996,236.3264047329842,-951.7829705383838,-479.1301610724154,-951.7829705383838,983.664225500077,5594.930615953741,-4611.266390453664,6578.594841453818,-4611.266390453664,10.703351699088227,0.6416156002220932,10.061736098866135,11.344967299310321,10.061736098866135,-1261.0599971847605,383.4626517672008,-1644.5226489519614,-877.5973454175598,-1644.5226489519614,2025-11-27T07:53:38.865642+00:00
dev3,24.081694080350083,50.123956532468235,-26.042262452118152,74.20565061281832,74.20565061281832,-83.37005777454908,0.0,-83.37005777454908,-83.37005777454908,-83.37005777454908,-951.7829705383838,0.0,-951.7829705383838,-951.7829705383838,-951.7829705383838,983.664225500077,5594.930615953741,-4611.266390453664,6578.594841453818,-4611.266390453664,10.703351699088227,0.6416156002220932,10.061736098866135,11.344967299310321,10.061736098866135,-1261.0599971847605,383.4626517672008,-1644.5226489519614,-877.5973454175598,-1644.5226489519614,2025-11-27T07:53:41.059162+00:00
dev3,24.081694080350083,50.123956532468235,-26.042262452118152,74.20565061281832,74.20565061281832,-69.47161684920509,13.89844092534399,-83.37005777454908,-55.5731759238611,-55.5731759238611,-951.7829705383838,0.0,-951.7829705383838,-951.7829705383838,-951.7829705383838,-4611.266390453664,0.0,-4611.266390453664,-4611.266390453664,-4611.266390453664,10.703351699088227,0.6416156002220932,10.061736098866135,11.344967299310321,10.061736098866135,-1261.0599971847605,383.4626517672008,-1644.5226489519614,-877.5973454175598,-1644.5226489519614,2025-11-27T07:53:41.063493+00:00
dev3,24.081694080350083,50.123956532468235,-26.042262452118152,74.20565061281832,74.20565061281832,-69.47161684920509,13.89844092534399,-83.37005777454908,-55.5731759238611,-55.5731759238611,-853.1707429057021,98.61222763268165,-951.7829705383838,-754.5585152730205,-754.5585152730205,-4611.266390453664,0.0,-4611.266390453664,-4611.266390453664,-4611.266390453664,10.061736098866135,0.0,10.061736098866135,10.061736098866135,10.061736098866135,-1261.0599971847605,383.4626517672008,-1644.5226489519614,-877.5973454175598,-1644.5226489519614,2025-11-27T07:53:41.067144+00:00
dev3,24.081694080350083,50.123956532468235,-26.042262452118152,74.20565061281832,74.20565061281832,-69.47161684920509,13.89844092534399,-83.37005777454908,-55.5731759238611,-55.5731759238611,-853.1707429057021,98.61222763268165,-951.7829705383838,-754.5585152730205,-754.5585152730205,-3430.1544995015274,1181.1118909521365,-4611.266390453664,-2249.042608549391,-2249.042608549391,10.061736098866135,0.0,10.061736098866135,10.061736098866135,10.061736098866135,-1644.5226489519614,0.0,-1644.5226489519614,-1644.5226489519614,-1644.5226489519614,2025-11-27T07:53:41.073041+00:00
dev3,74.20565061281832,0.0,74.20565061281832,74.20565061281832,74.20565061281832,-69.47161684920509,13.89844092534399,-83.37005777454908,-55.5731759238611,-55.5731759238611,-853.1707429057021,98.61222763268165,-951.7829705383838,-754.5585152730205,-754.5585152730205,-3430.1544995015274,1181.1118909521365,-4611.266390453664,-2249.042608549391,-2249.042608549391,5.749043251486577,4.312692847379558,1.436350404107019,10.061736098866135,1.436350404107019,-1644.5226489519614,0.0,-1644.5226489519614,-1644.5226489519614,-1644.5226489519614,2025-11-27T07:53:41.077078+00:00
dev3,74.20565061281832,0.0,74.20565061281832,74.20565061281832,74.20565061281832,-55.5731759238611,0.0,-55.5731759238611,-55.5731759238611,-55.5731759238611,-853.1707429057021,98.61222763268165,-951.7829705383838,-754.5585152730205,-754.5585152730205,-3430.1544995015274,1181.1118909521365,-4611.266390453664,-2249.042608549391,-2249.042608549391,5.749043251486577,4.312692847379558,1.436350404107019,10.061736098866135,1.436350404107019,-1595.7580971787277,48.764551773233734,-1644.5226489519614,-1546.993545405494,-1546.993545405494,2025-11-27T07:53:41.080933+00:00
dev3,24.97201836542783,49.23363224739049,-24.26161388196266,74.20565061281832,-24.26161388196266,-55.5731759238611,0.0,-55.5731759238611,-55.5731759238611,-55.5731759238611,-754.5585152730205,0.0,-754.5585152730205,-754.5585152730205,-754.5585152730205,-3430.1544995015274,1181.1118909521365,-4611.266390453664,-2249.042608549391,-2249.042608549391,5.749043251486577,4.312692847379558,1.436350404107019,10.061736098866135,1.436350404107019,-1595.7580971787277,48.764551773233734,-1644.5226489519614,-1546.993545405494,-1546.993545405494,2025-11-27T07:53:43.350080+00:00
dev3,24.97201836542783,49.23363224739049,-24.26161388196266,74.20565061281832,-24.26161388196266,48.08502510278299,103.6582010266441,-55.5731759238611,151.7432261294271,151.7432261294271,-754.5585152730205,0.0,-754.5585152730205,-754.5585152730205,-754.5585152730205,-2249.042608549391,0.0,-2249.042608549391,-2249.042608549391,-2249.042608549391,5.749043251486577,4.312692847379558,1.436350404107019,10.061736098866135,1.436350404107019,-1595.7580971787277,48.764551773233734,-1644.5226489519614,-1546.993545405494,-1546.993545405494,2025-11-27T07:53:43.356954+00:00
dev3,24.97201836542783,49.23363224739049,-24.26161388196266,74.20565061281832,-24.26161388196266,48.08502510278299,103.6582010266441,-55.5731759238611,151.7432261294271,151.7432261294271,-986.1956331712308,231.63711789821036,-1217.8327510694412,-754.5585152730205,-1217.8327510694412,-2249.042608549391,0.0,-2249.042608549391,-2249.042608549391,-2249.042608549391,1.436350404107019,0.0,1.436350404107019,1.436350404107019,1.436350404107019,-1595.7580971787277,48.764551773233734,-1644.5226489519614,-1546.993545405494,-1546.993545405494,2025-11-27T07:53:43.362912+00:00
dev3,24.97201836542783,49.23363224739049,-24.26161388196266,74.20565061281832,-24.26161388196266,48.08502510278299,103.6582010266441,-55.5731759238611,151.7432261294271,151.7432261294271,-986.1956331712308,231.63711789821036,-1217.8327510694412,-754.5585152730205,-1217.8327510694412,2212.2889491321844,4461.331557681575,-2249.042608549391,6673.62050681376,6673.62050681376,1.436350404107019,0.0,1.436350404107019,1.436350404107019,1.436350404107019,-1546.993545405494,0.0,-1546.993545405494,-1546.993545405494,-1546.993545405494,2025-11-27T07:53:43.368501+00:00
dev3,-24.26161388196266,0.0,-24.26161388196266,-24.26161388196266,-24.26161388196266,48.08502510278299,103.6582010266441,-55.5731759238611,151.7432261294271,151.7432261294271,-986.1956331712308,231.63711789821036,-1217.8327510694412,-754.5585152730205,-1217.8327510694412,2212.2889491321844,4461.331557681575,-2249.042608549391,6673.62050681376,6673.62050681376,1.3562903587055612,0.08006004540145772,1.2762303133041035,1.436350404107019,1.2762303133041035,-1546.993545405494,0.0,-1546.993545405494,-1546.993545405494,-1546.993545405494,2025-11-27T07:53:43.374114+00:00
dev3,-24.26161388196266,0.0,-24.26161388196266,-24.26161388196266,-24.26161388196266,151.7432261294271,0.0,151.7432261294271,151.7432261294271,151.7432261294271,-986.1956331712308,231.63711789821036,-1217.8327510694412,-754.5585152730205,-1217.8327510694412,2212.2889491321844,4461.331557681575,-2249.042608549391,6673.62050681376,6673.62050681376,1.3562903587055612,0.08006004540145772,1.2762303133041035,1.436350404107019,1.2762303133041035,851.819527696764,2398.813073102258,-1546.993545405494,3250.632600799022,3250.632600799022,2025-11-27T07:53:43.379575+00:00
dev3,19.693099076017997,43.95471295798066,-24.26161388196266,63.647812033998655,63.647812033998655,151.7432261294271,0.0,151.7432261294271,151.7432261294271,151.7432261294271,-1217.8327510694412,0.0,-1217.8327510694412,-1217.8327510694412,-1217.8327510694412,2212.2889491321844,4461.331557681575,-2249.042608549391,6673.62050681376,6673.62050681376,1.3562903587055612,0.08006004540145772,1.2762303133041035,1.436350404107019,1.2762303133041035,851.819527696764,2398.813073102258,-1546.993545405494,3250.632600799022,3250.632600799022,2025-11-27T07:53:45.620859+00:00
dev3,19.693099076017997,43.95471295798066,-24.26161388196266,63.647812033998655,63.647812033998655,49.005644483719564,102.73758164570752,-53.73193716198796,151.7432261294271,-53.73193716198796,-1217.8327510694412,0.0,-1217.8327510694412,-1217.8327510694412,-1217.8327510694412,6673.62050681376,0.0,6673.62050681376,6673.62050681376,6673.62050681376,1.3562903587055612,0.08006004540145772,1.2762303133041035,1.436350404107019,1.2762303133041035,851.819527696764,2398.813073102258,-1546.993545405494,3250.632600799022,3250.632600799022,2025-11-27T07:53:45.624523+00:00
dev3,19.693099076017997,43.95471295798066,-24.26161388196266,63.647812033998655,63.647812033998655,49.005644483719564,102.73758164570752,-53.73193716198796,151.7432261294271,-53.73193716198796,195.7967378096224,1413.6294888790635,-1217.8327510694412,1609.426226688686,1609.426226688686,6673.62050681376,0.0,6673.62050681376,6673.62050681376,6673.62050681376,1.2762303133041035,0.0,1.2762303133041035,1.2762303133041035,1.2762303133041035,851.819527696764,2398.813073102258,-1546.993545405494,3250.632600799022,3250.632600799022,2025-11-27T07:53:45.628740+00:00
dev3,19.693099076017997,43.95471295798066,-24.26161388196266,63.647812033998655,63.647812033998655,49.005644483719564,102.73758164570752,-53.73193716198796,151.7432261294271,-53.73193716198796,195.7967378096224,1413.6294888790635,-1217.8327510694412,1609.426226688686,1609.426226688686,1987.9744857947185,4685.646021019042,-2697.6715352243227,6673.62050681376,-2697.6715352243227,1.2762303133041035,0.0,1.2762303133041035,1.2762303133041035,1.2762303133041035,3250.632600799022,0.0,3250.632600799022,3250.632600799022,3250.632600799022,2025-11-27T07:53:45.632420+00:00
dev3,63.647812033998655,0.0,63.647812033998655,63.647812033998655,63.647812033998655,49.005644483719564,102.73758164570752,-53.73193716198796,151.7432261294271,-53.73193716198796,195.7967378096224,1413.6294888790635,-1217.8327510694412,1609.426226688686,1609.426226688686,1987.9744857947185,4685.646021019042,-2697.6715352243227,6673.62050681376,-2697.6715352243227,1.2167497538641348,0.05948055943996877,1.157269194424166,1.2762303133041035,1.157269194424166,3250.632600799022,0.0,3250.632600799022,3250.632600799022,3250.632600799022,2025-11-27T07:53:45.635841+00:00
dev3,63.647812033998655,0.0,63.647812033998655,63.647812033998655,63.647812033998655,-53.73193716198796,0.0,-53.73193716198796,-53.73193716198796,-53.73193716198796,195.7967378096224,1413.6294888790635,-1217.8327510694412,1609.426226688686,1609.426226688686,1987.9744857947185,4685.646021019042,-2697.6715352243227,6673.62050681376,-2697.6715352243227,1.2167497538641348,0.05948055943996877,1.157269194424166,1.2762303133041035,1.157269194424166,1067.4079230309922,2183.2246777680293,-1115.8167547370374,3250.632600799022,-1115.8167547370374,2025-11-27T07:53:45.639732+00:00
dev3,15.834542507183482,47.813269526815176,-31.97872701963169,63.647812033998655,-31.97872701963169,-53.73193716198796,0.0,-53.73193716198796,-53.73193716198796,-53.73193716198796,1609.426226688686,0.0,1609.426226688686,1609.426226688686,1609.426226688686,1987.9744857947185,4685.646021019042,-2697.6715352243227,6673.62050681376,-2697.6715352243227,1.2167497538641348,0.05948055943996877,1.157269194424166,1.2762303133041035,1.157269194424166,1067.4079230309922,2183.2246777680293,-1115.8167547370374,3250.632600799022,-1115.8167547370374,2025-11-27T07:53:47.852365+00:00
dev3,15.834542507183482,47.813269526815176,-31.97872701963169,63.647812033998655,-31.97872701963169,-51.87522034295096,1.856716819036997,-53.73193716198796,-50.018503523913964,-50.018503523913964,1609.426226688686,0.0,1609.426226688686,1609.426226688686,1609.426226688686,-2697.6715352243227,0.0,-2697.6715352243227,-2697.6715352243227,-2697.6715352243227,1.2167497538641348,0.05948055943996877,1.157269194424166,1.2762303133041035,1.157269194424166,1067.4079230309922,2183.2246777680293,-1115.8167547370374,3250.632600799022,-1115.8167547370374,2025-11-27T07:53:47.856694+00:00
dev3,15.834542507183482,47.813269526815176,-31.97872701963169,63.647812033998655,-31.97872701963169,-51.87522034295096,1.856716819036997,-53.73193716198796,-50.018503523913964,-50.018503523913964,1752.390582983328,142.96435629464202,1609.426226688686,1895.35493927797,1895.35493927797,-2697.6715352243227,0.0,-2697.6715352243227,-2697.6715352243227,-2697.6715352243227,1.157269194424166,0.0,1.157269194424166,1.157269194424166,1.157269194424166,1067.4079230309922,2183.2246777680293,-1115.8167547370374,3250.632600799022,-1115.8167547370374,2025-11-27T07:53:47.861994+00:00
dev3,15.834542507183482,47.813269526815176,-31.97872701963169,63.647812033998655,-31.97872701963169,-51.87522034295096,1.856716819036997,-53.73193716198796,-50.018503523913964,-50.018503523913964,1752.390582983328,142.96435629464202,1609.426226688686,1895.35493927797,1895.35493927797,1457.7623752998775,4155.4339105242,-2697.6715352243227,5613.196285824078,5613.196285824078,1.157269194424166,0.0,1.157269194424166,1.157269194424166,1.157269194424166,-1115.8167547370374,0.0,-1115.8167547370374,-1115.8167547370374,-1115.8167547370374,2025-11-27T07:53:47.867165+00:00
dev3,-31.97872701963169,0.0,-31.97872701963169,-31.97872701963169,-31.97872701963169,-51.87522034295096,1.856716819036997,-53.73193716198796,-50.018503523913964,-50.018503523913964,1752.390582983328,142.96435629464202,1609.426226688686,1895.35493927797,1895.35493927797,1457.7623752998775,4155.4339105242,-2697.6715352243227,5613.196285824078,5613.196285824078,1.2267023998296427,0.0694332054054767,1.157269194424166,1.2961356052351194,1.2961356052351194,-1115.8167547370374,0.0,-1115.8167547370374,-1115.8167547370374,-1115.8167547370374,2025-11-27T07:53:47.872191+00:00
dev3,-31.97872701963169,0.0,-31.97872701963169,-31.97872701963169,-31.97872701963169,-50.018503523913964,0.0,-50.018503523913964,-50.018503523913964,-50.018503523913964,1752.390582983328,142.96435629464202,1609.426226688686,1895.35493927797,1895.35493927797,1457.7623752998775,4155.4339105242,-2697.6715352243227,5613.196285824078,5613.196285824078,1.2267023998296427,0.0694332054054767,1.157269194424166,1.2961356052351194,1.2961356052351194,742.5345111610062,1858.3512658980435,-1115.8167547370374,2600.88577705905,2600.88577705905,2025-11-27T07:53:47.877427+00:00
dev3,13.54760284569473,45.52632986532642,-31.97872701963169,59.07393271102115,59.07393271102115,-50.018503523913964,0.0,-50.018503523913964,-50.018503523913964,-50.018503523913964,1895.35493927797,0.0,1895.35493927797,1895.35493927797,1895.35493927797,1457.7623752998775,4155.4339105242,-2697.6715352243227,5613.196285824078,5613.196285824078,1.2267023998296427,0.0694332054054767,1.157269194424166,1.2961356052351194,1.2961356052351194,742.5345111610062,1858.3512658980435,-1115.8167547370374,2600.88577705905,2600.88577705905,2025-11-27T07:53:50.075892+00:00
dev3,13.54760284569473,45.52632986532642,-31.97872701963169,59.07393271102115,59.07393271102115,55.52308986732452,105.54159339123848,-50.018503523913964,161.064683258563,161.064683258563,1895.35493927797,0.0,1895.35493927797,1895.35493927797,1895.35493927797,5613.196285824078,0.0,5613.196285824078,5613.196285824078,5613.196285824078,1.2267023998296427,0.0694332054054767,1.157269194424166,1.2961356052351194,1.2961356052351194,742.5345111610062,1858.3512658980435,-1115.8167547370374,2600.88577705905,2600.88577705905,2025-11-27T07:53:50.079955+00:00
dev3,13.54760284569473,45.52632986532642,-31.97872701963169,59.07393271102115,59.07393271102115,55.52308986732452,105.54159339123848,-50.018503523913964,161.064683258563,161.064683258563,346.15517784466954,1549.1997614333004,-1203.044583588631,1895.35493927797,-1203.044583588631,5613.196285824078,0.0,5613.196285824078,5613.196285824078,5613.196285824078,1.2961356052351194,0.0,1.2961356052351194,1.2961356052351194,1.2961356052351194,742.5345111610062,1858.3512658980435,-1115.8167547370374,2600.88577705905,2600.88577705905,2025-11-27T07:53:50.083923+00:00
dev3,13.54760284569473,45.52632986532642,-31.97872701963169,59.07393271102115,59.07393271102115,55.52308986732452,105.54159339123848,-50.018503523913964,161.064683258563,161.064683258563,346.15517784466954,1549.1997614333004,-1203.044583588631,1895.35493927797,-1203.044583588631,6054.2651079148,441.0688220907218,5613.196285824078,6495.333930005521,6495.333930005521,1.2961356052351194,0.0,1.2961356052351194,1.2961356052351194,1.2961356052351194,2600.88577705905,0.0,2600.88577705905,2600.88577705905,2600.88577705905,2025-11-27T07:53:50.087714+00:00
dev3,59.07393271102115,0.0,59.07393271102115,59.07393271102115,59.07393271102115,55.52308986732452,105.54159339123848,-50.018503523913964,161.064683258563,161.064683258563,346.15517784466954,1549.1997614333004,-1203.044583588631,1895.35493927797,-1203.044583588631,6054.2651079148,441.0688220907218,5613.196285824078,6495.333930005521,6495.333930005521,5.667954686648169,4.371819081413049,1.2961356052351194,10.039773768061218,10.039773768061218,2600.88577705905,0.0,2600.88577705905,2600.88577705905,2600.88577705905,2025-11-27T07:53:50.091946+00:00
dev3,59.07393271102115,0.0,59.07393271102115,59.07393271102115,59.07393271102115,161.064683258563,0.0,161.064683258563,161.064683258563,161.064683258563,346.15517784466954,1549.1997614333004,-1203.044583588631,1895.35493927797,-1203.044583588631,6054.2651079148,441.0688220907218,5613.196285824078,6495.333930005521,6495.333930005521,5.667954686648169,4.371819081413049,1.2961356052351194,10.039773768061218,10.039773768061218,2908.5406750156026,307.654897956553,2600.88577705905,3216.195572972156,3216.195572972156,2025-11-27T07:53:50.095485+00:00
dev3,39.0270011502051,20.046931560816052,18.98006958938905,59.07393271102115,18.98006958938905,161.064683258563,0.0,161.064683258563,161.064683258563,161.064683258563,-1203.044583588631,0.0,-1203.044583588631,-1203.044583588631,-1203.044583588631,6054.2651079148,441.0688220907218,5613.196285824078,6495.333930005521,6495.333930005521,5.667954686648169,4.371819081413049,1.2961356052351194,10.039773768061218,10.039773768061218,2908.5406750156026,307.654897956553,2600.88577705905,3216.195572972156,3216.195572972156,2025-11-27T07:53:52.325002+00:00
dev3,39.0270011502051,20.046931560816052,18.98006958938905,59.07393271102115,18.98006958938905,103.92681654884525,57.137866709717755,46.78894983912749,161.064683258563,46.78894983912749,-1203.044583588631,0.0,-1203.044583588631,-1203.044583588631,-1203.044583588631,6495.333930005521,0.0,6495.333930005521,6495.333930005521,6495.333930005521,5.667954686648169,4.371819081413049,1.2961356052351194,10.039773768061218,10.039773768061218,2908.5406750156026,307.654897956553,2600.88577705905,3216.195572972156,3216.195572972156,2025-11-27T07:53:52.328798+00:00
dev3,39.0270011502051,20.046931560816052,18.98006958938905,59.07393271102115,18.98006958938905,103.92681654884525,57.137866709717755,46.78894983912749,161.064683258563,46.78894983912749,-333.221753447655,869.8228301409761,-1203.044583588631,536.601076693321,536.601076693321,6495.333930005521,0.0,6495.333930005521,6495.333930005521,6495.333930005521,10.039773768061218,0.0,10.039773768061218,10.039773768061218,10.039773768061218,2908.5406750156026,307.654897956553,2600.88577705905,3216.195572972156,3216.195572972156,2025-11-27T07:53:52.332304+00:00
dev3,39.0270011502051,20.046931560816052,18.98006958938905,59.07393271102115,18.98006958938905,103.92681654884525,57.137866709717755,46.78894983912749,161.064683258563,46.78894983912749,-333.221753447655,869.8228301409761,-1203.044583588631,536.601076693321,536.601076693321,3738.4629311650488,2756.8709988404726,981.5919323245761,6495.333930005521,981.5919323245761,10.039773768061218,0.0,10.039773768061218,10.039773768061218,10.039773768061218,3216.195572972156,0.0,3216.195572972156,3216.195572972156,3216.195572972156,2025-11-27T07:53:52.335741+00:00
dev3,18.98006958938905,0.0,18.98006958938905,18.98006958938905,18.98006958938905,103.92681654884525,57.137866709717755,46.78894983912749,161.064683258563,46.78894983912749,-333.221753447655,869.8228301409761,-1203.044583588631,536.601076693321,536.601076693321,3738.4629311650488,2756.8709988404726,981.5919323245761,6495.333930005521,981.5919323245761,8.229980186774386,1.8097935812868333,6.420186605487552,10.039773768061218,6.420186605487552,3216.195572972156,0.0,3216.195572972156,3216.195572972156,3216.195572972156,2025-11-27T07:53:52.339089+00:00
dev3,18.98006958938905,0.0,18.98006958938905,18.98006958938905,18.98006958938905,46.78894983912749,0.0,46.78894983912749,46.78894983912749,46.78894983912749,-333.221753447655,869.8228301409761,-1203.044583588631,536.601076693321,536.601076693321,3738.4629311650488,2756.8709988404726,981.5919323245761,6495.333930005521,981.5919323245761,8.229980186774386,1.8097935812868333,6.420186605487552,10.039773768061218,6.420186605487552,1843.541502217764,1372.6540707543918,470.8874314633722,3216.195572972156,470.8874314633722,2025-11-27T07:53:52.342556+00:00
dev3,25.23121685349008,6.251147264101029,18.98006958938905,31.482364117591107,31.482364117591107,46.78894983912749,0.0,46.78894983912749,46.78894983912749,46.78894983912749,536.601076693321,0.0,536.601076693321,536.601076693321,536.601076693321,3738.4629311650488,2756.8709988404726,981.5919323245761,6495.333930005521,981.5919323245761,8.229980186774386,1.8097935812868333,6.420186605487552,10.039773768061218,6.420186605487552,1843.541502217764,1372.6540707543918,470.8874314633722,3216.195572972156,470.8874314633722,2025-11-27T07:53:54.544588+00:00
dev3,25.23121685349008,6.251147264101029,18.98006958938905,31.482364117591107,31.482364117591107,47.74573189596498,0.9567820568374863,46.78894983912749,48.70251395280246,48.70251395280246,536.601076693321,0.0,536.601076693321,536.601076693321,536.601076693321,981.5919323245761,0.0,981.5919323245761,981.5919323245761,981.5919323245761,8.229980186774386,1.8097935812868333,6.420186605487552,10.039773768061218,6.420186605487552,1843.541502217764,1372.6540707543918,470.8874314633722,3216.195572972156,470.8874314633722,2025-11-27T07:53:54.548108+00:00
dev3,25.23121685349008,6.251147264101029,18.98006958938905,31.482364117591107,31.482364117591107,47.74573189596498,0.9567820568374863,46.78894983912749,48.70251395280246,48.70251395280246,473.13656200195004,63.464514691370994,409.67204731057905,536.601076693321,409.67204731057905,981.5919323245761,0.0,981.5919323245761,981.5919323245761,981.5919323245761,6.420186605487552,0.0,6.420186605487552,6.420186605487552,6.420186605487552,1843.541502217764,1372.6540707543918,470.8874314633722,3216.195572972156,470.8874314633722,2025-11-27T07:53:54.551649+00:00
dev3,25.23121685349008,6.251147264101029,18.98006958938905,31.482364117591107,31.482364117591107,47.74573189596498,0.9567820568374863,46.78894983912749,48.70251395280246,48.70251395280246,473.13656200195004,63.464514691370994,409.67204731057905,536.601076693321,409.67204731057905,995.0493438050165,13.457411480440442,981.5919323245761,1008.506755285457,1008.506755285457,6.420186605487552,0.0,6.420186605487552,6.420186605487552,6.420186605487552,470.8874314633722,0.0,470.8874314633722,470.8874314633722,470.8874314633722,2025-11-27T07:53:54.556070+00:00
dev3,31.482364117591107,0.0,31.482364117591107,31.482364117591107,31.482364117591107,47.74573189596498,0.9567820568374863,46.78894983912749,48.70251395280246,48.70251395280246,473.13656200195004,63.464514691370994,409.67204731057905,536.601076693321,409.67204731057905,995.0493438050165,13.457411480440442,981.5919323245761,1008.506755285457,1008.506755285457,6.675226465468229,0.2550398599806769,6.420186605487552,6.930266325448906,6.930266325448906,470.8874314633722,0.0,470.8874314633722,470.8874314633722,470.8874314633722,2025-11-27T07:53:54.559615+00:00
dev3,31.482364117591107,0.0,31.482364117591107,31.482364117591107,31.482364117591107,48.70251395280246,0.0,48.70251395280246,48.70251395280246,48.70251395280246,473.13656200195004,63.464514691370994,409.67204731057905,536.601076693321,409.67204731057905,995.0493438050165,13.457411480440442,981.5919323245761,1008.506755285457,1008.506755285457,6.675226465468229,0.2550398599806769,6.420186605487552,6.930266325448906,6.930266325448906,710.1359495174978,239.2485180541256,470.8874314633722,949.3844675716234,949.3844675716234,2025-11-27T07:53:54.563144+00:00
dev3,26.532611073368983,4.949753044222126,21.582858029146855,31.482364117591107,21.582858029146855,48.70251395280246,0.0,48.70251395280246,48.70251395280246,48.70251395280246,409.67204731057905,0.0,409.67204731057905,409.67204731057905,409.67204731057905,995.0493438050165,13.457411480440442,981.5919323245761,1008.506755285457,1008.506755285457,6.675226465468229,0.2550398599806769,6.420186605487552,6.930266325448906,6.930266325448906,710.1359495174978,239.2485180541256,470.8874314633722,949.3844675716234,949.3844675716234,2025-11-27T07:53:56.749081+00:00
dev3,26.532611073368983,4.949753044222126,21.582858029146855,31.482364117591107,21.582858029146855,50.95949838360391,2.2569844308014453,48.70251395280246,53.21648281440535,53.21648281440535,409.67204731057905,0.0,409.67204731057905,409.67204731057905,409.67204731057905,1008.506755285457,0.0,1008.506755285457,1008.506755285457,1008.506755285457,6.675226465468229,0.2550398599806769,6.420186605487552,6.930266325448906,6.930266325448906,710.1359495174978,239.2485180541256,470.8874314633722,949.3844675716234,949.3844675716234,2025-11-27T07:53:56.753282+00:00
dev3,26.532611073368983,4.949753044222126,21.582858029146855,31.482364117591107,21.582858029146855,50.95949838360391,2.2569844308014453,48.70251395280246,53.21648281440535,53.21648281440535,427.70827047708974,18.036223166510695,409.67204731057905,445.74449364360044,445.74449364360044,1008.506755285457,0.0,1008.506755285457,1008.506755285457,1008.506755285457,6.930266325448906,0.0,6.930266325448906,6.930266325448906,6.930266325448906,710.1359495174978,239.2485180541256,470.8874314633722,949.3844675716234,949.3844675716234,2025-11-27T07:53:56.757046+00:00
dev3,26.532611073368983,4.949753044222126,21.582858029146855,31.482364117591107,21.582858029146855,50.95949838360391,2.2569844308014453,48.70251395280246,53.21648281440535,53.21648281440535,427.70827047708974,18.036223166510695,409.67204731057905,445.74449364360044,445.74449364360044,1249.7500946382356,241.24333935277872,1008.506755285457,1490.9934339910144,1490.9934339910144,6.930266325448906,0.0,6.930266325448906,6.930266325448906,6.930266325448906,949.3844675716234,0.0,949.3844675716234,949.3844675716234,949.3844675716234,2025-11-27T07:53:56.760993+00:00
dev3,21.582858029146855,0.0,21.582858029146855,21.582858029146855,21.582858029146855,50.95949838360391,2.2569844308014453,48.70251395280246,53.21648281440535,53.21648281440535,427.70827047708974,18.036223166510695,409.67204731057905,445.74449364360044,445.74449364360044,1249.7500946382356,241.24333935277872,1008.506755285457,1490.9934339910144,1490.9934339910144,6.624270552735535,0.30599577271337086,6.318274780022164,6.930266325448906,6.318274780022164,949.3844675716234,0.0,949.3844675716234,949.3844675716234,949.3844675716234,2025-11-27T07:53:56.764622+00:00
dev3,21.582858029146855,0.0,21.582858029146855,21.582858029146855,21.582858029146855,53.21648281440535,0.0,53.21648281440535,53.21648281440535,53.21648281440535,427.70827047708974,18.036223166510695,409.67204731057905,445.74449364360044,445.74449364360044,1249.7500946382356,241.24333935277872,1008.506755285457,1490.9934339910144,1490.9934339910144,6.624270552735535,0.30599577271337086,6.318274780022164,6.930266325448906,6.318274780022164,857.1147907701641,92.2696768014593,764.8451139687048,949.3844675716234,764.8451139687048,2025-11-27T07:53:56.768656+00:00
dev3,24.377036195888465,2.7941781667416077,21.582858029146855,27.17121436263007,27.17121436263007,53.21648281440535,0.0,53.21648281440535,53.21648281440535,53.21648281440535,445.74449364360044,0.0,445.74449364360044,445.74449364360044,445.74449364360044,1249.7500946382356,241.24333935277872,1008.506755285457,1490.9934339910144,1490.9934339910144,6.624270552735535,0.30599577271337086,6.318274780022164,6.930266325448906,6.318274780022164,857.1147907701641,92.2696768014593,764.8451139687048,949.3844675716234,764.8451139687048,2025-11-27T07:53:58.989183+00:00
dev3,24.377036195888465,2.7941781667416077,21.582858029146855,27.17121436263007,27.17121436263007,56.40362259588646,3.187139781481111,53.21648281440535,59.590762377367575,59.590762377367575,445.74449364360044,0.0,445.74449364360044,445.74449364360044,445.74449364360044,1490.9934339910144,0.0,1490.9934339910144,1490.9934339910144,1490.9934339910144,6.624270552735535,0.30599577271337086,6.318274780022164,6.930266325448906,6.318274780022164,857.1147907701641,92.2696768014593,764.8451139687048,949.3844675716234,764.8451139687048,2025-11-27T07:53:58.992744+00:00
dev3,24.377036195888465,2.7941781667416077,21.582858029146855,27.17121436263007,27.17121436263007,56.40362259588646,3.187139781481111,53.21648281440535,59.590762377367575,59.590762377367575,343.85963268456754,101.88486095903289,241.97477172553465,445.74449364360044,241.97477172553465,1490.9934339910144,0.0,1490.9934339910144,1490.9934339910144,1490.9934339910144,6.318274780022164,0.0,6.318274780022164,6.318274780022164,6.318274780022164,857.1147907701641,92.2696768014593,764.8451139687048,949.3844675716234,764.8451139687048,2025-11-27T07:53:58.996140+00:00
dev3,24.377036195888465,2.7941781667416077,21.582858029146855,27.17121436263007,27.17121436263007,56.40362259588646,3.187139781481111,53.21648281440535,59.590762377367575,59.590762377367575,343.85963268456754,101.88486095903289,241.97477172553465,445.74449364360044,241.97477172553465,1506.5279526398404,15.534518648825951,1490.9934339910144,1522.0624712886663,1522.0624712886663,6.318274780022164,0.0,6.318274780022164,6.318274780022164,6.318274780022164,764.8451139687048,0.0,764.8451139687048,764.8451139687048,764.8451139687048,2025-11-27T07:53:58.999942+00:00
dev3,27.17121436263007,0.0,27.17121436263007,27.17121436263007,27.17121436263007,56.40362259588646,3.187139781481111,53.21648281440535,59.590762377367575,59.590762377367575,343.85963268456754,101.88486095903289,241.97477172553465,445.74449364360044,241.97477172553465,1506.5279526398404,15.534518648825951,1490.9934339910144,1522.0624712886663,1522.0624712886663,6.53255519498641,0.2142804149642452,6.318274780022164,6.746835609950654,6.746835609950654,764.8451139687048,0.0,764.8451139687048,764.8451139687048,764.8451139687048,2025-11-27T07:53:59.003367+00:00
dev3,27.17121436263007,0.0,27.17121436263007,27.17121436263007,27.17121436263007,59.590762377367575,0.0,59.590762377367575,59.590762377367575,59.590762377367575,343.85963268456754,101.88486095903289,241.97477172553465,445.74449364360044,241.97477172553465,1506.5279526398404,15.534518648825951,1490.9934339910144,1522.0624712886663,1522.0624712886663,6.53255519498641,0.2142804149642452,6.318274780022164,6.746835609950654,6.746835609950654,763.5534360341626,1.2916779345421787,762.2617580996205,764.8451139687048,762.2617580996205,2025-11-27T07:53:59.006726+00:00
dev3,25.511761920114964,1.6594524425151072,23.852309477599857,27.17121436263007,23.852309477599857,59.590762377367575,0.0,59.590762377367575,59.590762377367575,59.590762377367575,241.97477172553465,0.0,241.97477172553465,241.97477172553465,241.97477172553465,1506.5279526398404,15.534518648825951,1490.9934339910144,1522.0624712886663,1522.0624712886663,6.53255519498641,0.2142804149642452,6.318274780022164,6.746835609950654,6.746835609950654,763.5534360341626,1.2916779345421787,762.2617580996205,764.8451139687048,762.2617580996205,2025-11-27T07:54:01.195277+00:00
dev3,25.511761920114964,1.6594524425151072,23.852309477599857,27.17121436263007,23.852309477599857,53.69731404312342,5.893448334244155,47.803865708879265,59.590762377367575,47.803865708879265,241.97477172553465,0.0,241.97477172553465,241.97477172553465,241.97477172553465,1522.0624712886663,0.0,1522.0624712886663,1522.0624712886663,1522.0624712886663,6.53255519498641,0.2142804149642452,6.318274780022164,6.746835609950654,6.746835609950654,763.5534360341626,1.2916779345421787,762.2617580996205,764.8451139687048,762.2617580996205,2025-11-27T07:54:01.198846+00:00
dev3,25.511761920114964,1.6594524425151072,23.852309477599857,27.17121436263007,23.852309477599857,53.69731404312342,5.893448334244155,47.803865708879265,59.590762377367575,47.803865708879265,337.1768058148032,95.20203408926852,241.97477172553465,432.3788399040717,432.3788399040717,1522.0624712886663,0.0,1522.0624712886663,1522.0624712886663,1522.0624712886663,6.746835609950654,0.0,6.746835609950654,6.746835609950654,6.746835609950654,763.5534360341626,1.2916779345421787,762.2617580996205,764.8451139687048,762.2617580996205,2025-11-27T07:54:01.202358+00:00
dev3,25.511761920114964,1.6594524425151072,23.852309477599857,27.17121436263007,23.852309477599857,53.69731404312342,5.893448334244155,47.803865708879265,59.590762377367575,47.803865708879265,337.1768058148032,95.20203408926852,241.97477172553465,432.3788399040717,432.3788399040717,1203.4724310351567,318.59004025350976,884.8823907816468,1522.0624712886663,884.8823907816468,6.746835609950654,0.0,6.746835609950654,6.746835609950654,6.746835609950654,762.2617580996205,0.0,762.2617580996205,762.2617580996205,762.2617580996205,2025-11-27T07:54:01.206050+00:00
dev3,23.852309477599857,0.0,23.852309477599857,23.852309477599857,23.852309477599857,53.69731404312342,5.893448334244155,47.803865708879265,59.590762377367575,47.803865708879265,337.1768058148032,95.20203408926852,241.97477172553465,432.3788399040717,432.3788399040717,1203.4724310351567,318.59004025350976,884.8823907816468,1522.0624712886663,884.8823907816468,6.460979733378645,0.28585587657200984,6.175123856806635,6.746835609950654,6.175123856806635,762.2617580996205,0.0,762.2617580996205,762.2617580996205,762.2617580996205,2025-11-27T07:54:01.209642+00:00
dev3,23.852309477599857,0.0,23.852309477599857,23.852309477599857,23.852309477599857,47.803865708879265,0.0,47.803865708879265,47.803865708879265,47.803865708879265,337.1768058148032,95.20203408926852,241.97477172553465,432.3788399040717,432.3788399040717,1203.4724310351567,318.59004025350976,884.8823907816468,1522.0624712886663,884.8823907816468,6.460979733378645,0.28585587657200984,6.175123856806635,6.746835609950654,6.175123856806635,866.7829821059518,104.52122400633124,762.2617580996205,971.3042061122829,971.3042061122829,2025-11-27T07:54:01.213204+00:00
dev3,22.574440924085096,1.2778685535147591,21.29657237057034,23.852309477599857,21.29657237057034,47.803865708879265,0.0,47.803865708879265,47.803865708879265,47.803865708879265,432.3788399040717,0.0,432.3788399040717,432.3788399040717,432.3788399040717,1203.4724310351567,318.59004025350976,884.8823907816468,1522.0624712886663,884.8823907816468,6.460979733378645,0.28585587657200984,6.175123856806635,6.746835609950654,6.175123856806635,866.7829821059518,104.52122400633124,762.2617580996205,971.3042061122829,971.3042061122829,2025-11-27T07:54:03.444675+00:00
dev3,22.574440924085096,1.2778685535147591,21.29657237057034,23.852309477599857,21.29657237057034,52.2763853164346,4.472519607555331,47.803865708879265,56.748904923989926,56.748904923989926,432.3788399040717,0.0,432.3788399040717,432.3788399040717,432.3788399040717,884.8823907816468,0.0,884.8823907816468,884.8823907816468,884.8823907816468,6.460979733378645,0.28585587657200984,6.175123856806635,6.746835609950654,6.175123856806635,866.7829821059518,104.52122400633124,762.2617580996205,971.3042061122829,971.3042061122829,2025-11-27T07:54:03.448522+00:00
dev3,22.574440924085096,1.2778685535147591,21.29657237057034,23.852309477599857,21.29657237057034,52.2763853164346,4.472519607555331,47.803865708879265,56.748904923989926,56.748904923989926,468.6248357921394,36.245995888067654,432.3788399040717,504.870831680207,504.870831680207,884.8823907816468,0.0,884.8823907816468,884.8823907816468,884.8823907816468,6.175123856806635,0.0,6.175123856806635,6.175123856806635,6.175123856806635,866.7829821059518,104.52122400633124,762.2617580996205,971.3042061122829,971.3042061122829,2025-11-27T07:54:03.453819+00:00
dev3,22.574440924085096,1.2778685535147591,21.29657237057034,23.852309477599857,21.29657237057034,52.2763853164346,4.472519607555331,47.803865708879265,56.748904923989926,56.748904923989926,468.6248357921394,36.245995888067654,432.3788399040717,504.870831680207,504.870831680207,930.4753028249045,45.592912043257684,884.8823907816468,976.0682148681622,976.0682148681622,6.175123856806635,0.0,6.175123856806635,6.175123856806635,6.175123856806635,971.3042061122829,0.0,971.3042061122829,971.3042061122829,971.3042061122829,2025-11-27T07:54:03.458727+00:00
dev3,21.29657237057034,0.0,21.29657237057034,21.29657237057034,21.29657237057034,52.2763853164346,4.472519607555331,47.803865708879265,56.748904923989926,56.748904923989926,468.6248357921394,36.245995888067654,432.3788399040717,504.870831680207,504.870831680207,930.4753028249045,45.592912043257684,884.8823907816468,976.0682148681622,976.0682148681622,6.566398627338393,0.3912747705317585,6.175123856806635,6.957673397870152,6.957673397870152,971.3042061122829,0.0,971.3042061122829,971.3042061122829,971.3042061122829,2025-11-27T07:54:03.462944+00:00
dev3,21.29657237057034,0.0,21.29657237057034,21.29657237057034,21.29657237057034,56.748904923989926,0.0,56.748904923989926,56.748904923989926,56.748904923989926,468.6248357921394,36.245995888067654,432.3788399040717,504.870831680207,504.870831680207,930.4753028249045,45.592912043257684,884.8823907816468,976.0682148681622,976.0682148681622,6.566398627338393,0.3912747705317585,6.175123856806635,6.957673397870152,6.957673397870152,877.3675543329582,93.93665177932473,783.4309025536335,971.3042061122829,783.4309025536335,2025-11-27T07:54:03.466682+00:00
dev3,24.951640331841475,3.6550679612711363,21.29657237057034,28.60670829311261,28.60670829311261,56.748904923989926,0.0,56.748904923989926,56.748904923989926,56.748904923989926,504.870831680207,0.0,504.870831680207,504.870831680207,504.870831680207,930.4753028249045,45.592912043257684,884.8823907816468,976.0682148681622,976.0682148681622,6.566398627338393,0.3912747705317585,6.175123856806635,6.957673397870152,6.957673397870152,877.3675543329582,93.93665177932473,783.4309025536335,971.3042061122829,783.4309025536335,2025-11-27T07:54:05.661911+00:00
dev3,24.951640331841475,3.6550679612711363,21.29657237057034,28.60670829311261,28.60670829311261,61.21115121212714,4.462246288137216,56.748904923989926,65.67339750026436,65.67339750026436,504.870831680207,0.0,504.870831680207,504.870831680207,504.870831680207,976.0682148681622,0.0,976.0682148681622,976.0682148681622,976.0682148681622,6.566398627338393,0.3912747705317585,6.175123856806635,6.957673397870152,6.957673397870152,877.3675543329582,93.93665177932473,783.4309025536335,971.3042061122829,783.4309025536335,2025-11-27T07:54:05.665501+00:00
dev3,24.951640331841475,3.6550679612711363,21.29657237057034,28.60670829311261,28.60670829311261,61.21115121212714,4.462246288137216,56.748904923989926,65.67339750026436,65.67339750026436,448.73250520910995,56.13832647109709,392.59417873801283,504.870831680207,392.59417873801283,976.0682148681622,0.0,976.0682148681622,976.0682148681622,976.0682148681622,6.957673397870152,0.0,6.957673397870152,6.957673397870152,6.957673397870152,877.3675543329582,93.93665177932473,783.4309025536335,971.3042061122829,783.4309025536335,2025-11-27T07:54:05.669069+00:00
dev3,24.951640331841475,3.6550679612711363,21.29657237057034,28.60670829311261,28.60670829311261,61.21115121212714,4.462246288137216,56.748904923989926,65.67339750026436,65.67339750026436,448.73250520910995,56.13832647109709,392.59417873801283,504.870831680207,392.59417873801283,1086.8938902651137,110.82567539695151,976.0682148681622,1197.7195656620652,1197.7195656620652,6.957673397870152,0.0,6.957673397870152,6.957673397870152,6.957673397870152,783.4309025536335,0.0,783.4309025536335,783.4309025536335,783.4309025536335,2025-11-27T07:54:05.672828+00:00
dev3,28.60670829311261,0.0,28.60670829311261,28.60670829311261,28.60670829311261,61.21115121212714,4.462246288137216,56.748904923989926,65.67339750026436,65.67339750026436,448.73250520910995,56.13832647109709,392.59417873801283,504.870831680207,392.59417873801283,1086.8938902651137,110.82567539695151,976.0682148681622,1197.7195656620652,1197.7195656620652,6.736805035535829,0.22086836233432328,6.515936673201505,6.957673397870152,6.515936673201505,783.4309025536335,0.0,783.4309025536335,783.4309025536335,783.4309025536335,2025-11-27T07:54:05.676839+00:00
dev4,25.119585280290515,0.7778752834168259,24.34170999687369,25.89746056370734,25.89746056370734,57.08089416392468,6.854642522384577,50.22625164154011,63.93553668630926,50.22625164154011,654.0481357334647,48.95338882653823,605.0947469069265,703.001524560003,605.0947469069265,1187.5186874471858,0.0,1187.5186874471858,1187.5186874471858,1187.5186874471858,6.787775126370967,0.0,6.787775126370967,6.787775126370967,6.787775126370967,787.5003690841666,0.0,787.5003690841666,787.5003690841666,787.5003690841666,2025-11-27T07:53:21.061387+00:00
dev4,23.98454795324602,1.9129126104613174,22.071635342784706,25.89746056370734,22.071635342784706,57.08089416392468,6.854642522384577,50.22625164154011,63.93553668630926,50.22625164154011,654.0481357334647,48.95338882653823,605.0947469069265,703.001524560003,605.0947469069265,1187.5186874471858,0.0,1187.5186874471858,1187.5186874471858,1187.5186874471858,6.787775126370967,0.0,6.787775126370967,6.787775126370967,6.787775126370967,787.5003690841666,0.0,787.5003690841666,787.5003690841666,787.5003690841666,2025-11-27T07:53:23.278934+00:00
dev4,23.98454795324602,1.9129126104613174,22.071635342784706,25.89746056370734,22.071635342784706,47.55343684323096,2.6728147983091475,44.880622044921815,50.22625164154011,44.880622044921815,654.0481357334647,48.95338882653823,605.0947469069265,703.001524560003,605.0947469069265,1187.5186874471858,0.0,1187.5186874471858,1187.5186874471858,1187.5186874471858,6.787775126370967,0.0,6.787775126370967,6.787775126370967,6.787775126370967,787.5003690841666,0.0,787.5003690841666,787.5003690841666,787.5003690841666,2025-11-27T07:53:23.289061+00:00
dev4,23.98454795324602,1.9129126104613174,22.071635342784706,25.89746056370734,22.071635342784706,47.55343684323096,2.6728147983091475,44.880622044921815,50.22625164154011,44.880622044921815,529.4265532589787,75.66819364794779,453.7583596110309,605.0947469069265,453.7583596110309,1187.5186874471858,0.0,1187.5186874471858,1187.5186874471858,1187.5186874471858,6.787775126370967,0.0,6.787775126370967,6.787775126370967,6.787775126370967,787.5003690841666,0.0,787.5003690841666,787.5003690841666,787.5003690841666,2025-11-27T07:53:23.292673+00:00
dev4,23.98454795324602,1.9129126104613174,22.071635342784706,25.89746056370734,22.071635342784706,47.55343684323096,2.6728147983091475,44.880622044921815,50.22625164154011,44.880622044921815,529.4265532589787,75.66819364794779,453.7583596110309,605.0947469069265,453.7583596110309,1071.8527247061259,115.6659627410599,956.186761965066,1187.5186874471858,956.186761965066,6.787775126370967,0.0,6.787775126370967,6.787775126370967,6.787775126370967,787.5003690841666,0.0,787.5003690841666,787.5003690841666,787.5003690841666,2025-11-27T07:53:23.296254+00:00
dev4,22.071635342784706,0.0,22.071635342784706,22.071635342784706,22.071635342784706,47.55343684323096,2.6728147983091475,44.880622044921815,50.22625164154011,44.880622044921815,529.4265532589787,75.66819364794779,453.7583596110309,605.0947469069265,453.7583596110309,1071.8527247061259,115.6659627410599,956.186761965066,1187.5186874471858,956.186761965066,6.433109184721461,0.35466594164950527,6.078443243071956,6.787775126370967,6.078443243071956,787.5003690841666,0.0,787.5003690841666,787.5003690841666,787.5003690841666,2025-11-27T07:53:23.299807+00:00
dev4,22.071635342784706,0.0,22.071635342784706,22.071635342784706,22.071635342784706,44.880622044921815,0.0,44.880622044921815,44.880622044921815,44.880622044921815,529.4265532589787,75.66819364794779,453.7583596110309,605.0947469069265,453.7583596110309,1071.8527247061259,115.6659627410599,956.186761965066,1187.5186874471858,956.186761965066,6.433109184721461,0.35466594164950527,6.078443243071956,6.787775126370967,6.078443243071956,877.4893285000123,89.98895941584578,787.5003690841666,967.4782879158581,967.4782879158581,2025-11-27T07:53:23.303318+00:00
dev4,22.13054163056607,0.058906287781367084,22.071635342784706,22.18944791834744,22.18944791834744,44.880622044921815,0.0,44.880622044921815,44.880622044921815,44.880622044921815,453.7583596110309,0.0,453.7583596110309,453.7583596110309,453.7583596110309,1071.8527247061259,115.6659627410599,956.186761965066,1187.5186874471858,956.186761965066,6.433109184721461,0.35466594164950527,6.078443243071956,6.787775126370967,6.078443243071956,877.4893285000123,89.98895941584578,787.5003690841666,967.4782879158581,967.4782879158581,2025-11-27T07:53:25.498380+00:00
dev4,22.13054163056607,0.058906287781367084,22.071635342784706,22.18944791834744,22.18944791834744,49.43650070096801,4.555878656046193,44.880622044921815,53.9923793570142,53.9923793570142,453.7583596110309,0.0,453.7583596110309,453.7583596110309,453.7583596110309,956.186761965066,0.0,956.186761965066,956.186761965066,956.186761965066,6.433109184721461,0.35466594164950527,6.078443243071956,6.787775126370967,6.078443243071956,877.4893285000123,89.98895941584578,787.5003690841666,967.4782879158581,967.4782879158581,2025-11-27T07:53:25.501759+00:00
dev4,22.13054163056607,0.058906287781367084,22.071635342784706,22.18944791834744,22.18944791834744,49.43650070096801,4.555878656046193,44.880622044921815,53.9923793570142,53.9923793570142,476.5236002339953,22.76524062296437,453.7583596110309,499.28884085695967,499.28884085695967,956.186761965066,0.0,956.186761965066,956.186761965066,956.186761965066,6.078443243071956,0.0,6.078443243071956,6.078443243071956,6.078443243071956,877.4893285000123,89.98895941584578,787.5003690841666,967.4782879158581,967.4782879158581,2025-11-27T07:53:25.505261+00:00
dev4,22.13054163056607,0.058906287781367084,22.071635342784706,22.18944791834744,22.18944791834744,49.43650070096801,4.555878656046193,44.880622044921815,53.9923793570142,53.9923793570142,476.5236002339953,22.76524062296437,453.7583596110309,499.28884085695967,499.28884085695967,961.6142429417156,5.427480976649576,956.186761965066,967.0417239183652,967.0417239183652,6.078443243071956,0.0,6.078443243071956,6.078443243071956,6.078443243071956,967.4782879158581,0.0,967.4782879158581,967.4782879158581,967.4782879158581,2025-11-27T07:53:25.508663+00:00
dev4,22.18944791834744,0.0,22.18944791834744,22.18944791834744,22.18944791834744,49.43650070096801,4.555878656046193,44.880622044921815,53.9923793570142,53.9923793570142,476.5236002339953,22.76524062296437,453.7583596110309,499.28884085695967,499.28884085695967,961.6142429417156,5.427480976649576,956.186761965066,967.0417239183652,967.0417239183652,6.694924046102079,0.616480803030123,6.078443243071956,7.311404849132202,7.311404849132202,967.4782879158581,0.0,967.4782879158581,967.4782879158581,967.4782879158581,2025-11-27T07:53:25.513016+00:00
dev4,22.18944791834744,0.0,22.18944791834744,22.18944791834744,22.18944791834744,53.9923793570142,0.0,53.9923793570142,53.9923793570142,53.9923793570142,476.5236002339953,22.76524062296437,453.7583596110309,499.28884085695967,499.28884085695967,961.6142429417156,5.427480976649576,956.186761965066,967.0417239183652,967.0417239183652,6.694924046102079,0.616480803030123,6.078443243071956,7.311404849132202,7.311404849132202,851.1931123349505,116.2851755809076,734.9079367540429,967.4782879158581,734.9079367540429,2025-11-27T07:53:25.516930+00:00
dev4,22.20279852190884,0.013350603561400831,22.18944791834744,22.216149125470242,22.216149125470242,53.9923793570142,0.0,53.9923793570142,53.9923793570142,53.9923793570142,499.28884085695967,0.0,499.28884085695967,499.28884085695967,499.28884085695967,961.6142429417156,5.427480976649576,956.186761965066,967.0417239183652,967.0417239183652,6.694924046102079,0.616480803030123,6.078443243071956,7.311404849132202,7.311404849132202,851.1931123349505,116.2851755809076,734.9079367540429,967.4782879158581,734.9079367540429,2025-11-27T07:53:27.706387+00:00
dev4,22.20279852190884,0.013350603561400831,22.18944791834744,22.216149125470242,22.216149125470242,51.404323753357104,2.588055603657093,48.816268149700015,53.9923793570142,48.816268149700015,499.28884085695967,0.0,499.28884085695967,499.28884085695967,499.28884085695967,967.0417239183652,0.0,967.0417239183652,967.0417239183652,967.0417239183652,6.694924046102079,0.616480803030123,6.078443243071956,7.311404849132202,7.311404849132202,851.1931123349505,116.2851755809076,734.9079367540429,967.4782879158581,734.9079367540429,2025-11-27T07:53:27.709878+00:00
dev4,22.20279852190884,0.013350603561400831,22.18944791834744,22.216149125470242,22.216149125470242,51.404323753357104,2.588055603657093,48.816268149700015,53.9923793570142,48.816268149700015,546.2907651604727,47.00192430351299,499.28884085695967,593.2926894639857,593.2926894639857,967.0417239183652,0.0,967.0417239183652,967.0417239183652,967.0417239183652,7.311404849132202,0.0,7.311404849132202,7.311404849132202,7.311404849132202,851.1931123349505,116.2851755809076,734.9079367540429,967.4782879158581,734.9079367540429,2025-11-27T07:53:27.713399+00:00
dev4,22.20279852190884,0.013350603561400831,22.18944791834744,22.216149125470242,22.216149125470242,51.404323753357104,2.588055603657093,48.816268149700015,53.9923793570142,48.816268149700015,546.2907651604727,47.00192430351299,499.28884085695967,593.2926894639857,593.2926894639857,1005.8192463809787,38.777522462613604,967.0417239183652,1044.5967688435924,1044.5967688435924,7.311404849132202,0.0,7.311404849132202,7.311404849132202,7.311404849132202,734.9079367540429,0.0,734.9079367540429,734.9079367540429,734.9079367540429,2025-11-27T07:53:27.716902+00:00
dev4,22.216149125470242,0.0,22.216149125470242,22.216149125470242,22.216149125470242,51.404323753357104,2.588055603657093,48.816268149700015,53.9923793570142,48.816268149700015,546.2907651604727,47.00192430351299,499.28884085695967,593.2926894639857,593.2926894639857,1005.8192463809787,38.777522462613604,967.0417239183652,1044.5967688435924,1044.5967688435924,7.13896511872519,0.17243973040701244,6.9665253883181775,7.311404849132202,6.9665253883181775,734.9079367540429,0.0,734.9079367540429,734.9079367540429,734.9079367540429,2025-11-27T07:53:27.720345+00:00
dev4,22.216149125470242,0.0,22.216149125470242,22.216149125470242,22.216149125470242,48.816268149700015,0.0,48.816268149700015,48.816268149700015,48.816268149700015,546.2907651604727,47.00192430351299,499.28884085695967,593.2926894639857,593.2926894639857,1005.8192463809787,38.777522462613604,967.0417239183652,1044.5967688435924,1044.5967688435924,7.13896511872519,0.17243973040701244,6.9665253883181775,7.311404849132202,6.9665253883181775,647.6717594438902,87.2361773101527,560.4355821337375,734.9079367540429,560.4355821337375,2025-11-27T07:53:27.724146+00:00
dev4,22.816239449417083,0.6000903239468389,22.216149125470242,23.41632977336392,23.41632977336392,48.816268149700015,0.0,48.816268149700015,48.816268149700015,48.816268149700015,593.2926894639857,0.0,593.2926894639857,593.2926894639857,593.2926894639857,1005.8192463809787,38.777522462613604,967.0417239183652,1044.5967688435924,1044.5967688435924,7.13896511872519,0.17243973040701244,6.9665253883181775,7.311404849132202,6.9665253883181775,647.6717594438902,87.2361773101527,560.4355821337375,734.9079367540429,560.4355821337375,2025-11-27T07:53:29.931955+00:00
dev4,22.816239449417083,0.6000903239468389,22.216149125470242,23.41632977336392,23.41632977336392,57.01264036541649,8.196372215716469,48.816268149700015,65.20901258113295,65.20901258113295,593.2926894639857,0.0,593.2926894639857,593.2926894639857,593.2926894639857,1044.5967688435924,0.0,1044.5967688435924,1044.5967688435924,1044.5967688435924,7.13896511872519,0.17243973040701244,6.9665253883181775,7.311404849132202,6.9665253883181775,647.6717594438902,87.2361773101527,560.4355821337375,734.9079367540429,560.4355821337375,2025-11-27T07:53:29.938153+00:00
dev4,22.816239449417083,0.6000903239468389,22.216149125470242,23.41632977336392,23.41632977336392,57.01264036541649,8.196372215716469,48.816268149700015,65.20901258113295,65.20901258113295,566.4708451237495,26.821844340236055,539.6490007835135,593.2926894639857,539.6490007835135,1044.5967688435924,0.0,1044.5967688435924,1044.5967688435924,1044.5967688435924,6.9665253883181775,0.0,6.9665253883181775,6.9665253883181775,6.9665253883181775,647.6717594438902,87.2361773101527,560.4355821337375,734.9079367540429,560.4355821337375,2025-11-27T07:53:29.942538+00:00
dev4,22.816239449417083,0.6000903239468389,22.216149125470242,23.41632977336392,23.41632977336392,57.01264036541649,8.196372215716469,48.816268149700015,65.20901258113295,65.20901258113295,566.4708451237495,26.821844340236055,539.6490007835135,593.2926894639857,539.6490007835135,1236.0517729259634,191.45500408237103,1044.5967688435924,1427.5067770083344,1427.5067770083344,6.9665253883181775,0.0,6.9665253883181775,6.9665253883181775,6.9665253883181775,560.4355821337375,0.0,560.4355821337375,560.4355821337375,560.4355821337375,2025-11-27T07:53:29.946217+00:00
dev4,23.41632977336392,0.0,23.41632977336392,23.41632977336392,23.41632977336392,57.01264036541649,8.196372215716469,48.816268149700015,65.20901258113295,65.20901258113295,566.4708451237495,26.821844340236055,539.6490007835135,593.2926894639857,539.6490007835135,1236.0517729259634,191.45500408237103,1044.5967688435924,1427.5067770083344,1427.5067770083344,6.760486808239624,0.20603858007855358,6.55444822816107,6.9665253883181775,6.55444822816107,560.4355821337375,0.0,560.4355821337375,560.4355821337375,560.4355821337375,2025-11-27T07:53:29.949842+00:00
dev4,23.41632977336392,0.0,23.41632977336392,23.41632977336392,23.41632977336392,65.20901258113295,0.0,65.20901258113295,65.20901258113295,65.20901258113295,566.4708451237495,26.821844340236055,539.6490007835135,593.2926894639857,539.6490007835135,1236.0517729259634,191.45500408237103,1044.5967688435924,1427.5067770083344,1427.5067770083344,6.760486808239624,0.20603858007855358,6.55444822816107,6.9665253883181775,6.55444822816107,662.284280654216,101.84869852047842,560.4355821337375,764.1329791746944,764.1329791746944,2025-11-27T07:53:29.953178+00:00
dev4,25.87757516661477,2.4612453932508505,23.41632977336392,28.33882055986562,28.33882055986562,65.20901258113295,0.0,65.20901258113295,65.20901258113295,65.20901258113295,539.6490007835135,0.0,539.6490007835135,539.6490007835135,539.6490007835135,1236.0517729259634,191.45500408237103,1044.5967688435924,1427.5067770083344,1427.5067770083344,6.760486808239624,0.20603858007855358,6.55444822816107,6.9665253883181775,6.55444822816107,662.284280654216,101.84869852047842,560.4355821337375,764.1329791746944,764.1329791746944,2025-11-27T07:53:32.150900+00:00
dev4,25.87757516661477,2.4612453932508505,23.41632977336392,28.33882055986562,28.33882055986562,60.85612032137382,4.352892259759127,56.5032280616147,65.20901258113295,56.5032280616147,539.6490007835135,0.0,539.6490007835135,539.6490007835135,539.6490007835135,1427.5067770083344,0.0,1427.5067770083344,1427.5067770083344,1427.5067770083344,6.760486808239624,0.20603858007855358,6.55444822816107,6.9665253883181775,6.55444822816107,662.284280654216,101.84869852047842,560.4355821337375,764.1329791746944,764.1329791746944,2025-11-27T07:53:32.154369+00:00
dev4,25.87757516661477,2.4612453932508505,23.41632977336392,28.33882055986562,28.33882055986562,60.85612032137382,4.352892259759127,56.5032280616147,65.20901258113295,56.5032280616147,533.719505543726,5.929495239787514,527.7900103039385,539.6490007835135,527.7900103039385,1427.5067770083344,0.0,1427.5067770083344,1427.5067770083344,1427.5067770083344,6.55444822816107,0.0,6.55444822816107,6.55444822816107,6.55444822816107,662.284280654216,101.84869852047842,560.4355821337375,764.1329791746944,764.1329791746944,2025-11-27T07:53:32.158081+00:00
dev4,25.87757516661477,2.4612453932508505,23.41632977336392,28.33882055986562,28.33882055986562,60.85612032137382,4.352892259759127,56.5032280616147,65.20901258113295,56.5032280616147,533.719505543726,5.929495239787514,527.7900103039385,539.6490007835135,527.7900103039385,1494.208587406346,66.70181039801139,1427.5067770083344,1560.9103978043572,1560.9103978043572,6.55444822816107,0.0,6.55444822816107,6.55444822816107,6.55444822816107,764.1329791746944,0.0,764.1329791746944,764.1329791746944,764.1329791746944,2025-11-27T07:53:32.161619+00:00
dev4,28.33882055986562,0.0,28.33882055986562,28.33882055986562,28.33882055986562,60.85612032137382,4.352892259759127,56.5032280616147,65.20901258113295,56.5032280616147,533.719505543726,5.929495239787514,527.7900103039385,539.6490007835135,527.7900103039385,1494.208587406346,66.70181039801139,1427.5067770083344,1560.9103978043572,1560.9103978043572,6.662934454491955,0.10848622633088523,6.55444822816107,6.771420680822841,6.771420680822841,764.1329791746944,0.0,764.1329791746944,764.1329791746944,764.1329791746944,2025-11-27T07:53:32.165173+00:00
dev4,28.33882055986562,0.0,28.33882055986562,28.33882055986562,28.33882055986562,56.5032280616147,0.0,56.5032280616147,56.5032280616147,56.5032280616147,533.719505543726,5.929495239787514,527.7900103039385,539.6490007835135,527.7900103039385,1494.208587406346,66.70181039801139,1427.5067770083344,1560.9103978043572,1560.9103978043572,6.662934454491955,0.10848622633088523,6.55444822816107,6.771420680822841,6.771420680822841,885.7113588420103,121.57837966731597,764.1329791746944,1007.2897385093263,1007.2897385093263,2025-11-27T07:53:32.168870+00:00
dev4,27.224684160178008,1.114136399687613,26.110547760490395,28.33882055986562,26.110547760490395,56.5032280616147,0.0,56.5032280616147,56.5032280616147,56.5032280616147,527.7900103039385,0.0,527.7900103039385,527.7900103039385,527.7900103039385,1494.208587406346,66.70181039801139,1427.5067770083344,1560.9103978043572,1560.9103978043572,6.662934454491955,0.10848622633088523,6.55444822816107,6.771420680822841,6.771420680822841,885.7113588420103,121.57837966731597,764.1329791746944,1007.2897385093263,1007.2897385093263,2025-11-27T07:53:34.360217+00:00
dev4,27.224684160178008,1.114136399687613,26.110547760490395,28.33882055986562,26.110547760490395,54.0711100111702,2.432118050444501,51.6389919607257,56.5032280616147,51.6389919607257,527.7900103039385,0.0,527.7900103039385,527.7900103039385,527.7900103039385,1560.9103978043572,0.0,1560.9103978043572,1560.9103978043572,1560.9103978043572,6.662934454491955,0.10848622633088523,6.55444822816107,6.771420680822841,6.771420680822841,885.7113588420103,121.57837966731597,764.1329791746944,1007.2897385093263,1007.2897385093263,2025-11-27T07:53:34.363683+00:00
dev4,27.224684160178008,1.114136399687613,26.110547760490395,28.33882055986562,26.110547760490395,54.0711100111702,2.432118050444501,51.6389919607257,56.5032280616147,51.6389919607257,533.9550739103802,6.16506360644172,527.7900103039385,540.120137516822,540.120137516822,1560.9103978043572,0.0,1560.9103978043572,1560.9103978043572,1560.9103978043572,6.771420680822841,0.0,6.771420680822841,6.771420680822841,6.771420680822841,885.7113588420103,121.57837966731597,764.1329791746944,1007.2897385093263,1007.2897385093263,2025-11-27T07:53:34.367253+00:00
dev4,27.224684160178008,1.114136399687613,26.110547760490395,28.33882055986562,26.110547760490395,54.0711100111702,2.432118050444501,51.6389919607257,56.5032280616147,51.6389919607257,533.9550739103802,6.16506360644172,527.7900103039385,540.120137516822,540.120137516822,805.1044553749725,755.8059424293847,49.29851294558773,1560.9103978043572,49.29851294558773,6.771420680822841,0.0,6.771420680822841,6.771420680822841,6.771420680822841,1007.2897385093263,0.0,1007.2897385093263,1007.2897385093263,1007.2897385093263,2025-11-27T07:53:34.371026+00:00
dev4,26.110547760490395,0.0,26.110547760490395,26.110547760490395,26.110547760490395,54.0711100111702,2.432118050444501,51.6389919607257,56.5032280616147,51.6389919607257,533.9550739103802,6.16506360644172,527.7900103039385,540.120137516822,540.120137516822,805.1044553749725,755.8059424293847,49.29851294558773,1560.9103978043572,49.29851294558773,6.356477525563028,0.4149431552598135,5.941534370303214,6.771420680822841,5.941534370303214,1007.2897385093263,0.0,1007.2897385093263,1007.2897385093263,1007.2897385093263,2025-11-27T07:53:34.374803+00:00
dev4,26.110547760490395,0.0,26.110547760490395,26.110547760490395,26.110547760490395,51.6389919607257,0.0,51.6389919607257,51.6389919607257,51.6389919607257,533.9550739103802,6.16506360644172,527.7900103039385,540.120137516822,540.120137516822,805.1044553749725,755.8059424293847,49.29851294558773,1560.9103978043572,49.29851294558773,6.356477525563028,0.4149431552598135,5.941534370303214,6.771420680822841,5.941534370303214,902.7255522823948,104.56418622693144,798.1613660554634,1007.2897385093263,798.1613660554634,2025-11-27T07:53:34.378847+00:00
dev4,28.01135844939953,1.9008106889091376,26.110547760490395,29.91216913830867,29.91216913830867,51.6389919607257,0.0,51.6389919607257,51.6389919607257,51.6389919607257,540.120137516822,0.0,540.120137516822,540.120137516822,540.120137516822,805.1044553749725,755.8059424293847,49.29851294558773,1560.9103978043572,49.29851294558773,6.356477525563028,0.4149431552598135,5.941534370303214,6.771420680822841,5.941534370303214,902.7255522823948,104.56418622693144,798.1613660554634,1007.2897385093263,798.1613660554634,2025-11-27T07:53:36.631463+00:00
dev4,28.01135844939953,1.9008106889091376,26.110547760490395,29.91216913830867,29.91216913830867,50.698926136924,0.9400658238016995,49.7588603131223,51.6389919607257,49.7588603131223,540.120137516822,0.0,540.120137516822,540.120137516822,540.120137516822,49.29851294558773,0.0,49.29851294558773,49.29851294558773,49.29851294558773,6.356477525563028,0.4149431552598135,5.941534370303214,6.771420680822841,5.941534370303214,902.7255522823948,104.56418622693144,798.1613660554634,1007.2897385093263,798.1613660554634,2025-11-27T07:53:36.637778+00:00
dev4,28.01135844939953,1.9008106889091376,26.110547760490395,29.91216913830867,29.91216913830867,50.698926136924,0.9400658238016995,49.7588603131223,51.6389919607257,49.7588603131223,513.0002027448235,27.11993477199846,485.88026797282504,540.120137516822,485.88026797282504,49.29851294558773,0.0,49.29851294558773,49.29851294558773,49.29851294558773,5.941534370303214,0.0,5.941534370303214,5.941534370303214,5.941534370303214,902.7255522823948,104.56418622693144,798.1613660554634,1007.2897385093263,798.1613660554634,2025-11-27T07:53:36.644879+00:00
dev4,28.01135844939953,1.9008106889091376,26.110547760490395,29.91216913830867,29.91216913830867,50.698926136924,0.9400658238016995,49.7588603131223,51.6389919607257,49.7588603131223,513.0002027448235,27.11993477199846,485.88026797282504,540.120137516822,485.88026797282504,476.7712713425272,427.47275839693947,49.29851294558773,904.2440297394667,904.2440297394667,5.941534370303214,0.0,5.941534370303214,5.941534370303214,5.941534370303214,798.1613660554634,0.0,798.1613660554634,798.1613660554634,798.1613660554634,2025-11-27T07:53:36.650101+00:00
dev4,29.91216913830867,0.0,29.91216913830867,29.91216913830867,29.91216913830867,50.698926136924,0.9400658238016995,49.7588603131223,51.6389919607257,49.7588603131223,513.0002027448235,27.11993477199846,485.88026797282504,540.120137516822,485.88026797282504,476.7712713425272,427.47275839693947,49.29851294558773,904.2440297394667,904.2440297394667,5.959591942553869,0.018057572250655518,5.941534370303214,5.977649514804525,5.977649514804525,798.1613660554634,0.0,798.1613660554634,798.1613660554634,798.1613660554634,2025-11-27T07:53:36.655277+00:00
dev4,29.91216913830867,0.0,29.91216913830867,29.91216913830867,29.91216913830867,49.7588603131223,0.0,49.7588603131223,49.7588603131223,49.7588603131223,513.0002027448235,27.11993477199846,485.88026797282504,540.120137516822,485.88026797282504,476.7712713425272,427.47275839693947,49.29851294558773,904.2440297394667,904.2440297394667,5.959591942553869,0.018057572250655518,5.941534370303214,5.977649514804525,5.977649514804525,581.1759592931548,216.98540676230854,364.19055253084633,798.1613660554634,364.19055253084633,2025-11-27T07:53:36.660059+00:00
dev4,26.17272379241684,3.7394453458918324,22.433278446525005,29.91216913830867,22.433278446525005,49.7588603131223,0.0,49.7588603131223,49.7588603131223,49.7588603131223,485.88026797282504,0.0,485.88026797282504,485.88026797282504,485.88026797282504,476.7712713425272,427.47275839693947,49.29851294558773,904.2440297394667,904.2440297394667,5.959591942553869,0.018057572250655518,5.941534370303214,5.977649514804525,5.977649514804525,581.1759592931548,216.98540676230854,364.19055253084633,798.1613660554634,364.19055253084633,2025-11-27T07:53:38.869166+00:00
dev4,26.17272379241684,3.7394453458918324,22.433278446525005,29.91216913830867,22.433278446525005,52.61511370272633,2.8562533896040385,49.7588603131223,55.471367092330375,55.471367092330375,485.88026797282504,0.0,485.88026797282504,485.88026797282504,485.88026797282504,904.2440297394667,0.0,904.2440297394667,904.2440297394667,904.2440297394667,5.959591942553869,0.018057572250655518,5.941534370303214,5.977649514804525,5.977649514804525,581.1759592931548,216.98540676230854,364.19055253084633,798.1613660554634,364.19055253084633,2025-11-27T07:53:38.873744+00:00
dev4,26.17272379241684,3.7394453458918324,22.433278446525005,29.91216913830867,22.433278446525005,52.61511370272633,2.8562533896040385,49.7588603131223,55.471367092330375,55.471367092330375,497.53030460065764,11.650036627832606,485.88026797282504,509.18034122849025,509.18034122849025,904.2440297394667,0.0,904.2440297394667,904.2440297394667,904.2440297394667,5.977649514804525,0.0,5.977649514804525,5.977649514804525,5.977649514804525,581.1759592931548,216.98540676230854,364.19055253084633,798.1613660554634,364.19055253084633,2025-11-27T07:53:38.877497+00:00
dev4,26.17272379241684,3.7394453458918324,22.433278446525005,29.91216913830867,22.433278446525005,52.61511370272633,2.8562533896040385,49.7588603131223,55.471367092330375,55.471367092330375,497.53030460065764,11.650036627832606,485.88026797282504,509.18034122849025,509.18034122849025,712.1223433264527,192.121686413014,520.0006569134387,904.2440297394667,520.0006569134387,5.977649514804525,0.0,5.977649514804525,5.977649514804525,5.977649514804525,364.19055253084633,0.0,364.19055253084633,364.19055253084633,364.19055253084633,2025-11-27T07:53:38.881003+00:00
dev4,22.433278446525005,0.0,22.433278446525005,22.433278446525005,22.433278446525005,52.61511370272633,2.8562533896040385,49.7588603131223,55.471367092330375,55.471367092330375,497.53030460065764,11.650036627832606,485.88026797282504,509.18034122849025,509.18034122849025,712.1223433264527,192.121686413014,520.0006569134387,904.2440297394667,520.0006569134387,6.090195844019206,0.11254632921468088,5.977649514804525,6.2027421732338865,6.2027421732338865,364.19055253084633,0.0,364.19055253084633,364.19055253084633,364.19055253084633,2025-11-27T07:53:38.884621+00:00
dev4,22.433278446525005,0.0,22.433278446525005,22.433278446525005,22.433278446525005,55.471367092330375,0.0,55.471367092330375,55.471367092330375,55.471367092330375,497.53030460065764,11.650036627832606,485.88026797282504,509.18034122849025,509.18034122849025,712.1223433264527,192.121686413014,520.0006569134387,904.2440297394667,520.0006569134387,6.090195844019206,0.11254632921468088,5.977649514804525,6.2027421732338865,6.2027421732338865,402.1844756056736,37.99392307482725,364.19055253084633,440.17839868050083,440.17839868050083,2025-11-27T07:53:38.888151+00:00
dev4,1.4987803403796232,20.934498106145384,-19.43571776576576,22.433278446525005,-19.43571776576576,55.471367092330375,0.0,55.471367092330375,55.471367092330375,55.471367092330375,509.18034122849025,0.0,509.18034122849025,509.18034122849025,509.18034122849025,712.1223433264527,192.121686413014,520.0006569134387,904.2440297394667,520.0006569134387,6.090195844019206,0.11254632921468088,5.977649514804525,6.2027421732338865,6.2027421732338865,402.1844756056736,37.99392307482725,364.19055253084633,440.17839868050083,440.17839868050083,2025-11-27T07:53:41.084916+00:00
dev4,1.4987803403796232,20.934498106145384,-19.43571776576576,22.433278446525005,-19.43571776576576,128.45582891035562,72.98446181802525,55.471367092330375,201.4402907283809,201.4402907283809,509.18034122849025,0.0,509.18034122849025,509.18034122849025,509.18034122849025,520.0006569134387,0.0,520.0006569134387,520.0006569134387,520.0006569134387,6.090195844019206,0.11254632921468088,5.977649514804525,6.2027421732338865,6.2027421732338865,402.1844756056736,37.99392307482725,364.19055253084633,440.17839868050083,440.17839868050083,2025-11-27T07:53:41.089576+00:00
dev4,1.4987803403796232,20.934498106145384,-19.43571776576576,22.433278446525005,-19.43571776576576,128.45582891035562,72.98446181802525,55.471367092330375,201.4402907283809,201.4402907283809,1070.536644846961,561.3563036184707,509.18034122849025,1631.8929484654318,1631.8929484654318,520.0006569134387,0.0,520.0006569134387,520.0006569134387,520.0006569134387,6.2027421732338865,0.0,6.2027421732338865,6.2027421732338865,6.2027421732338865,402.1844756056736,37.99392307482725,364.19055253084633,440.17839868050083,440.17839868050083,2025-11-27T07:53:41.094109+00:00
dev4,1.4987803403796232,20.934498106145384,-19.43571776576576,22.433278446525005,-19.43571776576576,128.45582891035562,72.98446181802525,55.471367092330375,201.4402907283809,201.4402907283809,1070.536644846961,561.3563036184707,509.18034122849025,1631.8929484654318,1631.8929484654318,-1569.860435420479,2089.8610923339174,-3659.7215277543964,520.0006569134387,-3659.7215277543964,6.2027421732338865,0.0,6.2027421732338865,6.2027421732338865,6.2027421732338865,440.17839868050083,0.0,440.17839868050083,440.17839868050083,440.17839868050083,2025-11-27T07:53:41.098311+00:00
dev4,-19.43571776576576,0.0,-19.43571776576576,-19.43571776576576,-19.43571776576576,128.45582891035562,72.98446181802525,55.471367092330375,201.4402907283809,201.4402907283809,1070.536644846961,561.3563036184707,509.18034122849025,1631.8929484654318,1631.8929484654318,-1569.860435420479,2089.8610923339174,-3659.7215277543964,520.0006569134387,-3659.7215277543964,3.9370265135550895,2.265715659678797,1.6713108538762924,6.2027421732338865,1.6713108538762924,440.17839868050083,0.0,440.17839868050083,440.17839868050083,440.17839868050083,2025-11-27T07:53:41.104025+00:00
dev4,-19.43571776576576,0.0,-19.43571776576576,-19.43571776576576,-19.43571776576576,201.4402907283809,0.0,201.4402907283809,201.4402907283809,201.4402907283809,1070.536644846961,561.3563036184707,509.18034122849025,1631.8929484654318,1631.8929484654318,-1569.860435420479,2089.8610923339174,-3659.7215277543964,520.0006569134387,-3659.7215277543964,3.9370265135550895,2.265715659678797,1.6713108538762924,6.2027421732338865,1.6713108538762924,1377.126313782339,936.9479151018381,440.17839868050083,2314.074228884177,2314.074228884177,2025-11-27T07:53:41.112209+00:00
dev4,-24.983253718278633,5.547535952512874,-30.530789670791506,-19.43571776576576,-30.530789670791506,201.4402907283809,0.0,201.4402907283809,201.4402907283809,201.4402907283809,1631.8929484654318,0.0,1631.8929484654318,1631.8929484654318,1631.8929484654318,-1569.860435420479,2089.8610923339174,-3659.7215277543964,520.0006569134387,-3659.7215277543964,3.9370265135550895,2.265715659678797,1.6713108538762924,6.2027421732338865,1.6713108538762924,1377.126313782339,936.9479151018381,440.17839868050083,2314.074228884177,2314.074228884177,2025-11-27T07:53:43.384172+00:00
dev4,-24.983253718278633,5.547535952512874,-30.530789670791506,-19.43571776576576,-30.530789670791506,170.35627529891565,31.08401542946524,139.2722598694504,201.4402907283809,139.2722598694504,1631.8929484654318,0.0,1631.8929484654318,1631.8929484654318,1631.8929484654318,-3659.7215277543964,0.0,-3659.7215277543964,-3659.7215277543964,-3659.7215277543964,3.9370265135550895,2.265715659678797,1.6713108538762924,6.2027421732338865,1.6713108538762924,1377.126313782339,936.9479151018381,440.17839868050083,2314.074228884177,2314.074228884177,2025-11-27T07:53:43.389503+00:00
dev4,-24.983253718278633,5.547535952512874,-30.530789670791506,-19.43571776576576,-30.530789670791506,170.35627529891565,31.08401542946524,139.2722598694504,201.4402907283809,139.2722598694504,1937.796045526116,305.9030970606841,1631.8929484654318,2243.6991425868,2243.6991425868,-3659.7215277543964,0.0,-3659.7215277543964,-3659.7215277543964,-3659.7215277543964,1.6713108538762924,0.0,1.6713108538762924,1.6713108538762924,1.6713108538762924,1377.126313782339,936.9479151018381,440.17839868050083,2314.074228884177,2314.074228884177,2025-11-27T07:53:43.394665+00:00
dev4,-24.983253718278633,5.547535952512874,-30.530789670791506,-19.43571776576576,-30.530789670791506,170.35627529891565,31.08401542946524,139.2722598694504,201.4402907283809,139.2722598694504,1937.796045526116,305.9030970606841,1631.8929484654318,2243.6991425868,2243.6991425868,-2734.8403077646235,924.8812199897732,-3659.7215277543964,-1809.95908777485,-1809.95908777485,1.6713108538762924,0.0,1.6713108538762924,1.6713108538762924,1.6713108538762924,2314.074228884177,0.0,2314.074228884177,2314.074228884177,2314.074228884177,2025-11-27T07:53:43.400262+00:00
dev4,-30.530789670791506,0.0,-30.530789670791506,-30.530789670791506,-30.530789670791506,170.35627529891565,31.08401542946524,139.2722598694504,201.4402907283809,139.2722598694504,1937.796045526116,305.9030970606841,1631.8929484654318,2243.6991425868,2243.6991425868,-2734.8403077646235,924.8812199897732,-3659.7215277543964,-1809.95908777485,-1809.95908777485,2.189335841653863,0.5180249877775702,1.6713108538762924,2.707360829431433,2.707360829431433,2314.074228884177,0.0,2314.074228884177,2314.074228884177,2314.074228884177,2025-11-27T07:53:43.406329+00:00
dev4,-30.530789670791506,0.0,-30.530789670791506,-30.530789670791506,-30.530789670791506,139.2722598694504,0.0,139.2722598694504,139.2722598694504,139.2722598694504,1937.796045526116,305.9030970606841,1631.8929484654318,2243.6991425868,2243.6991425868,-2734.8403077646235,924.8812199897732,-3659.7215277543964,-1809.95908777485,-1809.95908777485,2.189335841653863,0.5180249877775702,1.6713108538762924,2.707360829431433,2.707360829431433,2661.716851801462,347.6426229172848,2314.074228884177,3009.3594747187467,3009.3594747187467,2025-11-27T07:53:43.411323+00:00
dev4,23.90577175937527,54.436561430166776,-30.530789670791506,78.34233318954205,78.34233318954205,139.2722598694504,0.0,139.2722598694504,139.2722598694504,139.2722598694504,2243.6991425868,0.0,2243.6991425868,2243.6991425868,2243.6991425868,-2734.8403077646235,924.8812199897732,-3659.7215277543964,-1809.95908777485,-1809.95908777485,2.189335841653863,0.5180249877775702,1.6713108538762924,2.707360829431433,2.707360829431433,2661.716851801462,347.6426229172848,2314.074228884177,3009.3594747187467,3009.3594747187467,2025-11-27T07:53:45.644944+00:00
dev4,23.90577175937527,54.436561430166776,-30.530789670791506,78.34233318954205,78.34233318954205,49.45808310194401,89.8141767675064,-40.35609366556238,139.2722598694504,-40.35609366556238,2243.6991425868,0.0,2243.6991425868,2243.6991425868,2243.6991425868,-1809.95908777485,0.0,-1809.95908777485,-1809.95908777485,-1809.95908777485,2.189335841653863,0.5180249877775702,1.6713108538762924,2.707360829431433,2.707360829431433,2661.716851801462,347.6426229172848,2314.074228884177,3009.3594747187467,3009.3594747187467,2025-11-27T07:53:45.648488+00:00
dev4,23.90577175937527,54.436561430166776,-30.530789670791506,78.34233318954205,78.34233318954205,49.45808310194401,89.8141767675064,-40.35609366556238,139.2722598694504,-40.35609366556238,706.9692035980468,1536.7299389887532,-829.7607353907065,2243.6991425868,-829.7607353907065,-1809.95908777485,0.0,-1809.95908777485,-1809.95908777485,-1809.95908777485,2.707360829431433,0.0,2.707360829431433,2.707360829431433,2.707360829431433,2661.716851801462,347.6426229172848,2314.074228884177,3009.3594747187467,3009.3594747187467,2025-11-27T07:53:45.651890+00:00
dev4,23.90577175937527,54.436561430166776,-30.530789670791506,78.34233318954205,78.34233318954205,49.45808310194401,89.8141767675064,-40.35609366556238,139.2722598694504,-40.35609366556238,706.9692035980468,1536.7299389887532,-829.7607353907065,2243.6991425868,-829.7607353907065,-2490.4707827951142,680.5116950202639,-3170.982477815378,-1809.95908777485,-3170.982477815378,2.707360829431433,0.0,2.707360829431433,2.707360829431433,2.707360829431433,3009.3594747187467,0.0,3009.3594747187467,3009.3594747187467,3009.3594747187467,2025-11-27T07:53:45.655299+00:00
dev4,78.34233318954205,0.0,78.34233318954205,78.34233318954205,78.34233318954205,49.45808310194401,89.8141767675064,-40.35609366556238,139.2722598694504,-40.35609366556238,706.9692035980468,1536.7299389887532,-829.7607353907065,2243.6991425868,-829.7607353907065,-2490.4707827951142,680.5116950202639,-3170.982477815378,-1809.95908777485,-3170.982477815378,7.308713742508024,4.601352913076591,2.707360829431433,11.910066655584615,11.910066655584615,3009.3594747187467,0.0,3009.3594747187467,3009.3594747187467,3009.3594747187467,2025-11-27T07:53:45.659480+00:00
dev4,78.34233318954205,0.0,78.34233318954205,78.34233318954205,78.34233318954205,-40.35609366556238,0.0,-40.35609366556238,-40.35609366556238,-40.35609366556238,706.9692035980468,1536.7299389887532,-829.7607353907065,2243.6991425868,-829.7607353907065,-2490.4707827951142,680.5116950202639,-3170.982477815378,-1809.95908777485,-3170.982477815378,7.308713742508024,4.601352913076591,2.707360829431433,11.910066655584615,11.910066655584615,736.1570708083302,2273.2024039104163,-1537.0453331020863,3009.3594747187467,-1537.0453331020863,2025-11-27T07:53:45.663180+00:00
dev4,68.55560845225325,9.786724737288797,58.76888371496445,78.34233318954205,58.76888371496445,-40.35609366556238,0.0,-40.35609366556238,-40.35609366556238,-40.35609366556238,-829.7607353907065,0.0,-829.7607353907065,-829.7607353907065,-829.7607353907065,-2490.4707827951142,680.5116950202639,-3170.982477815378,-1809.95908777485,-3170.982477815378,7.308713742508024,4.601352913076591,2.707360829431433,11.910066655584615,11.910066655584615,736.1570708083302,2273.2024039104163,-1537.0453331020863,3009.3594747187467,-1537.0453331020863,2025-11-27T07:53:47.882141+00:00
dev4,68.55560845225325,9.786724737288797,58.76888371496445,78.34233318954205,58.76888371496445,71.23118039322779,111.58727405879017,-40.35609366556238,182.81845445201796,182.81845445201796,-829.7607353907065,0.0,-829.7607353907065,-829.7607353907065,-829.7607353907065,-3170.982477815378,0.0,-3170.982477815378,-3170.982477815378,-3170.982477815378,7.308713742508024,4.601352913076591,2.707360829431433,11.910066655584615,11.910066655584615,736.1570708083302,2273.2024039104163,-1537.0453331020863,3009.3594747187467,-1537.0453331020863,2025-11-27T07:53:47.886856+00:00
dev4,68.55560845225325,9.786724737288797,58.76888371496445,78.34233318954205,58.76888371496445,71.23118039322779,111.58727405879017,-40.35609366556238,182.81845445201796,182.81845445201796,-863.9683554599668,34.207620069260315,-898.1759755292271,-829.7607353907065,-898.1759755292271,-3170.982477815378,0.0,-3170.982477815378,-3170.982477815378,-3170.982477815378,11.910066655584615,0.0,11.910066655584615,11.910066655584615,11.910066655584615,736.1570708083302,2273.2024039104163,-1537.0453331020863,3009.3594747187467,-1537.0453331020863,2025-11-27T07:53:47.891353+00:00
dev4,68.55560845225325,9.786724737288797,58.76888371496445,78.34233318954205,58.76888371496445,71.23118039322779,111.58727405879017,-40.35609366556238,182.81845445201796,182.81845445201796,-863.9683554599668,34.207620069260315,-898.1759755292271,-829.7607353907065,-898.1759755292271,1604.8127546763671,4775.795232491745,-3170.982477815378,6380.607987168112,6380.607987168112,11.910066655584615,0.0,11.910066655584615,11.910066655584615,11.910066655584615,-1537.0453331020863,0.0,-1537.0453331020863,-1537.0453331020863,-1537.0453331020863,2025-11-27T07:53:47.895309+00:00
dev4,58.76888371496445,0.0,58.76888371496445,58.76888371496445,58.76888371496445,71.23118039322779,111.58727405879017,-40.35609366556238,182.81845445201796,182.81845445201796,-863.9683554599668,34.207620069260315,-898.1759755292271,-829.7607353907065,-898.1759755292271,1604.8127546763671,4775.795232491745,-3170.982477815378,6380.607987168112,6380.607987168112,11.566361712194585,0.3437049433900299,11.222656768804555,11.910066655584615,11.222656768804555,-1537.0453331020863,0.0,-1537.0453331020863,-1537.0453331020863,-1537.0453331020863,2025-11-27T07:53:47.902038+00:00
dev4,58.76888371496445,0.0,58.76888371496445,58.76888371496445,58.76888371496445,182.81845445201796,0.0,182.81845445201796,182.81845445201796,182.81845445201796,-863.9683554599668,34.207620069260315,-898.1759755292271,-829.7607353907065,-898.1759755292271,1604.8127546763671,4775.795232491745,-3170.982477815378,6380.607987168112,6380.607987168112,11.566361712194585,0.3437049433900299,11.222656768804555,11.910066655584615,11.222656768804555,307.988927854989,1845.0342609570753,-1537.0453331020863,2153.0231888120643,2153.0231888120643,2025-11-27T07:53:47.906294+00:00
dev4,65.70516135738424,6.9362776424197925,58.76888371496445,72.64143899980404,72.64143899980404,182.81845445201796,0.0,182.81845445201796,182.81845445201796,182.81845445201796,-898.1759755292271,0.0,-898.1759755292271,-898.1759755292271,-898.1759755292271,1604.8127546763671,4775.795232491745,-3170.982477815378,6380.607987168112,6380.607987168112,11.566361712194585,0.3437049433900299,11.222656768804555,11.910066655584615,11.222656768804555,307.988927854989,1845.0342609570753,-1537.0453331020863,2153.0231888120643,2153.0231888120643,2025-11-27T07:53:50.099756+00:00
dev4,65.70516135738424,6.9362776424197925,58.76888371496445,72.64143899980404,72.64143899980404,47.604499883391625,135.21395456862632,-87.60945468523471,182.81845445201796,-87.60945468523471,-898.1759755292271,0.0,-898.1759755292271,-898.1759755292271,-898.1759755292271,6380.607987168112,0.0,6380.607987168112,6380.607987168112,6380.607987168112,11.566361712194585,0.3437049433900299,11.222656768804555,11.910066655584615,11.222656768804555,307.988927854989,1845.0342609570753,-1537.0453331020863,2153.0231888120643,2153.0231888120643,2025-11-27T07:53:50.103200+00:00
dev4,65.70516135738424,6.9362776424197925,58.76888371496445,72.64143899980404,72.64143899980404,47.604499883391625,135.21395456862632,-87.60945468523471,182.81845445201796,-87.60945468523471,489.1913236859341,1387.3672992151612,-898.1759755292271,1876.5586229010953,1876.5586229010953,6380.607987168112,0.0,6380.607987168112,6380.607987168112,6380.607987168112,11.222656768804555,0.0,11.222656768804555,11.222656768804555,11.222656768804555,307.988927854989,1845.0342609570753,-1537.0453331020863,2153.0231888120643,2153.0231888120643,2025-11-27T07:53:50.106948+00:00
dev4,65.70516135738424,6.9362776424197925,58.76888371496445,72.64143899980404,72.64143899980404,47.604499883391625,135.21395456862632,-87.60945468523471,182.81845445201796,-87.60945468523471,489.1913236859341,1387.3672992151612,-898.1759755292271,1876.5586229010953,1876.5586229010953,6556.426810791187,175.81882362307442,6380.607987168112,6732.245634414261,6732.245634414261,11.222656768804555,0.0,11.222656768804555,11.222656768804555,11.222656768804555,2153.0231888120643,0.0,2153.0231888120643,2153.0231888120643,2153.0231888120643,2025-11-27T07:53:50.110183+00:00
dev4,72.64143899980404,0.0,72.64143899980404,72.64143899980404,72.64143899980404,47.604499883391625,135.21395456862632,-87.60945468523471,182.81845445201796,-87.60945468523471,489.1913236859341,1387.3672992151612,-898.1759755292271,1876.5586229010953,1876.5586229010953,6556.426810791187,175.81882362307442,6380.607987168112,6732.245634414261,6732.245634414261,11.597966468722383,0.37530969991782825,11.222656768804555,11.973276168640211,11.973276168640211,2153.0231888120643,0.0,2153.0231888120643,2153.0231888120643,2153.0231888120643,2025-11-27T07:53:50.114364+00:00
dev4,72.64143899980404,0.0,72.64143899980404,72.64143899980404,72.64143899980404,-87.60945468523471,0.0,-87.60945468523471,-87.60945468523471,-87.60945468523471,489.1913236859341,1387.3672992151612,-898.1759755292271,1876.5586229010953,1876.5586229010953,6556.426810791187,175.81882362307442,6380.607987168112,6732.245634414261,6732.245634414261,11.597966468722383,0.37530969991782825,11.222656768804555,11.973276168640211,11.973276168640211,2586.42397379051,433.4007849784455,2153.0231888120643,3019.8247587689552,3019.8247587689552,2025-11-27T07:53:50.119472+00:00
dev4,25.84011844871675,46.80132055108729,-20.961202102370535,72.64143899980404,-20.961202102370535,-87.60945468523471,0.0,-87.60945468523471,-87.60945468523471,-87.60945468523471,1876.5586229010953,0.0,1876.5586229010953,1876.5586229010953,1876.5586229010953,6556.426810791187,175.81882362307442,6380.607987168112,6732.245634414261,6732.245634414261,11.597966468722383,0.37530969991782825,11.222656768804555,11.973276168640211,11.973276168640211,2586.42397379051,433.4007849784455,2153.0231888120643,3019.8247587689552,3019.8247587689552,2025-11-27T07:53:52.346285+00:00
dev4,25.84011844871675,46.80132055108729,-20.961202102370535,72.64143899980404,-20.961202102370535,43.261286844410776,130.8707415296455,-87.60945468523471,174.13202837405626,174.13202837405626,1876.5586229010953,0.0,1876.5586229010953,1876.5586229010953,1876.5586229010953,6732.245634414261,0.0,6732.245634414261,6732.245634414261,6732.245634414261,11.597966468722383,0.37530969991782825,11.222656768804555,11.973276168640211,11.973276168640211,2586.42397379051,433.4007849784455,2153.0231888120643,3019.8247587689552,3019.8247587689552,2025-11-27T07:53:52.350061+00:00
dev4,25.84011844871675,46.80132055108729,-20.961202102370535,72.64143899980404,-20.961202102370535,43.261286844410776,130.8707415296455,-87.60945468523471,174.13202837405626,174.13202837405626,2048.2384941526316,171.67987125153638,1876.5586229010953,2219.918365404168,2219.918365404168,6732.245634414261,0.0,6732.245634414261,6732.245634414261,6732.245634414261,11.973276168640211,0.0,11.973276168640211,11.973276168640211,11.973276168640211,2586.42397379051,433.4007849784455,2153.0231888120643,3019.8247587689552,3019.8247587689552,2025-11-27T07:53:52.353461+00:00
dev4,25.84011844871675,46.80132055108729,-20.961202102370535,72.64143899980404,-20.961202102370535,43.261286844410776,130.8707415296455,-87.60945468523471,174.13202837405626,174.13202837405626,2048.2384941526316,171.67987125153638,1876.5586229010953,2219.918365404168,2219.918365404168,1677.7554307454056,5054.490203668855,-3376.73477292345,6732.245634414261,-3376.73477292345,11.973276168640211,0.0,11.973276168640211,11.973276168640211,11.973276168640211,3019.8247587689552,0.0,3019.8247587689552,3019.8247587689552,3019.8247587689552,2025-11-27T07:53:52.356871+00:00
dev4,-20.961202102370535,0.0,-20.961202102370535,-20.961202102370535,-20.961202102370535,43.261286844410776,130.8707415296455,-87.60945468523471,174.13202837405626,174.13202837405626,2048.2384941526316,171.67987125153638,1876.5586229010953,2219.918365404168,2219.918365404168,1677.7554307454056,5054.490203668855,-3376.73477292345,6732.245634414261,-3376.73477292345,7.509372244278579,4.463903924361633,3.0454683199169463,11.973276168640211,3.0454683199169463,3019.8247587689552,0.0,3019.8247587689552,3019.8247587689552,3019.8247587689552,2025-11-27T07:53:52.360865+00:00
dev4,-20.961202102370535,0.0,-20.961202102370535,-20.961202102370535,-20.961202102370535,174.13202837405626,0.0,174.13202837405626,174.13202837405626,174.13202837405626,2048.2384941526316,171.67987125153638,1876.5586229010953,2219.918365404168,2219.918365404168,1677.7554307454056,5054.490203668855,-3376.73477292345,6732.245634414261,-3376.73477292345,7.509372244278579,4.463903924361633,3.0454683199169463,11.973276168640211,3.0454683199169463,3078.696731561892,58.87197279293673,3019.8247587689552,3137.5687043548287,3137.5687043548287,2025-11-27T07:53:52.364538+00:00
dev4,27.909932064369727,48.87113416674026,-20.961202102370535,76.78106623110999,76.78106623110999,174.13202837405626,0.0,174.13202837405626,174.13202837405626,174.13202837405626,2219.918365404168,0.0,2219.918365404168,2219.918365404168,2219.918365404168,1677.7554307454056,5054.490203668855,-3376.73477292345,6732.245634414261,-3376.73477292345,7.509372244278579,4.463903924361633,3.0454683199169463,11.973276168640211,3.0454683199169463,3078.696731561892,58.87197279293673,3019.8247587689552,3137.5687043548287,3137.5687043548287,2025-11-27T07:53:54.566616+00:00
dev4,27.909932064369727,48.87113416674026,-20.961202102370535,76.78106623110999,76.78106623110999,59.61929836077715,114.51273001327911,-54.89343165250196,174.13202837405626,-54.89343165250196,2219.918365404168,0.0,2219.918365404168,2219.918365404168,2219.918365404168,-3376.73477292345,0.0,-3376.73477292345,-3376.73477292345,-3376.73477292345,7.509372244278579,4.463903924361633,3.0454683199169463,11.973276168640211,3.0454683199169463,3078.696731561892,58.87197279293673,3019.8247587689552,3137.5687043548287,3137.5687043548287,2025-11-27T07:53:54.570371+00:00
dev4,27.909932064369727,48.87113416674026,-20.961202102370535,76.78106623110999,76.78106623110999,59.61929836077715,114.51273001327911,-54.89343165250196,174.13202837405626,-54.89343165250196,2107.0250824158443,112.8932829883239,1994.1317994275203,2219.918365404168,1994.1317994275203,-3376.73477292345,0.0,-3376.73477292345,-3376.73477292345,-3376.73477292345,3.0454683199169463,0.0,3.0454683199169463,3.0454683199169463,3.0454683199169463,3078.696731561892,58.87197279293673,3019.8247587689552,3137.5687043548287,3137.5687043548287,2025-11-27T07:53:54.573798+00:00
dev4,27.909932064369727,48.87113416674026,-20.961202102370535,76.78106623110999,76.78106623110999,59.61929836077715,114.51273001327911,-54.89343165250196,174.13202837405626,-54.89343165250196,2107.0250824158443,112.8932829883239,1994.1317994275203,2219.918365404168,1994.1317994275203,886.9342550002079,4263.669027923657,-3376.73477292345,5150.603282923866,5150.603282923866,3.0454683199169463,0.0,3.0454683199169463,3.0454683199169463,3.0454683199169463,3137.5687043548287,0.0,3137.5687043548287,3137.5687043548287,3137.5687043548287,2025-11-27T07:53:54.577403+00:00
dev4,76.78106623110999,0.0,76.78106623110999,76.78106623110999,76.78106623110999,59.61929836077715,114.51273001327911,-54.89343165250196,174.13202837405626,-54.89343165250196,2107.0250824158443,112.8932829883239,1994.1317994275203,2219.918365404168,1994.1317994275203,886.9342550002079,4263.669027923657,-3376.73477292345,5150.603282923866,5150.603282923866,2.1829310637639026,0.8625372561530436,1.3203938076108592,3.0454683199169463,1.3203938076108592,3137.5687043548287,0.0,3137.5687043548287,3137.5687043548287,3137.5687043548287,2025-11-27T07:53:54.580891+00:00
dev4,76.78106623110999,0.0,76.78106623110999,76.78106623110999,76.78106623110999,-54.89343165250196,0.0,-54.89343165250196,-54.89343165250196,-54.89343165250196,2107.0250824158443,112.8932829883239,1994.1317994275203,2219.918365404168,1994.1317994275203,886.9342550002079,4263.669027923657,-3376.73477292345,5150.603282923866,5150.603282923866,2.1829310637639026,0.8625372561530436,1.3203938076108592,3.0454683199169463,1.3203938076108592,3167.831307675633,30.262603320804374,3137.5687043548287,3198.0939109964374,3198.0939109964374,2025-11-27T07:53:54.584890+00:00
dev4,21.235279923916064,55.54578630719392,-34.31050638327786,76.78106623110999,-34.31050638327786,-54.89343165250196,0.0,-54.89343165250196,-54.89343165250196,-54.89343165250196,1994.1317994275203,0.0,1994.1317994275203,1994.1317994275203,1994.1317994275203,886.9342550002079,4263.669027923657,-3376.73477292345,5150.603282923866,5150.603282923866,2.1829310637639026,0.8625372561530436,1.3203938076108592,3.0454683199169463,1.3203938076108592,3167.831307675633,30.262603320804374,3137.5687043548287,3198.0939109964374,3198.0939109964374,2025-11-27T07:53:56.772881+00:00
dev4,21.235279923916064,55.54578630719392,-34.31050638327786,76.78106623110999,-34.31050638327786,-59.22262536187407,4.329193709372113,-63.551819071246186,-54.89343165250196,-63.551819071246186,1994.1317994275203,0.0,1994.1317994275203,1994.1317994275203,1994.1317994275203,5150.603282923866,0.0,5150.603282923866,5150.603282923866,5150.603282923866,2.1829310637639026,0.8625372561530436,1.3203938076108592,3.0454683199169463,1.3203938076108592,3167.831307675633,30.262603320804374,3137.5687043548287,3198.0939109964374,3198.0939109964374,2025-11-27T07:53:56.776743+00:00
dev4,21.235279923916064,55.54578630719392,-34.31050638327786,76.78106623110999,-34.31050638327786,-59.22262536187407,4.329193709372113,-63.551819071246186,-54.89343165250196,-63.551819071246186,725.3365555044254,1268.7952439230949,-543.4586884186695,1994.1317994275203,-543.4586884186695,5150.603282923866,0.0,5150.603282923866,5150.603282923866,5150.603282923866,1.3203938076108592,0.0,1.3203938076108592,1.3203938076108592,1.3203938076108592,3167.831307675633,30.262603320804374,3137.5687043548287,3198.0939109964374,3198.0939109964374,2025-11-27T07:53:56.781308+00:00
dev4,21.235279923916064,55.54578630719392,-34.31050638327786,76.78106623110999,-34.31050638327786,-59.22262536187407,4.329193709372113,-63.551819071246186,-54.89343165250196,-63.551819071246186,725.3365555044254,1268.7952439230949,-543.4586884186695,1994.1317994275203,-543.4586884186695,5531.846460522543,381.243177598677,5150.603282923866,5913.08963812122,5913.08963812122,1.3203938076108592,0.0,1.3203938076108592,1.3203938076108592,1.3203938076108592,3198.0939109964374,0.0,3198.0939109964374,3198.0939109964374,3198.0939109964374,2025-11-27T07:53:56.789215+00:00
dev4,-34.31050638327786,0.0,-34.31050638327786,-34.31050638327786,-34.31050638327786,-59.22262536187407,4.329193709372113,-63.551819071246186,-54.89343165250196,-63.551819071246186,725.3365555044254,1268.7952439230949,-543.4586884186695,1994.1317994275203,-543.4586884186695,5531.846460522543,381.243177598677,5150.603282923866,5913.08963812122,5913.08963812122,6.5936971192551574,5.273303311644298,1.3203938076108592,11.867000430899456,11.867000430899456,3198.0939109964374,0.0,3198.0939109964374,3198.0939109964374,3198.0939109964374,2025-11-27T07:53:56.795017+00:00
dev4,-34.31050638327786,0.0,-34.31050638327786,-34.31050638327786,-34.31050638327786,-63.551819071246186,0.0,-63.551819071246186,-63.551819071246186,-63.551819071246186,725.3365555044254,1268.7952439230949,-543.4586884186695,1994.1317994275203,-543.4586884186695,5531.846460522543,381.243177598677,5150.603282923866,5913.08963812122,5913.08963812122,6.5936971192551574,5.273303311644298,1.3203938076108592,11.867000430899456,11.867000430899456,944.7974153982987,2253.296495598139,-1308.4990801998401,3198.0939109964374,-1308.4990801998401,2025-11-27T07:53:56.799859+00:00
dev4,-21.36109338076088,12.94941300251698,-34.31050638327786,-8.4116803782439,-8.4116803782439,-63.551819071246186,0.0,-63.551819071246186,-63.551819071246186,-63.551819071246186,-543.4586884186695,0.0,-543.4586884186695,-543.4586884186695,-543.4586884186695,5531.846460522543,381.243177598677,5150.603282923866,5913.08963812122,5913.08963812122,6.5936971192551574,5.273303311644298,1.3203938076108592,11.867000430899456,11.867000430899456,944.7974153982987,2253.296495598139,-1308.4990801998401,3198.0939109964374,-1308.4990801998401,2025-11-27T07:53:59.010355+00:00
dev4,-21.36109338076088,12.94941300251698,-34.31050638327786,-8.4116803782439,-8.4116803782439,-53.6852593589142,9.866559712331984,-63.551819071246186,-43.81869964658222,-43.81869964658222,-543.4586884186695,0.0,-543.4586884186695,-543.4586884186695,-543.4586884186695,5913.08963812122,0.0,5913.08963812122,5913.08963812122,5913.08963812122,6.5936971192551574,5.273303311644298,1.3203938076108592,11.867000430899456,11.867000430899456,944.7974153982987,2253.296495598139,-1308.4990801998401,3198.0939109964374,-1308.4990801998401,2025-11-27T07:53:59.013890+00:00
dev4,-21.36109338076088,12.94941300251698,-34.31050638327786,-8.4116803782439,-8.4116803782439,-53.6852593589142,9.866559712331984,-63.551819071246186,-43.81869964658222,-43.81869964658222,590.6803637966156,1134.1390522152851,-543.4586884186695,1724.8194160119006,1724.8194160119006,5913.08963812122,0.0,5913.08963812122,5913.08963812122,5913.08963812122,11.867000430899456,0.0,11.867000430899456,11.867000430899456,11.867000430899456,944.7974153982987,2253.296495598139,-1308.4990801998401,3198.0939109964374,-1308.4990801998401,2025-11-27T07:53:59.017373+00:00
dev4,-21.36109338076088,12.94941300251698,-34.31050638327786,-8.4116803782439,-8.4116803782439,-53.6852593589142,9.866559712331984,-63.551819071246186,-43.81869964658222,-43.81869964658222,590.6803637966156,1134.1390522152851,-543.4586884186695,1724.8194160119006,1724.8194160119006,5483.733086243627,429.3565518775922,5054.376534366035,5913.08963812122,5054.376534366035,11.867000430899456,0.0,11.867000430899456,11.867000430899456,11.867000430899456,-1308.4990801998401,0.0,-1308.4990801998401,-1308.4990801998401,-1308.4990801998401,2025-11-27T07:53:59.020787+00:00
dev4,-8.4116803782439,0.0,-8.4116803782439,-8.4116803782439,-8.4116803782439,-53.6852593589142,9.866559712331984,-63.551819071246186,-43.81869964658222,-43.81869964658222,590.6803637966156,1134.1390522152851,-543.4586884186695,1724.8194160119006,1724.8194160119006,5483.733086243627,429.3565518775922,5054.376534366035,5913.08963812122,5054.376534366035,7.243928465430838,4.623071965468618,2.6208564999622204,11.867000430899456,2.6208564999622204,-1308.4990801998401,0.0,-1308.4990801998401,-1308.4990801998401,-1308.4990801998401,2025-11-27T07:53:59.024298+00:00
dev4,-8.4116803782439,0.0,-8.4116803782439,-8.4116803782439,-8.4116803782439,-43.81869964658222,0.0,-43.81869964658222,-43.81869964658222,-43.81869964658222,590.6803637966156,1134.1390522152851,-543.4586884186695,1724.8194160119006,1724.8194160119006,5483.733086243627,429.3565518775922,5054.376534366035,5913.08963812122,5054.376534366035,7.243928465430838,4.623071965468618,2.6208564999622204,11.867000430899456,2.6208564999622204,-1277.2714007567415,31.227679443098737,-1308.4990801998401,-1246.0437213136427,-1246.0437213136427,2025-11-27T07:53:59.027985+00:00
dev4,30.736252648243543,39.14793302648744,-8.4116803782439,69.88418567473099,69.88418567473099,-43.81869964658222,0.0,-43.81869964658222,-43.81869964658222,-43.81869964658222,1724.8194160119006,0.0,1724.8194160119006,1724.8194160119006,1724.8194160119006,5483.733086243627,429.3565518775922,5054.376534366035,5913.08963812122,5054.376534366035,7.243928465430838,4.623071965468618,2.6208564999622204,11.867000430899456,2.6208564999622204,-1277.2714007567415,31.227679443098737,-1308.4990801998401,-1246.0437213136427,-1246.0437213136427,2025-11-27T07:54:01.216680+00:00
dev4,30.736252648243543,39.14793302648744,-8.4116803782439,69.88418567473099,69.88418567473099,-47.605441197949446,3.7867415513672285,-51.392182749316675,-43.81869964658222,-51.392182749316675,1724.8194160119006,0.0,1724.8194160119006,1724.8194160119006,1724.8194160119006,5054.376534366035,0.0,5054.376534366035,5054.376534366035,5054.376534366035,7.243928465430838,4.623071965468618,2.6208564999622204,11.867000430899456,2.6208564999622204,-1277.2714007567415,31.227679443098737,-1308.4990801998401,-1246.0437213136427,-1246.0437213136427,2025-11-27T07:54:01.220507+00:00
dev4,30.736252648243543,39.14793302648744,-8.4116803782439,69.88418567473099,69.88418567473099,-47.605441197949446,3.7867415513672285,-51.392182749316675,-43.81869964658222,-51.392182749316675,315.8153993462174,1409.0040166656831,-1093.1886173194657,1724.8194160119006,-1093.1886173194657,5054.376534366035,0.0,5054.376534366035,5054.376534366035,5054.376534366035,2.6208564999622204,0.0,2.6208564999622204,2.6208564999622204,2.6208564999622204,-1277.2714007567415,31.227679443098737,-1308.4990801998401,-1246.0437213136427,-1246.0437213136427,2025-11-27T07:54:01.224053+00:00
dev4,30.736252648243543,39.14793302648744,-8.4116803782439,69.88418567473099,69.88418567473099,-47.605441197949446,3.7867415513672285,-51.392182749316675,-43.81869964658222,-51.392182749316675,315.8153993462174,1409.0040166656831,-1093.1886173194657,1724.8194160119006,-1093.1886173194657,4487.674611529119,566.7019228369161,3920.972688692203,5054.376534366035,3920.972688692203,2.6208564999622204,0.0,2.6208564999622204,2.6208564999622204,2.6208564999622204,-1246.0437213136427,0.0,-1246.0437213136427,-1246.0437213136427,-1246.0437213136427,2025-11-27T07:54:01.227574+00:00
dev4,69.88418567473099,0.0,69.88418567473099,69.88418567473099,69.88418567473099,-47.605441197949446,3.7867415513672285,-51.392182749316675,-43.81869964658222,-51.392182749316675,315.8153993462174,1409.0040166656831,-1093.1886173194657,1724.8194160119006,-1093.1886173194657,4487.674611529119,566.7019228369161,3920.972688692203,5054.376534366035,3920.972688692203,6.772881791533839,4.1520252915716185,2.6208564999622204,10.924907083105458,10.924907083105458,-1246.0437213136427,0.0,-1246.0437213136427,-1246.0437213136427,-1246.0437213136427,2025-11-27T07:54:01.231049+00:00
dev4,69.88418567473099,0.0,69.88418567473099,69.88418567473099,69.88418567473099,-51.392182749316675,0.0,-51.392182749316675,-51.392182749316675,-51.392182749316675,315.8153993462174,1409.0040166656831,-1093.1886173194657,1724.8194160119006,-1093.1886173194657,4487.674611529119,566.7019228369161,3920.972688692203,5054.376534366035,3920.972688692203,6.772881791533839,4.1520252915716185,2.6208564999622204,10.924907083105458,10.924907083105458,979.2470626766998,2225.2907839903423,-1246.0437213136427,3204.5378466670422,3204.5378466670422,2025-11-27T07:54:01.234622+00:00
dev4,48.81339385083213,21.070791823898862,27.742602026933262,69.88418567473099,27.742602026933262,-51.392182749316675,0.0,-51.392182749316675,-51.392182749316675,-51.392182749316675,-1093.1886173194657,0.0,-1093.1886173194657,-1093.1886173194657,-1093.1886173194657,4487.674611529119,566.7019228369161,3920.972688692203,5054.376534366035,3920.972688692203,6.772881791533839,4.1520252915716185,2.6208564999622204,10.924907083105458,10.924907083105458,979.2470626766998,2225.2907839903423,-1246.0437213136427,3204.5378466670422,3204.5378466670422,2025-11-27T07:54:03.470655+00:00
dev4,48.81339385083213,21.070791823898862,27.742602026933262,69.88418567473099,27.742602026933262,5.685009723998213,57.07719247331489,-51.392182749316675,62.7622021973131,62.7622021973131,-1093.1886173194657,0.0,-1093.1886173194657,-1093.1886173194657,-1093.1886173194657,3920.972688692203,0.0,3920.972688692203,3920.972688692203,3920.972688692203,6.772881791533839,4.1520252915716185,2.6208564999622204,10.924907083105458,10.924907083105458,979.2470626766998,2225.2907839903423,-1246.0437213136427,3204.5378466670422,3204.5378466670422,2025-11-27T07:54:03.477664+00:00
dev4,48.81339385083213,21.070791823898862,27.742602026933262,69.88418567473099,27.742602026933262,5.685009723998213,57.07719247331489,-51.392182749316675,62.7622021973131,62.7622021973131,-199.80646316188785,893.3821541575778,-1093.1886173194657,693.57569099569,693.57569099569,3920.972688692203,0.0,3920.972688692203,3920.972688692203,3920.972688692203,10.924907083105458,0.0,10.924907083105458,10.924907083105458,10.924907083105458,979.2470626766998,2225.2907839903423,-1246.0437213136427,3204.5378466670422,3204.5378466670422,2025-11-27T07:54:03.484211+00:00
dev4,48.81339385083213,21.070791823898862,27.742602026933262,69.88418567473099,27.742602026933262,5.685009723998213,57.07719247331489,-51.392182749316675,62.7622021973131,62.7622021973131,-199.80646316188785,893.3821541575778,-1093.1886173194657,693.57569099569,693.57569099569,2519.6142240883873,1401.3584646038157,1118.2557594845716,3920.972688692203,1118.2557594845716,10.924907083105458,0.0,10.924907083105458,10.924907083105458,10.924907083105458,3204.5378466670422,0.0,3204.5378466670422,3204.5378466670422,3204.5378466670422,2025-11-27T07:54:03.488601+00:00
dev4,27.742602026933262,0.0,27.742602026933262,27.742602026933262,27.742602026933262,5.685009723998213,57.07719247331489,-51.392182749316675,62.7622021973131,62.7622021973131,-199.80646316188785,893.3821541575778,-1093.1886173194657,693.57569099569,693.57569099569,2519.6142240883873,1401.3584646038157,1118.2557594845716,3920.972688692203,1118.2557594845716,8.395809096172865,2.5290979869325927,5.866711109240272,10.924907083105458,5.866711109240272,3204.5378466670422,0.0,3204.5378466670422,3204.5378466670422,3204.5378466670422,2025-11-27T07:54:03.492615+00:00
dev4,27.742602026933262,0.0,27.742602026933262,27.742602026933262,27.742602026933262,62.7622021973131,0.0,62.7622021973131,62.7622021973131,62.7622021973131,-199.80646316188785,893.3821541575778,-1093.1886173194657,693.57569099569,693.57569099569,2519.6142240883873,1401.3584646038157,1118.2557594845716,3920.972688692203,1118.2557594845716,8.395809096172865,2.5290979869325927,5.866711109240272,10.924907083105458,5.866711109240272,1869.6961233171696,1334.8417233498728,534.8543999672968,3204.5378466670422,534.8543999672968,2025-11-27T07:54:03.496774+00:00
dev4,27.925442319413676,0.18284029248041378,27.742602026933262,28.10828261189409,28.10828261189409,62.7622021973131,0.0,62.7622021973131,62.7622021973131,62.7622021973131,693.57569099569,0.0,693.57569099569,693.57569099569,693.57569099569,2519.6142240883873,1401.3584646038157,1118.2557594845716,3920.972688692203,1118.2557594845716,8.395809096172865,2.5290979869325927,5.866711109240272,10.924907083105458,5.866711109240272,1869.6961233171696,1334.8417233498728,534.8543999672968,3204.5378466670422,534.8543999672968,2025-11-27T07:54:05.685540+00:00
dev4,27.925442319413676,0.18284029248041378,27.742602026933262,28.10828261189409,28.10828261189409,56.69036048577219,6.0718417115409125,50.618518774231276,62.7622021973131,50.618518774231276,693.57569099569,0.0,693.57569099569,693.57569099569,693.57569099569,1118.2557594845716,0.0,1118.2557594845716,1118.2557594845716,1118.2557594845716,8.395809096172865,2.5290979869325927,5.866711109240272,10.924907083105458,5.866711109240272,1869.6961233171696,1334.8417233498728,534.8543999672968,3204.5378466670422,534.8543999672968,2025-11-27T07:54:05.689587+00:00
dev4,27.925442319413676,0.18284029248041378,27.742602026933262,28.10828261189409,28.10828261189409,56.69036048577219,6.0718417115409125,50.618518774231276,62.7622021973131,50.618518774231276,601.3464212801015,92.22926971558857,509.1171515645129,693.57569099569,509.1171515645129,1118.2557594845716,0.0,1118.2557594845716,1118.2557594845716,1118.2557594845716,5.866711109240272,0.0,5.866711109240272,5.866711109240272,5.866711109240272,1869.6961233171696,1334.8417233498728,534.8543999672968,3204.5378466670422,534.8543999672968,2025-11-27T07:54:05.693275+00:00
dev4,27.925442319413676,0.18284029248041378,27.742602026933262,28.10828261189409,28.10828261189409,56.69036048577219,6.0718417115409125,50.618518774231276,62.7622021973131,50.618518774231276,601.3464212801015,92.22926971558857,509.1171515645129,693.57569099569,509.1171515645129,1107.7430215007207,10.512737983850911,1097.2302835168698,1118.2557594845716,1097.2302835168698,5.866711109240272,0.0,5.866711109240272,5.866711109240272,5.866711109240272,534.8543999672968,0.0,534.8543999672968,534.8543999672968,534.8543999672968,2025-11-27T07:54:05.696787+00:00
dev4,28.10828261189409,0.0,28.10828261189409,28.10828261189409,28.10828261189409,56.69036048577219,6.0718417115409125,50.618518774231276,62.7622021973131,50.618518774231276,601.3464212801015,92.22926971558857,509.1171515645129,693.57569099569,509.1171515645129,1107.7430215007207,10.512737983850911,1097.2302835168698,1118.2557594845716,1097.2302835168698,6.16348963915779,0.2967785299175181,5.866711109240272,6.4602681690753085,6.4602681690753085,534.8543999672968,0.0,534.8543999672968,534.8543999672968,534.8543999672968,2025-11-27T07:54:05.700408+00:00
dev5,29.70656354660981,3.487020070554852,26.21954347605496,33.19358361716466,26.21954347605496,44.60142039229662,2.9844169957144295,41.617003396582184,47.58583738801104,47.58583738801104,566.8633166525713,79.33159195690061,487.5317246956707,646.1949086094719,646.1949086094719,1300.673542943427,0.0,1300.673542943427,1300.673542943427,1300.673542943427,5.815647145277175,0.0,5.815647145277175,5.815647145277175,5.815647145277175,774.7553012169187,0.0,774.7553012169187,774.7553012169187,774.7553012169187,2025-11-27T07:53:21.082560+00:00
dev5,26.802205004884193,0.5826615288292327,26.21954347605496,27.384866533713424,27.384866533713424,44.60142039229662,2.9844169957144295,41.617003396582184,47.58583738801104,47.58583738801104,566.8633166525713,79.33159195690061,487.5317246956707,646.1949086094719,646.1949086094719,1300.673542943427,0.0,1300.673542943427,1300.673542943427,1300.673542943427,5.815647145277175,0.0,5.815647145277175,5.815647145277175,5.815647145277175,774.7553012169187,0.0,774.7553012169187,774.7553012169187,774.7553012169187,2025-11-27T07:53:23.306835+00:00
dev5,26.802205004884193,0.5826615288292327,26.21954347605496,27.384866533713424,27.384866533713424,55.3723048010751,7.786467413064059,47.58583738801104,63.15877221413916,63.15877221413916,566.8633166525713,79.33159195690061,487.5317246956707,646.1949086094719,646.1949086094719,1300.673542943427,0.0,1300.673542943427,1300.673542943427,1300.673542943427,5.815647145277175,0.0,5.815647145277175,5.815647145277175,5.815647145277175,774.7553012169187,0.0,774.7553012169187,774.7553012169187,774.7553012169187,2025-11-27T07:53:23.310294+00:00
dev5,26.802205004884193,0.5826615288292327,26.21954347605496,27.384866533713424,27.384866533713424,55.3723048010751,7.786467413064059,47.58583738801104,63.15877221413916,63.15877221413916,524.1229357469582,122.07197286251369,402.0509628844445,646.1949086094719,402.0509628844445,1300.673542943427,0.0,1300.673542943427,1300.673542943427,1300.673542943427,5.815647145277175,0.0,5.815647145277175,5.815647145277175,5.815647145277175,774.7553012169187,0.0,774.7553012169187,774.7553012169187,774.7553012169187,2025-11-27T07:53:23.313687+00:00
dev5,26.802205004884193,0.5826615288292327,26.21954347605496,27.384866533713424,27.384866533713424,55.3723048010751,7.786467413064059,47.58583738801104,63.15877221413916,63.15877221413916,524.1229357469582,122.07197286251369,402.0509628844445,646.1949086094719,402.0509628844445,1048.0995978926112,252.5739450508159,795.5256528417952,1300.673542943427,795.5256528417952,5.815647145277175,0.0,5.815647145277175,5.815647145277175,5.815647145277175,774.7553012169187,0.0,774.7553012169187,774.7553012169187,774.7553012169187,2025-11-27T07:53:23.317407+00:00
dev5,27.384866533713424,0.0,27.384866533713424,27.384866533713424,27.384866533713424,55.3723048010751,7.786467413064059,47.58583738801104,63.15877221413916,63.15877221413916,524.1229357469582,122.07197286251369,402.0509628844445,646.1949086094719,402.0509628844445,1048.0995978926112,252.5739450508159,795.5256528417952,1300.673542943427,795.5256528417952,6.100626505883864,0.2849793606066884,5.815647145277175,6.385605866490552,6.385605866490552,774.7553012169187,0.0,774.7553012169187,774.7553012169187,774.7553012169187,2025-11-27T07:53:23.321150+00:00
dev5,27.384866533713424,0.0,27.384866533713424,27.384866533713424,27.384866533713424,63.15877221413916,0.0,63.15877221413916,63.15877221413916,63.15877221413916,524.1229357469582,122.07197286251369,402.0509628844445,646.1949086094719,402.0509628844445,1048.0995978926112,252.5739450508159,795.5256528417952,1300.673542943427,795.5256528417952,6.100626505883864,0.2849793606066884,5.815647145277175,6.385605866490552,6.385605866490552,686.5552619600783,88.20003925684051,598.3552227032377,774.7553012169187,598.3552227032377,2025-11-27T07:53:23.324733+00:00
dev5,26.889265967496907,0.4956005662165168,26.39366540128039,27.384866533713424,26.39366540128039,63.15877221413916,0.0,63.15877221413916,63.15877221413916,63.15877221413916,402.0509628844445,0.0,402.0509628844445,402.0509628844445,402.0509628844445,1048.0995978926112,252.5739450508159,795.5256528417952,1300.673542943427,795.5256528417952,6.100626505883864,0.2849793606066884,5.815647145277175,6.385605866490552,6.385605866490552,686.5552619600783,88.20003925684051,598.3552227032377,774.7553012169187,598.3552227032377,2025-11-27T07:53:25.520677+00:00
dev5,26.889265967496907,0.4956005662165168,26.39366540128039,27.384866533713424,26.39366540128039,59.068893017503974,4.089879196635188,54.979013820868786,63.15877221413916,54.979013820868786,402.0509628844445,0.0,402.0509628844445,402.0509628844445,402.0509628844445,795.5256528417952,0.0,795.5256528417952,795.5256528417952,795.5256528417952,6.100626505883864,0.2849793606066884,5.815647145277175,6.385605866490552,6.385605866490552,686.5552619600783,88.20003925684051,598.3552227032377,774.7553012169187,598.3552227032377,2025-11-27T07:53:25.524328+00:00
dev5,26.889265967496907,0.4956005662165168,26.39366540128039,27.384866533713424,26.39366540128039,59.068893017503974,4.089879196635188,54.979013820868786,63.15877221413916,54.979013820868786,482.6169341786033,80.56597129415877,402.0509628844445,563.1829054727621,563.1829054727621,795.5256528417952,0.0,795.5256528417952,795.5256528417952,795.5256528417952,6.385605866490552,0.0,6.385605866490552,6.385605866490552,6.385605866490552,686.5552619600783,88.20003925684051,598.3552227032377,774.7553012169187,598.3552227032377,2025-11-27T07:53:25.528105+00:00
dev5,26.889265967496907,0.4956005662165168,26.39366540128039,27.384866533713424,26.39366540128039,59.068893017503974,4.089879196635188,54.979013820868786,63.15877221413916,54.979013820868786,482.6169341786033,80.56597129415877,402.0509628844445,563.1829054727621,563.1829054727621,1188.7869511204801,393.26129827868476,795.5256528417952,1582.048249399165,1582.048249399165,6.385605866490552,0.0,6.385605866490552,6.385605866490552,6.385605866490552,598.3552227032377,0.0,598.3552227032377,598.3552227032377,598.3552227032377,2025-11-27T07:53:25.531786+00:00
dev5,26.39366540128039,0.0,26.39366540128039,26.39366540128039,26.39366540128039,59.068893017503974,4.089879196635188,54.979013820868786,63.15877221413916,54.979013820868786,482.6169341786033,80.56597129415877,402.0509628844445,563.1829054727621,563.1829054727621,1188.7869511204801,393.26129827868476,795.5256528417952,1582.048249399165,1582.048249399165,6.494874207671055,0.10926834118050266,6.385605866490552,6.6041425488515575,6.6041425488515575,598.3552227032377,0.0,598.3552227032377,598.3552227032377,598.3552227032377,2025-11-27T07:53:25.535418+00:00
dev5,26.39366540128039,0.0,26.39366540128039,26.39366540128039,26.39366540128039,54.979013820868786,0.0,54.979013820868786,54.979013820868786,54.979013820868786,482.6169341786033,80.56597129415877,402.0509628844445,563.1829054727621,563.1829054727621,1188.7869511204801,393.26129827868476,795.5256528417952,1582.048249399165,1582.048249399165,6.494874207671055,0.10926834118050266,6.385605866490552,6.6041425488515575,6.6041425488515575,817.0233493148853,218.66812661164766,598.3552227032377,1035.691475926533,1035.691475926533,2025-11-27T07:53:25.538999+00:00
dev5,26.3972438664227,0.003578465142309639,26.39366540128039,26.40082233156501,26.40082233156501,54.979013820868786,0.0,54.979013820868786,54.979013820868786,54.979013820868786,563.1829054727621,0.0,563.1829054727621,563.1829054727621,563.1829054727621,1188.7869511204801,393.26129827868476,795.5256528417952,1582.048249399165,1582.048249399165,6.494874207671055,0.10926834118050266,6.385605866490552,6.6041425488515575,6.6041425488515575,817.0233493148853,218.66812661164766,598.3552227032377,1035.691475926533,1035.691475926533,2025-11-27T07:53:27.727697+00:00
dev5,26.3972438664227,0.003578465142309639,26.39366540128039,26.40082233156501,26.40082233156501,55.50405367474413,0.525039853875338,54.979013820868786,56.02909352861946,56.02909352861946,563.1829054727621,0.0,563.1829054727621,563.1829054727621,563.1829054727621,1582.048249399165,0.0,1582.048249399165,1582.048249399165,1582.048249399165,6.494874207671055,0.10926834118050266,6.385605866490552,6.6041425488515575,6.6041425488515575,817.0233493148853,218.66812661164766,598.3552227032377,1035.691475926533,1035.691475926533,2025-11-27T07:53:27.731358+00:00
dev5,26.3972438664227,0.003578465142309639,26.39366540128039,26.40082233156501,26.40082233156501,55.50405367474413,0.525039853875338,54.979013820868786,56.02909352861946,56.02909352861946,585.3503225158336,22.16741704307151,563.1829054727621,607.5177395589051,607.5177395589051,1582.048249399165,0.0,1582.048249399165,1582.048249399165,1582.048249399165,6.6041425488515575,0.0,6.6041425488515575,6.6041425488515575,6.6041425488515575,817.0233493148853,218.66812661164766,598.3552227032377,1035.691475926533,1035.691475926533,2025-11-27T07:53:27.734830+00:00
dev5,26.3972438664227,0.003578465142309639,26.39366540128039,26.40082233156501,26.40082233156501,55.50405367474413,0.525039853875338,54.979013820868786,56.02909352861946,56.02909352861946,585.3503225158336,22.16741704307151,563.1829054727621,607.5177395589051,607.5177395589051,1339.7155042988175,242.33274510034732,1097.3827591984702,1582.048249399165,1097.3827591984702,6.6041425488515575,0.0,6.6041425488515575,6.6041425488515575,6.6041425488515575,1035.691475926533,0.0,1035.691475926533,1035.691475926533,1035.691475926533,2025-11-27T07:53:27.738528+00:00
dev5,26.40082233156501,0.0,26.40082233156501,26.40082233156501,26.40082233156501,55.50405367474413,0.525039853875338,54.979013820868786,56.02909352861946,56.02909352861946,585.3503225158336,22.16741704307151,563.1829054727621,607.5177395589051,607.5177395589051,1339.7155042988175,242.33274510034732,1097.3827591984702,1582.048249399165,1097.3827591984702,6.705327545518238,0.10118499666668068,6.6041425488515575,6.806512542184919,6.806512542184919,1035.691475926533,0.0,1035.691475926533,1035.691475926533,1035.691475926533,2025-11-27T07:53:27.742090+00:00
dev5,26.40082233156501,0.0,26.40082233156501,26.40082233156501,26.40082233156501,56.02909352861946,0.0,56.02909352861946,56.02909352861946,56.02909352861946,585.3503225158336,22.16741704307151,563.1829054727621,607.5177395589051,607.5177395589051,1339.7155042988175,242.33274510034732,1097.3827591984702,1582.048249399165,1097.3827591984702,6.705327545518238,0.10118499666668068,6.6041425488515575,6.806512542184919,6.806512542184919,869.3325191007875,166.35895682574545,702.9735622750421,1035.691475926533,702.9735622750421,2025-11-27T07:53:27.746384+00:00
dev5,29.332398102017773,2.9315757704527634,26.40082233156501,32.26397387247054,32.26397387247054,56.02909352861946,0.0,56.02909352861946,56.02909352861946,56.02909352861946,607.5177395589051,0.0,607.5177395589051,607.5177395589051,607.5177395589051,1339.7155042988175,242.33274510034732,1097.3827591984702,1582.048249399165,1097.3827591984702,6.705327545518238,0.10118499666668068,6.6041425488515575,6.806512542184919,6.806512542184919,869.3325191007875,166.35895682574545,702.9735622750421,1035.691475926533,702.9735622750421,2025-11-27T07:53:29.956842+00:00
dev5,29.332398102017773,2.9315757704527634,26.40082233156501,32.26397387247054,32.26397387247054,56.539298612460605,0.5102050838411429,56.02909352861946,57.04950369630175,57.04950369630175,607.5177395589051,0.0,607.5177395589051,607.5177395589051,607.5177395589051,1097.3827591984702,0.0,1097.3827591984702,1097.3827591984702,1097.3827591984702,6.705327545518238,0.10118499666668068,6.6041425488515575,6.806512542184919,6.806512542184919,869.3325191007875,166.35895682574545,702.9735622750421,1035.691475926533,702.9735622750421,2025-11-27T07:53:29.960383+00:00
dev5,29.332398102017773,2.9315757704527634,26.40082233156501,32.26397387247054,32.26397387247054,56.539298612460605,0.5102050838411429,56.02909352861946,57.04950369630175,57.04950369630175,558.7570289762966,48.760710582608425,509.9963183936882,607.5177395589051,509.9963183936882,1097.3827591984702,0.0,1097.3827591984702,1097.3827591984702,1097.3827591984702,6.806512542184919,0.0,6.806512542184919,6.806512542184919,6.806512542184919,869.3325191007875,166.35895682574545,702.9735622750421,1035.691475926533,702.9735622750421,2025-11-27T07:53:29.966468+00:00
dev5,29.332398102017773,2.9315757704527634,26.40082233156501,32.26397387247054,32.26397387247054,56.539298612460605,0.5102050838411429,56.02909352861946,57.04950369630175,57.04950369630175,558.7570289762966,48.760710582608425,509.9963183936882,607.5177395589051,509.9963183936882,873.0126937075638,224.37006549090648,648.6426282166573,1097.3827591984702,648.6426282166573,6.806512542184919,0.0,6.806512542184919,6.806512542184919,6.806512542184919,702.9735622750421,0.0,702.9735622750421,702.9735622750421,702.9735622750421,2025-11-27T07:53:29.972247+00:00
dev5,32.26397387247054,0.0,32.26397387247054,32.26397387247054,32.26397387247054,56.539298612460605,0.5102050838411429,56.02909352861946,57.04950369630175,57.04950369630175,558.7570289762966,48.760710582608425,509.9963183936882,607.5177395589051,509.9963183936882,873.0126937075638,224.37006549090648,648.6426282166573,1097.3827591984702,648.6426282166573,6.539414629122996,0.2670979130619231,6.272316716061073,6.806512542184919,6.272316716061073,702.9735622750421,0.0,702.9735622750421,702.9735622750421,702.9735622750421,2025-11-27T07:53:29.977382+00:00
dev5,32.26397387247054,0.0,32.26397387247054,32.26397387247054,32.26397387247054,57.04950369630175,0.0,57.04950369630175,57.04950369630175,57.04950369630175,558.7570289762966,48.760710582608425,509.9963183936882,607.5177395589051,509.9963183936882,873.0126937075638,224.37006549090648,648.6426282166573,1097.3827591984702,648.6426282166573,6.539414629122996,0.2670979130619231,6.272316716061073,6.806512542184919,6.272316716061073,630.3613313633282,72.612230911714,557.7491004516141,702.9735622750421,557.7491004516141,2025-11-27T07:53:29.981161+00:00
dev5,29.340670118623695,2.9233037538468416,26.417366364776854,32.26397387247054,26.417366364776854,57.04950369630175,0.0,57.04950369630175,57.04950369630175,57.04950369630175,509.9963183936882,0.0,509.9963183936882,509.9963183936882,509.9963183936882,873.0126937075638,224.37006549090648,648.6426282166573,1097.3827591984702,648.6426282166573,6.539414629122996,0.2670979130619231,6.272316716061073,6.806512542184919,6.272316716061073,630.3613313633282,72.612230911714,557.7491004516141,702.9735622750421,557.7491004516141,2025-11-27T07:53:32.172407+00:00
dev5,29.340670118623695,2.9233037538468416,26.417366364776854,32.26397387247054,26.417366364776854,58.98959674922892,1.9400930529271747,57.04950369630175,60.9296898021561,60.9296898021561,509.9963183936882,0.0,509.9963183936882,509.9963183936882,509.9963183936882,648.6426282166573,0.0,648.6426282166573,648.6426282166573,648.6426282166573,6.539414629122996,0.2670979130619231,6.272316716061073,6.806512542184919,6.272316716061073,630.3613313633282,72.612230911714,557.7491004516141,702.9735622750421,557.7491004516141,2025-11-27T07:53:32.176907+00:00
dev5,29.340670118623695,2.9233037538468416,26.417366364776854,32.26397387247054,26.417366364776854,58.98959674922892,1.9400930529271747,57.04950369630175,60.9296898021561,60.9296898021561,608.7239109202545,98.72759252656627,509.9963183936882,707.4515034468208,707.4515034468208,648.6426282166573,0.0,648.6426282166573,648.6426282166573,648.6426282166573,6.272316716061073,0.0,6.272316716061073,6.272316716061073,6.272316716061073,630.3613313633282,72.612230911714,557.7491004516141,702.9735622750421,557.7491004516141,2025-11-27T07:53:32.180751+00:00
dev5,29.340670118623695,2.9233037538468416,26.417366364776854,32.26397387247054,26.417366364776854,58.98959674922892,1.9400930529271747,57.04950369630175,60.9296898021561,60.9296898021561,608.7239109202545,98.72759252656627,509.9963183936882,707.4515034468208,707.4515034468208,768.6764833475033,120.03385513084612,648.6426282166573,888.7103384783495,888.7103384783495,6.272316716061073,0.0,6.272316716061073,6.272316716061073,6.272316716061073,557.7491004516141,0.0,557.7491004516141,557.7491004516141,557.7491004516141,2025-11-27T07:53:32.184415+00:00
dev5,26.417366364776854,0.0,26.417366364776854,26.417366364776854,26.417366364776854,58.98959674922892,1.9400930529271747,57.04950369630175,60.9296898021561,60.9296898021561,608.7239109202545,98.72759252656627,509.9963183936882,707.4515034468208,707.4515034468208,768.6764833475033,120.03385513084612,648.6426282166573,888.7103384783495,888.7103384783495,6.299507709011033,0.02719099294996008,6.272316716061073,6.326698701960993,6.326698701960993,557.7491004516141,0.0,557.7491004516141,557.7491004516141,557.7491004516141,2025-11-27T07:53:32.188048+00:00
dev5,26.417366364776854,0.0,26.417366364776854,26.417366364776854,26.417366364776854,60.9296898021561,0.0,60.9296898021561,60.9296898021561,60.9296898021561,608.7239109202545,98.72759252656627,509.9963183936882,707.4515034468208,707.4515034468208,768.6764833475033,120.03385513084612,648.6426282166573,888.7103384783495,888.7103384783495,6.299507709011033,0.02719099294996008,6.272316716061073,6.326698701960993,6.326698701960993,701.8394227261653,144.0903222745511,557.7491004516141,845.9297450007164,845.9297450007164,2025-11-27T07:53:32.192568+00:00
dev5,27.158666575467535,0.7413002106906816,26.417366364776854,27.899966786158217,27.899966786158217,60.9296898021561,0.0,60.9296898021561,60.9296898021561,60.9296898021561,707.4515034468208,0.0,707.4515034468208,707.4515034468208,707.4515034468208,768.6764833475033,120.03385513084612,648.6426282166573,888.7103384783495,888.7103384783495,6.299507709011033,0.02719099294996008,6.272316716061073,6.326698701960993,6.326698701960993,701.8394227261653,144.0903222745511,557.7491004516141,845.9297450007164,845.9297450007164,2025-11-27T07:53:34.384152+00:00
dev5,27.158666575467535,0.7413002106906816,26.417366364776854,27.899966786158217,27.899966786158217,60.046565166131394,0.8831246360247036,59.16344053010669,60.9296898021561,59.16344053010669,707.4515034468208,0.0,707.4515034468208,707.4515034468208,707.4515034468208,888.7103384783495,0.0,888.7103384783495,888.7103384783495,888.7103384783495,6.299507709011033,0.02719099294996008,6.272316716061073,6.326698701960993,6.326698701960993,701.8394227261653,144.0903222745511,557.7491004516141,845.9297450007164,845.9297450007164,2025-11-27T07:53:34.387788+00:00
dev5,27.158666575467535,0.7413002106906816,26.417366364776854,27.899966786158217,27.899966786158217,60.046565166131394,0.8831246360247036,59.16344053010669,60.9296898021561,59.16344053010669,631.6667164013959,75.78478704542493,555.8819293559709,707.4515034468208,555.8819293559709,888.7103384783495,0.0,888.7103384783495,888.7103384783495,888.7103384783495,6.326698701960993,0.0,6.326698701960993,6.326698701960993,6.326698701960993,701.8394227261653,144.0903222745511,557.7491004516141,845.9297450007164,845.9297450007164,2025-11-27T07:53:34.391433+00:00
dev5,27.158666575467535,0.7413002106906816,26.417366364776854,27.899966786158217,27.899966786158217,60.046565166131394,0.8831246360247036,59.16344053010669,60.9296898021561,59.16344053010669,631.6667164013959,75.78478704542493,555.8819293559709,707.4515034468208,555.8819293559709,981.0192274145518,92.30888893620227,888.7103384783495,1073.328116350754,1073.328116350754,6.326698701960993,0.0,6.326698701960993,6.326698701960993,6.326698701960993,845.9297450007164,0.0,845.9297450007164,845.9297450007164,845.9297450007164,2025-11-27T07:53:34.395029+00:00
dev5,27.899966786158217,0.0,27.899966786158217,27.899966786158217,27.899966786158217,60.046565166131394,0.8831246360247036,59.16344053010669,60.9296898021561,59.16344053010669,631.6667164013959,75.78478704542493,555.8819293559709,707.4515034468208,555.8819293559709,981.0192274145518,92.30888893620227,888.7103384783495,1073.328116350754,1073.328116350754,6.481115579074639,0.15441687711364604,6.326698701960993,6.635532456188285,6.635532456188285,845.9297450007164,0.0,845.9297450007164,845.9297450007164,845.9297450007164,2025-11-27T07:53:34.398753+00:00
dev5,27.899966786158217,0.0,27.899966786158217,27.899966786158217,27.899966786158217,59.16344053010669,0.0,59.16344053010669,59.16344053010669,59.16344053010669,631.6667164013959,75.78478704542493,555.8819293559709,707.4515034468208,555.8819293559709,981.0192274145518,92.30888893620227,888.7103384783495,1073.328116350754,1073.328116350754,6.481115579074639,0.15441687711364604,6.326698701960993,6.635532456188285,6.635532456188285,763.9419315428428,81.98781345787359,681.9541180849692,845.9297450007164,681.9541180849692,2025-11-27T07:53:34.402290+00:00
dev5,27.497094489772522,0.40287229638569677,27.094222193386823,27.899966786158217,27.094222193386823,59.16344053010669,0.0,59.16344053010669,59.16344053010669,59.16344053010669,555.8819293559709,0.0,555.8819293559709,555.8819293559709,555.8819293559709,981.0192274145518,92.30888893620227,888.7103384783495,1073.328116350754,1073.328116350754,6.481115579074639,0.15441687711364604,6.326698701960993,6.635532456188285,6.635532456188285,763.9419315428428,81.98781345787359,681.9541180849692,845.9297450007164,681.9541180849692,2025-11-27T07:53:36.665386+00:00
dev5,27.497094489772522,0.40287229638569677,27.094222193386823,27.899966786158217,27.094222193386823,57.378168346033036,1.785272184073655,55.59289616195938,59.16344053010669,55.59289616195938,555.8819293559709,0.0,555.8819293559709,555.8819293559709,555.8819293559709,1073.328116350754,0.0,1073.328116350754,1073.328116350754,1073.328116350754,6.481115579074639,0.15441687711364604,6.326698701960993,6.635532456188285,6.635532456188285,763.9419315428428,81.98781345787359,681.9541180849692,845.9297450007164,681.9541180849692,2025-11-27T07:53:36.670314+00:00
dev5,27.497094489772522,0.40287229638569677,27.094222193386823,27.899966786158217,27.094222193386823,57.378168346033036,1.785272184073655,55.59289616195938,59.16344053010669,55.59289616195938,576.5644272666575,20.68249791068655,555.8819293559709,597.246925177344,597.246925177344,1073.328116350754,0.0,1073.328116350754,1073.328116350754,1073.328116350754,6.635532456188285,0.0,6.635532456188285,6.635532456188285,6.635532456188285,763.9419315428428,81.98781345787359,681.9541180849692,845.9297450007164,681.9541180849692,2025-11-27T07:53:36.674906+00:00
dev5,27.497094489772522,0.40287229638569677,27.094222193386823,27.899966786158217,27.094222193386823,57.378168346033036,1.785272184073655,55.59289616195938,59.16344053010669,55.59289616195938,576.5644272666575,20.68249791068655,555.8819293559709,597.246925177344,597.246925177344,981.0705520636586,92.25756428709536,888.8129877765633,1073.328116350754,888.8129877765633,6.635532456188285,0.0,6.635532456188285,6.635532456188285,6.635532456188285,681.9541180849692,0.0,681.9541180849692,681.9541180849692,681.9541180849692,2025-11-27T07:53:36.679832+00:00
dev5,27.094222193386823,0.0,27.094222193386823,27.094222193386823,27.094222193386823,57.378168346033036,1.785272184073655,55.59289616195938,59.16344053010669,55.59289616195938,576.5644272666575,20.68249791068655,555.8819293559709,597.246925177344,597.246925177344,981.0705520636586,92.25756428709536,888.8129877765633,1073.328116350754,888.8129877765633,6.6753296430674105,0.039797186879125146,6.635532456188285,6.715126829946535,6.715126829946535,681.9541180849692,0.0,681.9541180849692,681.9541180849692,681.9541180849692,2025-11-27T07:53:36.685053+00:00
dev5,27.094222193386823,0.0,27.094222193386823,27.094222193386823,27.094222193386823,55.59289616195938,0.0,55.59289616195938,55.59289616195938,55.59289616195938,576.5644272666575,20.68249791068655,555.8819293559709,597.246925177344,597.246925177344,981.0705520636586,92.25756428709536,888.8129877765633,1073.328116350754,888.8129877765633,6.6753296430674105,0.039797186879125146,6.635532456188285,6.715126829946535,6.715126829946535,674.6135681763585,7.340549908610626,667.273018267748,681.9541180849692,667.273018267748,2025-11-27T07:53:36.689876+00:00
dev5,27.499173159275596,0.4049509658887729,27.094222193386823,27.90412412516437,27.90412412516437,55.59289616195938,0.0,55.59289616195938,55.59289616195938,55.59289616195938,597.246925177344,0.0,597.246925177344,597.246925177344,597.246925177344,981.0705520636586,92.25756428709536,888.8129877765633,1073.328116350754,888.8129877765633,6.6753296430674105,0.039797186879125146,6.635532456188285,6.715126829946535,6.715126829946535,674.6135681763585,7.340549908610626,667.273018267748,681.9541180849692,667.273018267748,2025-11-27T07:53:38.892318+00:00
dev5,27.499173159275596,0.4049509658887729,27.094222193386823,27.90412412516437,27.90412412516437,46.06697014975917,9.525926012200205,36.54104413755897,55.59289616195938,36.54104413755897,597.246925177344,0.0,597.246925177344,597.246925177344,597.246925177344,888.8129877765633,0.0,888.8129877765633,888.8129877765633,888.8129877765633,6.6753296430674105,0.039797186879125146,6.635532456188285,6.715126829946535,6.715126829946535,674.6135681763585,7.340549908610626,667.273018267748,681.9541180849692,667.273018267748,2025-11-27T07:53:38.900605+00:00
dev5,27.499173159275596,0.4049509658887729,27.094222193386823,27.90412412516437,27.90412412516437,46.06697014975917,9.525926012200205,36.54104413755897,55.59289616195938,36.54104413755897,512.3601658493951,84.88675932794882,427.47340652144635,597.246925177344,427.47340652144635,888.8129877765633,0.0,888.8129877765633,888.8129877765633,888.8129877765633,6.715126829946535,0.0,6.715126829946535,6.715126829946535,6.715126829946535,674.6135681763585,7.340549908610626,667.273018267748,681.9541180849692,667.273018267748,2025-11-27T07:53:38.904523+00:00
dev5,27.499173159275596,0.4049509658887729,27.094222193386823,27.90412412516437,27.90412412516437,46.06697014975917,9.525926012200205,36.54104413755897,55.59289616195938,36.54104413755897,512.3601658493951,84.88675932794882,427.47340652144635,597.246925177344,427.47340652144635,917.854810547004,29.04182277044066,888.8129877765633,946.8966333174446,946.8966333174446,6.715126829946535,0.0,6.715126829946535,6.715126829946535,6.715126829946535,667.273018267748,0.0,667.273018267748,667.273018267748,667.273018267748,2025-11-27T07:53:38.908509+00:00
dev5,27.90412412516437,0.0,27.90412412516437,27.90412412516437,27.90412412516437,46.06697014975917,9.525926012200205,36.54104413755897,55.59289616195938,36.54104413755897,512.3601658493951,84.88675932794882,427.47340652144635,597.246925177344,427.47340652144635,917.854810547004,29.04182277044066,888.8129877765633,946.8966333174446,946.8966333174446,6.7224833612492745,0.007356531302739722,6.715126829946535,6.729839892552015,6.729839892552015,667.273018267748,0.0,667.273018267748,667.273018267748,667.273018267748,2025-11-27T07:53:38.912145+00:00
dev5,27.90412412516437,0.0,27.90412412516437,27.90412412516437,27.90412412516437,36.54104413755897,0.0,36.54104413755897,36.54104413755897,36.54104413755897,512.3601658493951,84.88675932794882,427.47340652144635,597.246925177344,427.47340652144635,917.854810547004,29.04182277044066,888.8129877765633,946.8966333174446,946.8966333174446,6.7224833612492745,0.007356531302739722,6.715126829946535,6.729839892552015,6.729839892552015,720.3809891165214,53.10797084877345,667.273018267748,773.4889599652948,773.4889599652948,2025-11-27T07:53:38.915730+00:00
dev5,24.490108112518772,3.4140160126455967,21.076092099873176,27.90412412516437,21.076092099873176,36.54104413755897,0.0,36.54104413755897,36.54104413755897,36.54104413755897,427.47340652144635,0.0,427.47340652144635,427.47340652144635,427.47340652144635,917.854810547004,29.04182277044066,888.8129877765633,946.8966333174446,946.8966333174446,6.7224833612492745,0.007356531302739722,6.715126829946535,6.729839892552015,6.729839892552015,720.3809891165214,53.10797084877345,667.273018267748,773.4889599652948,773.4889599652948,2025-11-27T07:53:41.119609+00:00
dev5,24.490108112518772,3.4140160126455967,21.076092099873176,27.90412412516437,21.076092099873176,46.69153260160777,10.150488464048799,36.54104413755897,56.84202106565657,56.84202106565657,427.47340652144635,0.0,427.47340652144635,427.47340652144635,427.47340652144635,946.8966333174446,0.0,946.8966333174446,946.8966333174446,946.8966333174446,6.7224833612492745,0.007356531302739722,6.715126829946535,6.729839892552015,6.729839892552015,720.3809891165214,53.10797084877345,667.273018267748,773.4889599652948,773.4889599652948,2025-11-27T07:53:41.125643+00:00
dev5,24.490108112518772,3.4140160126455967,21.076092099873176,27.90412412516437,21.076092099873176,46.69153260160777,10.150488464048799,36.54104413755897,56.84202106565657,56.84202106565657,476.23996555493466,48.766559033488306,427.47340652144635,525.006524588423,525.006524588423,946.8966333174446,0.0,946.8966333174446,946.8966333174446,946.8966333174446,6.729839892552015,0.0,6.729839892552015,6.729839892552015,6.729839892552015,720.3809891165214,53.10797084877345,667.273018267748,773.4889599652948,773.4889599652948,2025-11-27T07:53:41.132786+00:00
dev5,24.490108112518772,3.4140160126455967,21.076092099873176,27.90412412516437,21.076092099873176,46.69153260160777,10.150488464048799,36.54104413755897,56.84202106565657,56.84202106565657,476.23996555493466,48.766559033488306,427.47340652144635,525.006524588423,525.006524588423,827.8581491828907,119.03848413455398,708.8196650483367,946.8966333174446,708.8196650483367,6.729839892552015,0.0,6.729839892552015,6.729839892552015,6.729839892552015,773.4889599652948,0.0,773.4889599652948,773.4889599652948,773.4889599652948,2025-11-27T07:53:41.139204+00:00
dev5,21.076092099873176,0.0,21.076092099873176,21.076092099873176,21.076092099873176,46.69153260160777,10.150488464048799,36.54104413755897,56.84202106565657,56.84202106565657,476.23996555493466,48.766559033488306,427.47340652144635,525.006524588423,525.006524588423,827.8581491828907,119.03848413455398,708.8196650483367,946.8966333174446,708.8196650483367,6.3493991006688635,0.3804407918831516,5.968958308785711,6.729839892552015,5.968958308785711,773.4889599652948,0.0,773.4889599652948,773.4889599652948,773.4889599652948,2025-11-27T07:53:41.144013+00:00
dev5,21.076092099873176,0.0,21.076092099873176,21.076092099873176,21.076092099873176,56.84202106565657,0.0,56.84202106565657,56.84202106565657,56.84202106565657,476.23996555493466,48.766559033488306,427.47340652144635,525.006524588423,525.006524588423,827.8581491828907,119.03848413455398,708.8196650483367,946.8966333174446,708.8196650483367,6.3493991006688635,0.3804407918831516,5.968958308785711,6.729839892552015,5.968958308785711,682.6292135461463,90.85974641914851,591.7694671269978,773.4889599652948,591.7694671269978,2025-11-27T07:53:41.149866+00:00
dev5,25.778005088913503,4.701912989040329,21.076092099873176,30.479918077953833,30.479918077953833,56.84202106565657,0.0,56.84202106565657,56.84202106565657,56.84202106565657,525.006524588423,0.0,525.006524588423,525.006524588423,525.006524588423,827.8581491828907,119.03848413455398,708.8196650483367,946.8966333174446,708.8196650483367,6.3493991006688635,0.3804407918831516,5.968958308785711,6.729839892552015,5.968958308785711,682.6292135461463,90.85974641914851,591.7694671269978,773.4889599652948,591.7694671269978,2025-11-27T07:53:43.417070+00:00
dev5,25.778005088913503,4.701912989040329,21.076092099873176,30.479918077953833,30.479918077953833,48.34609742433946,8.495923641317106,39.850173783022356,56.84202106565657,39.850173783022356,525.006524588423,0.0,525.006524588423,525.006524588423,525.006524588423,708.8196650483367,0.0,708.8196650483367,708.8196650483367,708.8196650483367,6.3493991006688635,0.3804407918831516,5.968958308785711,6.729839892552015,5.968958308785711,682.6292135461463,90.85974641914851,591.7694671269978,773.4889599652948,591.7694671269978,2025-11-27T07:53:43.423187+00:00
dev5,25.778005088913503,4.701912989040329,21.076092099873176,30.479918077953833,30.479918077953833,48.34609742433946,8.495923641317106,39.850173783022356,56.84202106565657,39.850173783022356,511.99883770804445,13.007686880378515,498.99115082766593,525.006524588423,498.99115082766593,708.8196650483367,0.0,708.8196650483367,708.8196650483367,708.8196650483367,5.968958308785711,0.0,5.968958308785711,5.968958308785711,5.968958308785711,682.6292135461463,90.85974641914851,591.7694671269978,773.4889599652948,591.7694671269978,2025-11-27T07:53:43.429430+00:00
dev5,25.778005088913503,4.701912989040329,21.076092099873176,30.479918077953833,30.479918077953833,48.34609742433946,8.495923641317106,39.850173783022356,56.84202106565657,39.850173783022356,511.99883770804445,13.007686880378515,498.99115082766593,525.006524588423,498.99115082766593,660.4866354144732,48.333029633863475,612.1536057806097,708.8196650483367,612.1536057806097,5.968958308785711,0.0,5.968958308785711,5.968958308785711,5.968958308785711,591.7694671269978,0.0,591.7694671269978,591.7694671269978,591.7694671269978,2025-11-27T07:53:43.434898+00:00
dev5,30.479918077953833,0.0,30.479918077953833,30.479918077953833,30.479918077953833,48.34609742433946,8.495923641317106,39.850173783022356,56.84202106565657,39.850173783022356,511.99883770804445,13.007686880378515,498.99115082766593,525.006524588423,498.99115082766593,660.4866354144732,48.333029633863475,612.1536057806097,708.8196650483367,612.1536057806097,6.431410685153079,0.46245237636736736,5.968958308785711,6.893863061520446,6.893863061520446,591.7694671269978,0.0,591.7694671269978,591.7694671269978,591.7694671269978,2025-11-27T07:53:43.440596+00:00
dev5,30.479918077953833,0.0,30.479918077953833,30.479918077953833,30.479918077953833,39.850173783022356,0.0,39.850173783022356,39.850173783022356,39.850173783022356,511.99883770804445,13.007686880378515,498.99115082766593,525.006524588423,498.99115082766593,660.4866354144732,48.333029633863475,612.1536057806097,708.8196650483367,612.1536057806097,6.431410685153079,0.46245237636736736,5.968958308785711,6.893863061520446,6.893863061520446,690.2288548493437,98.45938772234592,591.7694671269978,788.6882425716897,788.6882425716897,2025-11-27T07:53:43.445929+00:00
dev5,26.508638829248756,3.971279248705077,22.53735958054368,30.479918077953833,22.53735958054368,39.850173783022356,0.0,39.850173783022356,39.850173783022356,39.850173783022356,498.99115082766593,0.0,498.99115082766593,498.99115082766593,498.99115082766593,660.4866354144732,48.333029633863475,612.1536057806097,708.8196650483367,612.1536057806097,6.431410685153079,0.46245237636736736,5.968958308785711,6.893863061520446,6.893863061520446,690.2288548493437,98.45938772234592,591.7694671269978,788.6882425716897,788.6882425716897,2025-11-27T07:53:45.666690+00:00
dev5,26.508638829248756,3.971279248705077,22.53735958054368,30.479918077953833,22.53735958054368,55.68499216900308,15.834818385980725,39.850173783022356,71.5198105549838,71.5198105549838,498.99115082766593,0.0,498.99115082766593,498.99115082766593,498.99115082766593,612.1536057806097,0.0,612.1536057806097,612.1536057806097,612.1536057806097,6.431410685153079,0.46245237636736736,5.968958308785711,6.893863061520446,6.893863061520446,690.2288548493437,98.45938772234592,591.7694671269978,788.6882425716897,788.6882425716897,2025-11-27T07:53:45.670246+00:00
dev5,26.508638829248756,3.971279248705077,22.53735958054368,30.479918077953833,22.53735958054368,55.68499216900308,15.834818385980725,39.850173783022356,71.5198105549838,71.5198105549838,461.596451231855,37.39469959581098,424.201751636044,498.99115082766593,424.201751636044,612.1536057806097,0.0,612.1536057806097,612.1536057806097,612.1536057806097,6.893863061520446,0.0,6.893863061520446,6.893863061520446,6.893863061520446,690.2288548493437,98.45938772234592,591.7694671269978,788.6882425716897,788.6882425716897,2025-11-27T07:53:45.673800+00:00
dev5,26.508638829248756,3.971279248705077,22.53735958054368,30.479918077953833,22.53735958054368,55.68499216900308,15.834818385980725,39.850173783022356,71.5198105549838,71.5198105549838,461.596451231855,37.39469959581098,424.201751636044,498.99115082766593,424.201751636044,851.2525025594832,239.0988967788735,612.1536057806097,1090.3513993383567,1090.3513993383567,6.893863061520446,0.0,6.893863061520446,6.893863061520446,6.893863061520446,788.6882425716897,0.0,788.6882425716897,788.6882425716897,788.6882425716897,2025-11-27T07:53:45.677489+00:00
dev5,22.53735958054368,0.0,22.53735958054368,22.53735958054368,22.53735958054368,55.68499216900308,15.834818385980725,39.850173783022356,71.5198105549838,71.5198105549838,461.596451231855,37.39469959581098,424.201751636044,498.99115082766593,424.201751636044,851.2525025594832,239.0988967788735,612.1536057806097,1090.3513993383567,1090.3513993383567,6.750973013444211,0.14289004807623495,6.608082965367976,6.893863061520446,6.608082965367976,788.6882425716897,0.0,788.6882425716897,788.6882425716897,788.6882425716897,2025-11-27T07:53:45.681031+00:00
dev5,22.53735958054368,0.0,22.53735958054368,22.53735958054368,22.53735958054368,71.5198105549838,0.0,71.5198105549838,71.5198105549838,71.5198105549838,461.596451231855,37.39469959581098,424.201751636044,498.99115082766593,424.201751636044,851.2525025594832,239.0988967788735,612.1536057806097,1090.3513993383567,1090.3513993383567,6.750973013444211,0.14289004807623495,6.608082965367976,6.893863061520446,6.608082965367976,821.2628345117646,32.57459194007487,788.6882425716897,853.8374264518394,853.8374264518394,2025-11-27T07:53:45.684437+00:00
dev5,21.141146988581582,1.3962125919620956,19.744934396619488,22.53735958054368,19.744934396619488,71.5198105549838,0.0,71.5198105549838,71.5198105549838,71.5198105549838,424.201751636044,0.0,424.201751636044,424.201751636044,424.201751636044,851.2525025594832,239.0988967788735,612.1536057806097,1090.3513993383567,1090.3513993383567,6.750973013444211,0.14289004807623495,6.608082965367976,6.893863061520446,6.608082965367976,821.2628345117646,32.57459194007487,788.6882425716897,853.8374264518394,853.8374264518394,2025-11-27T07:53:47.909986+00:00
dev5,21.141146988581582,1.3962125919620956,19.744934396619488,22.53735958054368,19.744934396619488,64.91062804139426,6.609182513589548,58.30144552780471,71.5198105549838,58.30144552780471,424.201751636044,0.0,424.201751636044,424.201751636044,424.201751636044,1090.3513993383567,0.0,1090.3513993383567,1090.3513993383567,1090.3513993383567,6.750973013444211,0.14289004807623495,6.608082965367976,6.893863061520446,6.608082965367976,821.2628345117646,32.57459194007487,788.6882425716897,853.8374264518394,853.8374264518394,2025-11-27T07:53:47.913832+00:00
dev5,21.141146988581582,1.3962125919620956,19.744934396619488,22.53735958054368,19.744934396619488,64.91062804139426,6.609182513589548,58.30144552780471,71.5198105549838,58.30144552780471,487.30614609689235,63.1043944608484,424.201751636044,550.4105405577408,550.4105405577408,1090.3513993383567,0.0,1090.3513993383567,1090.3513993383567,1090.3513993383567,6.608082965367976,0.0,6.608082965367976,6.608082965367976,6.608082965367976,821.2628345117646,32.57459194007487,788.6882425716897,853.8374264518394,853.8374264518394,2025-11-27T07:53:47.917343+00:00
dev5,21.141146988581582,1.3962125919620956,19.744934396619488,22.53735958054368,19.744934396619488,64.91062804139426,6.609182513589548,58.30144552780471,71.5198105549838,58.30144552780471,487.30614609689235,63.1043944608484,424.201751636044,550.4105405577408,550.4105405577408,1071.0233740437636,19.32802529459309,1051.6953487491705,1090.3513993383567,1051.6953487491705,6.608082965367976,0.0,6.608082965367976,6.608082965367976,6.608082965367976,853.8374264518394,0.0,853.8374264518394,853.8374264518394,853.8374264518394,2025-11-27T07:53:47.920662+00:00
dev5,19.744934396619488,0.0,19.744934396619488,19.744934396619488,19.744934396619488,64.91062804139426,6.609182513589548,58.30144552780471,71.5198105549838,58.30144552780471,487.30614609689235,63.1043944608484,424.201751636044,550.4105405577408,550.4105405577408,1071.0233740437636,19.32802529459309,1051.6953487491705,1090.3513993383567,1051.6953487491705,6.432337851330358,0.17574511403761894,6.256592737292738,6.608082965367976,6.256592737292738,853.8374264518394,0.0,853.8374264518394,853.8374264518394,853.8374264518394,2025-11-27T07:53:47.924314+00:00
dev5,19.744934396619488,0.0,19.744934396619488,19.744934396619488,19.744934396619488,58.30144552780471,0.0,58.30144552780471,58.30144552780471,58.30144552780471,487.30614609689235,63.1043944608484,424.201751636044,550.4105405577408,550.4105405577408,1071.0233740437636,19.32802529459309,1051.6953487491705,1090.3513993383567,1051.6953487491705,6.432337851330358,0.17574511403761894,6.256592737292738,6.608082965367976,6.256592737292738,718.1629044675706,135.6745219842689,582.4883824833016,853.8374264518394,582.4883824833016,2025-11-27T07:53:47.927623+00:00
dev5,24.22871117673,4.48377678011051,19.744934396619488,28.71248795684051,28.71248795684051,58.30144552780471,0.0,58.30144552780471,58.30144552780471,58.30144552780471,550.4105405577408,0.0,550.4105405577408,550.4105405577408,550.4105405577408,1071.0233740437636,19.32802529459309,1051.6953487491705,1090.3513993383567,1051.6953487491705,6.432337851330358,0.17574511403761894,6.256592737292738,6.608082965367976,6.256592737292738,718.1629044675706,135.6745219842689,582.4883824833016,853.8374264518394,582.4883824833016,2025-11-27T07:53:50.126655+00:00
dev5,24.22871117673,4.48377678011051,19.744934396619488,28.71248795684051,28.71248795684051,57.55588548207945,0.7455600457252629,56.810325436354184,58.30144552780471,56.810325436354184,550.4105405577408,0.0,550.4105405577408,550.4105405577408,550.4105405577408,1051.6953487491705,0.0,1051.6953487491705,1051.6953487491705,1051.6953487491705,6.432337851330358,0.17574511403761894,6.256592737292738,6.608082965367976,6.256592737292738,718.1629044675706,135.6745219842689,582.4883824833016,853.8374264518394,582.4883824833016,2025-11-27T07:53:50.133132+00:00
dev5,24.22871117673,4.48377678011051,19.744934396619488,28.71248795684051,28.71248795684051,57.55588548207945,0.7455600457252629,56.810325436354184,58.30144552780471,56.810325436354184,561.1632908487488,10.752750291007999,550.4105405577408,571.9160411397568,571.9160411397568,1051.6953487491705,0.0,1051.6953487491705,1051.6953487491705,1051.6953487491705,6.256592737292738,0.0,6.256592737292738,6.256592737292738,6.256592737292738,718.1629044675706,135.6745219842689,582.4883824833016,853.8374264518394,582.4883824833016,2025-11-27T07:53:50.138254+00:00
dev5,24.22871117673,4.48377678011051,19.744934396619488,28.71248795684051,28.71248795684051,57.55588548207945,0.7455600457252629,56.810325436354184,58.30144552780471,56.810325436354184,561.1632908487488,10.752750291007999,550.4105405577408,571.9160411397568,571.9160411397568,870.6445994024241,181.05074934674644,689.5938500556776,1051.6953487491705,689.5938500556776,6.256592737292738,0.0,6.256592737292738,6.256592737292738,6.256592737292738,582.4883824833016,0.0,582.4883824833016,582.4883824833016,582.4883824833016,2025-11-27T07:53:50.143252+00:00
dev5,28.71248795684051,0.0,28.71248795684051,28.71248795684051,28.71248795684051,57.55588548207945,0.7455600457252629,56.810325436354184,58.30144552780471,56.810325436354184,561.1632908487488,10.752750291007999,550.4105405577408,571.9160411397568,571.9160411397568,870.6445994024241,181.05074934674644,689.5938500556776,1051.6953487491705,689.5938500556776,6.205338956265969,0.05125378102676903,6.1540851752392,6.256592737292738,6.1540851752392,582.4883824833016,0.0,582.4883824833016,582.4883824833016,582.4883824833016,2025-11-27T07:53:50.147999+00:00
dev5,28.71248795684051,0.0,28.71248795684051,28.71248795684051,28.71248795684051,56.810325436354184,0.0,56.810325436354184,56.810325436354184,56.810325436354184,561.1632908487488,10.752750291007999,550.4105405577408,571.9160411397568,571.9160411397568,870.6445994024241,181.05074934674644,689.5938500556776,1051.6953487491705,689.5938500556776,6.205338956265969,0.05125378102676903,6.1540851752392,6.256592737292738,6.1540851752392,622.8258284255339,40.337445942232364,582.4883824833016,663.1632743677663,663.1632743677663,2025-11-27T07:53:50.154964+00:00
dev5,27.921135413883356,0.7913525429571546,27.1297828709262,28.71248795684051,27.1297828709262,56.810325436354184,0.0,56.810325436354184,56.810325436354184,56.810325436354184,571.9160411397568,0.0,571.9160411397568,571.9160411397568,571.9160411397568,870.6445994024241,181.05074934674644,689.5938500556776,1051.6953487491705,689.5938500556776,6.205338956265969,0.05125378102676903,6.1540851752392,6.256592737292738,6.1540851752392,622.8258284255339,40.337445942232364,582.4883824833016,663.1632743677663,663.1632743677663,2025-11-27T07:53:52.368235+00:00
dev5,27.921135413883356,0.7913525429571546,27.1297828709262,28.71248795684051,27.1297828709262,57.36118470428043,0.5508592679262527,56.810325436354184,57.91204397220669,57.91204397220669,571.9160411397568,0.0,571.9160411397568,571.9160411397568,571.9160411397568,689.5938500556776,0.0,689.5938500556776,689.5938500556776,689.5938500556776,6.205338956265969,0.05125378102676903,6.1540851752392,6.256592737292738,6.1540851752392,622.8258284255339,40.337445942232364,582.4883824833016,663.1632743677663,663.1632743677663,2025-11-27T07:53:52.371647+00:00
dev5,27.921135413883356,0.7913525429571546,27.1297828709262,28.71248795684051,27.1297828709262,57.36118470428043,0.5508592679262527,56.810325436354184,57.91204397220669,57.91204397220669,546.1382157251519,25.777825414604877,520.360390310547,571.9160411397568,520.360390310547,689.5938500556776,0.0,689.5938500556776,689.5938500556776,689.5938500556776,6.1540851752392,0.0,6.1540851752392,6.1540851752392,6.1540851752392,622.8258284255339,40.337445942232364,582.4883824833016,663.1632743677663,663.1632743677663,2025-11-27T07:53:52.375214+00:00
dev5,27.921135413883356,0.7913525429571546,27.1297828709262,28.71248795684051,27.1297828709262,57.36118470428043,0.5508592679262527,56.810325436354184,57.91204397220669,57.91204397220669,546.1382157251519,25.777825414604877,520.360390310547,571.9160411397568,520.360390310547,659.1158961036767,30.477953952000917,628.6379421516758,689.5938500556776,628.6379421516758,6.1540851752392,0.0,6.1540851752392,6.1540851752392,6.1540851752392,663.1632743677663,0.0,663.1632743677663,663.1632743677663,663.1632743677663,2025-11-27T07:53:52.378688+00:00
dev5,27.1297828709262,0.0,27.1297828709262,27.1297828709262,27.1297828709262,57.36118470428043,0.5508592679262527,56.810325436354184,57.91204397220669,57.91204397220669,546.1382157251519,25.777825414604877,520.360390310547,571.9160411397568,520.360390310547,659.1158961036767,30.477953952000917,628.6379421516758,689.5938500556776,628.6379421516758,6.3868133152481885,0.23272814000898823,6.1540851752392,6.619541455257177,6.619541455257177,663.1632743677663,0.0,663.1632743677663,663.1632743677663,663.1632743677663,2025-11-27T07:53:52.382464+00:00
dev5,27.1297828709262,0.0,27.1297828709262,27.1297828709262,27.1297828709262,57.91204397220669,0.0,57.91204397220669,57.91204397220669,57.91204397220669,546.1382157251519,25.777825414604877,520.360390310547,571.9160411397568,520.360390310547,659.1158961036767,30.477953952000917,628.6379421516758,689.5938500556776,628.6379421516758,6.3868133152481885,0.23272814000898823,6.1540851752392,6.619541455257177,6.619541455257177,688.1915278772221,25.02825350945585,663.1632743677663,713.219781386678,713.219781386678,2025-11-27T07:53:52.386088+00:00
dev5,26.09190685550341,1.037876015422789,25.05403084008062,27.1297828709262,25.05403084008062,57.91204397220669,0.0,57.91204397220669,57.91204397220669,57.91204397220669,520.360390310547,0.0,520.360390310547,520.360390310547,520.360390310547,659.1158961036767,30.477953952000917,628.6379421516758,689.5938500556776,628.6379421516758,6.3868133152481885,0.23272814000898823,6.1540851752392,6.619541455257177,6.619541455257177,688.1915278772221,25.02825350945585,663.1632743677663,713.219781386678,713.219781386678,2025-11-27T07:53:54.589052+00:00
dev5,26.09190685550341,1.037876015422789,25.05403084008062,27.1297828709262,25.05403084008062,57.29747276868976,0.6145712035169311,56.68290156517283,57.91204397220669,56.68290156517283,520.360390310547,0.0,520.360390310547,520.360390310547,520.360390310547,628.6379421516758,0.0,628.6379421516758,628.6379421516758,628.6379421516758,6.3868133152481885,0.23272814000898823,6.1540851752392,6.619541455257177,6.619541455257177,688.1915278772221,25.02825350945585,663.1632743677663,713.219781386678,713.219781386678,2025-11-27T07:53:54.592765+00:00
dev5,26.09190685550341,1.037876015422789,25.05403084008062,27.1297828709262,25.05403084008062,57.29747276868976,0.6145712035169311,56.68290156517283,57.91204397220669,56.68290156517283,638.7310763617224,118.37068605117543,520.360390310547,757.1017624128979,757.1017624128979,628.6379421516758,0.0,628.6379421516758,628.6379421516758,628.6379421516758,6.619541455257177,0.0,6.619541455257177,6.619541455257177,6.619541455257177,688.1915278772221,25.02825350945585,663.1632743677663,713.219781386678,713.219781386678,2025-11-27T07:53:54.596622+00:00
dev5,26.09190685550341,1.037876015422789,25.05403084008062,27.1297828709262,25.05403084008062,57.29747276868976,0.6145712035169311,56.68290156517283,57.91204397220669,56.68290156517283,638.7310763617224,118.37068605117543,520.360390310547,757.1017624128979,757.1017624128979,993.9894165588428,365.35147440716696,628.6379421516758,1359.3408909660097,1359.3408909660097,6.619541455257177,0.0,6.619541455257177,6.619541455257177,6.619541455257177,713.219781386678,0.0,713.219781386678,713.219781386678,713.219781386678,2025-11-27T07:53:54.600117+00:00
dev5,25.05403084008062,0.0,25.05403084008062,25.05403084008062,25.05403084008062,57.29747276868976,0.6145712035169311,56.68290156517283,57.91204397220669,56.68290156517283,638.7310763617224,118.37068605117543,520.360390310547,757.1017624128979,757.1017624128979,993.9894165588428,365.35147440716696,628.6379421516758,1359.3408909660097,1359.3408909660097,6.57442228404391,0.04511917121326592,6.529303112830645,6.619541455257177,6.529303112830645,713.219781386678,0.0,713.219781386678,713.219781386678,713.219781386678,2025-11-27T07:53:54.603692+00:00
dev5,25.05403084008062,0.0,25.05403084008062,25.05403084008062,25.05403084008062,56.68290156517283,0.0,56.68290156517283,56.68290156517283,56.68290156517283,638.7310763617224,118.37068605117543,520.360390310547,757.1017624128979,757.1017624128979,993.9894165588428,365.35147440716696,628.6379421516758,1359.3408909660097,1359.3408909660097,6.57442228404391,0.04511917121326592,6.529303112830645,6.619541455257177,6.529303112830645,790.1703360013853,76.9505546147073,713.219781386678,867.1208906160927,867.1208906160927,2025-11-27T07:53:54.607082+00:00
dev5,25.18757180446333,0.13354096438271235,25.05403084008062,25.321112768846046,25.321112768846046,56.68290156517283,0.0,56.68290156517283,56.68290156517283,56.68290156517283,757.1017624128979,0.0,757.1017624128979,757.1017624128979,757.1017624128979,993.9894165588428,365.35147440716696,628.6379421516758,1359.3408909660097,1359.3408909660097,6.57442228404391,0.04511917121326592,6.529303112830645,6.619541455257177,6.529303112830645,790.1703360013853,76.9505546147073,713.219781386678,867.1208906160927,867.1208906160927,2025-11-27T07:53:56.805820+00:00
dev5,25.18757180446333,0.13354096438271235,25.05403084008062,25.321112768846046,25.321112768846046,52.94086511917022,3.742036446002608,49.19882867316761,56.68290156517283,49.19882867316761,757.1017624128979,0.0,757.1017624128979,757.1017624128979,757.1017624128979,1359.3408909660097,0.0,1359.3408909660097,1359.3408909660097,1359.3408909660097,6.57442228404391,0.04511917121326592,6.529303112830645,6.619541455257177,6.529303112830645,790.1703360013853,76.9505546147073,713.219781386678,867.1208906160927,867.1208906160927,2025-11-27T07:53:56.810962+00:00
dev5,25.18757180446333,0.13354096438271235,25.05403084008062,25.321112768846046,25.321112768846046,52.94086511917022,3.742036446002608,49.19882867316761,56.68290156517283,49.19882867316761,606.7403107344612,150.36145167843665,456.37885905602457,757.1017624128979,456.37885905602457,1359.3408909660097,0.0,1359.3408909660097,1359.3408909660097,1359.3408909660097,6.529303112830645,0.0,6.529303112830645,6.529303112830645,6.529303112830645,790.1703360013853,76.9505546147073,713.219781386678,867.1208906160927,867.1208906160927,2025-11-27T07:53:56.814983+00:00
dev5,25.18757180446333,0.13354096438271235,25.05403084008062,25.321112768846046,25.321112768846046,52.94086511917022,3.742036446002608,49.19882867316761,56.68290156517283,49.19882867316761,606.7403107344612,150.36145167843665,456.37885905602457,757.1017624128979,456.37885905602457,911.2342445920212,448.10664637398855,463.12759821803263,1359.3408909660097,463.12759821803263,6.529303112830645,0.0,6.529303112830645,6.529303112830645,6.529303112830645,867.1208906160927,0.0,867.1208906160927,867.1208906160927,867.1208906160927,2025-11-27T07:53:56.819313+00:00
dev5,25.321112768846046,0.0,25.321112768846046,25.321112768846046,25.321112768846046,52.94086511917022,3.742036446002608,49.19882867316761,56.68290156517283,49.19882867316761,606.7403107344612,150.36145167843665,456.37885905602457,757.1017624128979,456.37885905602457,911.2342445920212,448.10664637398855,463.12759821803263,1359.3408909660097,463.12759821803263,6.470508320526585,0.05879479230405904,6.411713528222527,6.529303112830645,6.411713528222527,867.1208906160927,0.0,867.1208906160927,867.1208906160927,867.1208906160927,2025-11-27T07:53:56.824190+00:00
dev5,25.321112768846046,0.0,25.321112768846046,25.321112768846046,25.321112768846046,49.19882867316761,0.0,49.19882867316761,49.19882867316761,49.19882867316761,606.7403107344612,150.36145167843665,456.37885905602457,757.1017624128979,456.37885905602457,911.2342445920212,448.10664637398855,463.12759821803263,1359.3408909660097,463.12759821803263,6.470508320526585,0.05879479230405904,6.411713528222527,6.529303112830645,6.411713528222527,825.5687900849285,41.552100531164115,784.0166895537644,867.1208906160927,784.0166895537644,2025-11-27T07:53:56.827913+00:00
dev5,29.62390272009459,4.302789951248544,25.321112768846046,33.92669267134313,33.92669267134313,49.19882867316761,0.0,49.19882867316761,49.19882867316761,49.19882867316761,456.37885905602457,0.0,456.37885905602457,456.37885905602457,456.37885905602457,911.2342445920212,448.10664637398855,463.12759821803263,1359.3408909660097,463.12759821803263,6.470508320526585,0.05879479230405904,6.411713528222527,6.529303112830645,6.411713528222527,825.5687900849285,41.552100531164115,784.0166895537644,867.1208906160927,784.0166895537644,2025-11-27T07:53:59.033858+00:00
dev5,29.62390272009459,4.302789951248544,25.321112768846046,33.92669267134313,33.92669267134313,50.8032783465578,1.6044496733901887,49.19882867316761,52.40772801994799,52.40772801994799,456.37885905602457,0.0,456.37885905602457,456.37885905602457,456.37885905602457,463.12759821803263,0.0,463.12759821803263,463.12759821803263,463.12759821803263,6.470508320526585,0.05879479230405904,6.411713528222527,6.529303112830645,6.411713528222527,825.5687900849285,41.552100531164115,784.0166895537644,867.1208906160927,784.0166895537644,2025-11-27T07:53:59.037941+00:00
dev5,29.62390272009459,4.302789951248544,25.321112768846046,33.92669267134313,33.92669267134313,50.8032783465578,1.6044496733901887,49.19882867316761,52.40772801994799,52.40772801994799,490.3448641740293,33.966005118004716,456.37885905602457,524.310869292034,524.310869292034,463.12759821803263,0.0,463.12759821803263,463.12759821803263,463.12759821803263,6.411713528222527,0.0,6.411713528222527,6.411713528222527,6.411713528222527,825.5687900849285,41.552100531164115,784.0166895537644,867.1208906160927,784.0166895537644,2025-11-27T07:53:59.041673+00:00
dev5,29.62390272009459,4.302789951248544,25.321112768846046,33.92669267134313,33.92669267134313,50.8032783465578,1.6044496733901887,49.19882867316761,52.40772801994799,52.40772801994799,490.3448641740293,33.966005118004716,456.37885905602457,524.310869292034,524.310869292034,511.71776797463804,48.590169756605405,463.12759821803263,560.3079377312434,560.3079377312434,6.411713528222527,0.0,6.411713528222527,6.411713528222527,6.411713528222527,784.0166895537644,0.0,784.0166895537644,784.0166895537644,784.0166895537644,2025-11-27T07:53:59.045126+00:00
dev5,33.92669267134313,0.0,33.92669267134313,33.92669267134313,33.92669267134313,50.8032783465578,1.6044496733901887,49.19882867316761,52.40772801994799,52.40772801994799,490.3448641740293,33.966005118004716,456.37885905602457,524.310869292034,524.310869292034,511.71776797463804,48.590169756605405,463.12759821803263,560.3079377312434,560.3079377312434,6.452118349742875,0.040404821520348744,6.411713528222527,6.492523171263224,6.492523171263224,784.0166895537644,0.0,784.0166895537644,784.0166895537644,784.0166895537644,2025-11-27T07:53:59.048828+00:00
dev5,33.92669267134313,0.0,33.92669267134313,33.92669267134313,33.92669267134313,52.40772801994799,0.0,52.40772801994799,52.40772801994799,52.40772801994799,490.3448641740293,33.966005118004716,456.37885905602457,524.310869292034,524.310869292034,511.71776797463804,48.590169756605405,463.12759821803263,560.3079377312434,560.3079377312434,6.452118349742875,0.040404821520348744,6.411713528222527,6.492523171263224,6.492523171263224,773.091454067462,10.925235486302427,762.1662185811596,784.0166895537644,762.1662185811596,2025-11-27T07:53:59.052329+00:00
dev5,31.496861150213444,2.429831521129689,29.067029629083756,33.92669267134313,29.067029629083756,52.40772801994799,0.0,52.40772801994799,52.40772801994799,52.40772801994799,524.310869292034,0.0,524.310869292034,524.310869292034,524.310869292034,511.71776797463804,48.590169756605405,463.12759821803263,560.3079377312434,560.3079377312434,6.452118349742875,0.040404821520348744,6.411713528222527,6.492523171263224,6.492523171263224,773.091454067462,10.925235486302427,762.1662185811596,784.0166895537644,762.1662185811596,2025-11-27T07:54:01.244113+00:00
dev5,31.496861150213444,2.429831521129689,29.067029629083756,33.92669267134313,29.067029629083756,47.35219843544829,5.055529584499702,42.296668850948585,52.40772801994799,42.296668850948585,524.310869292034,0.0,524.310869292034,524.310869292034,524.310869292034,560.3079377312434,0.0,560.3079377312434,560.3079377312434,560.3079377312434,6.452118349742875,0.040404821520348744,6.411713528222527,6.492523171263224,6.492523171263224,773.091454067462,10.925235486302427,762.1662185811596,784.0166895537644,762.1662185811596,2025-11-27T07:54:01.248882+00:00
dev5,31.496861150213444,2.429831521129689,29.067029629083756,33.92669267134313,29.067029629083756,47.35219843544829,5.055529584499702,42.296668850948585,52.40772801994799,42.296668850948585,503.56423538796537,20.746633904068602,482.8176014838968,524.310869292034,482.8176014838968,560.3079377312434,0.0,560.3079377312434,560.3079377312434,560.3079377312434,6.492523171263224,0.0,6.492523171263224,6.492523171263224,6.492523171263224,773.091454067462,10.925235486302427,762.1662185811596,784.0166895537644,762.1662185811596,2025-11-27T07:54:01.253755+00:00
dev5,31.496861150213444,2.429831521129689,29.067029629083756,33.92669267134313,29.067029629083756,47.35219843544829,5.055529584499702,42.296668850948585,52.40772801994799,42.296668850948585,503.56423538796537,20.746633904068602,482.8176014838968,524.310869292034,482.8176014838968,957.9083353257699,397.60039759452644,560.3079377312434,1355.5087329202963,1355.5087329202963,6.492523171263224,0.0,6.492523171263224,6.492523171263224,6.492523171263224,762.1662185811596,0.0,762.1662185811596,762.1662185811596,762.1662185811596,2025-11-27T07:54:01.261836+00:00
dev5,29.067029629083756,0.0,29.067029629083756,29.067029629083756,29.067029629083756,47.35219843544829,5.055529584499702,42.296668850948585,52.40772801994799,42.296668850948585,503.56423538796537,20.746633904068602,482.8176014838968,524.310869292034,482.8176014838968,957.9083353257699,397.60039759452644,560.3079377312434,1355.5087329202963,1355.5087329202963,6.495786881664932,0.003263710401707698,6.492523171263224,6.49905059206664,6.49905059206664,762.1662185811596,0.0,762.1662185811596,762.1662185811596,762.1662185811596,2025-11-27T07:54:01.265859+00:00
dev5,29.067029629083756,0.0,29.067029629083756,29.067029629083756,29.067029629083756,42.296668850948585,0.0,42.296668850948585,42.296668850948585,42.296668850948585,503.56423538796537,20.746633904068602,482.8176014838968,524.310869292034,482.8176014838968,957.9083353257699,397.60039759452644,560.3079377312434,1355.5087329202963,1355.5087329202963,6.495786881664932,0.003263710401707698,6.492523171263224,6.49905059206664,6.49905059206664,758.7679054836385,3.3983130975210543,755.3695923861175,762.1662185811596,755.3695923861175,2025-11-27T07:54:01.269488+00:00
dev5,28.98826720591418,0.07876242316957516,28.909504782744605,29.067029629083756,28.909504782744605,42.296668850948585,0.0,42.296668850948585,42.296668850948585,42.296668850948585,482.8176014838968,0.0,482.8176014838968,482.8176014838968,482.8176014838968,957.9083353257699,397.60039759452644,560.3079377312434,1355.5087329202963,1355.5087329202963,6.495786881664932,0.003263710401707698,6.492523171263224,6.49905059206664,6.49905059206664,758.7679054836385,3.3983130975210543,755.3695923861175,762.1662185811596,755.3695923861175,2025-11-27T07:54:03.500570+00:00
dev5,28.98826720591418,0.07876242316957516,28.909504782744605,29.067029629083756,28.909504782744605,45.68048115454446,3.3838123035958745,42.296668850948585,49.064293458140334,49.064293458140334,482.8176014838968,0.0,482.8176014838968,482.8176014838968,482.8176014838968,1355.5087329202963,0.0,1355.5087329202963,1355.5087329202963,1355.5087329202963,6.495786881664932,0.003263710401707698,6.492523171263224,6.49905059206664,6.49905059206664,758.7679054836385,3.3983130975210543,755.3695923861175,762.1662185811596,755.3695923861175,2025-11-27T07:54:03.504152+00:00
dev5,28.98826720591418,0.07876242316957516,28.909504782744605,29.067029629083756,28.909504782744605,45.68048115454446,3.3838123035958745,42.296668850948585,49.064293458140334,49.064293458140334,487.47602498287154,4.6584234989747415,482.8176014838968,492.1344484818463,492.1344484818463,1355.5087329202963,0.0,1355.5087329202963,1355.5087329202963,1355.5087329202963,6.49905059206664,0.0,6.49905059206664,6.49905059206664,6.49905059206664,758.7679054836385,3.3983130975210543,755.3695923861175,762.1662185811596,755.3695923861175,2025-11-27T07:54:03.507844+00:00
dev5,28.98826720591418,0.07876242316957516,28.909504782744605,29.067029629083756,28.909504782744605,45.68048115454446,3.3838123035958745,42.296668850948585,49.064293458140334,49.064293458140334,487.47602498287154,4.6584234989747415,482.8176014838968,492.1344484818463,492.1344484818463,1011.1294774884524,344.37925543184394,666.7502220566084,1355.5087329202963,666.7502220566084,6.49905059206664,0.0,6.49905059206664,6.49905059206664,6.49905059206664,755.3695923861175,0.0,755.3695923861175,755.3695923861175,755.3695923861175,2025-11-27T07:54:03.511245+00:00
dev5,28.909504782744605,0.0,28.909504782744605,28.909504782744605,28.909504782744605,45.68048115454446,3.3838123035958745,42.296668850948585,49.064293458140334,49.064293458140334,487.47602498287154,4.6584234989747415,482.8176014838968,492.1344484818463,492.1344484818463,1011.1294774884524,344.37925543184394,666.7502220566084,1355.5087329202963,666.7502220566084,6.601610498577724,0.10255990651108382,6.49905059206664,6.704170405088807,6.704170405088807,755.3695923861175,0.0,755.3695923861175,755.3695923861175,755.3695923861175,2025-11-27T07:54:03.514878+00:00
dev5,28.909504782744605,0.0,28.909504782744605,28.909504782744605,28.909504782744605,49.064293458140334,0.0,49.064293458140334,49.064293458140334,49.064293458140334,487.47602498287154,4.6584234989747415,482.8176014838968,492.1344484818463,492.1344484818463,1011.1294774884524,344.37925543184394,666.7502220566084,1355.5087329202963,666.7502220566084,6.601610498577724,0.10255990651108382,6.49905059206664,6.704170405088807,6.704170405088807,810.8209166559304,55.451324269812915,755.3695923861175,866.2722409257433,866.2722409257433,2025-11-27T07:54:03.518317+00:00
dev5,25.25687287152602,3.6526319112185845,21.604240960307436,28.909504782744605,21.604240960307436,49.064293458140334,0.0,49.064293458140334,49.064293458140334,49.064293458140334,492.1344484818463,0.0,492.1344484818463,492.1344484818463,492.1344484818463,1011.1294774884524,344.37925543184394,666.7502220566084,1355.5087329202963,666.7502220566084,6.601610498577724,0.10255990651108382,6.49905059206664,6.704170405088807,6.704170405088807,810.8209166559304,55.451324269812915,755.3695923861175,866.2722409257433,866.2722409257433,2025-11-27T07:54:05.708412+00:00
dev5,25.25687287152602,3.6526319112185845,21.604240960307436,28.909504782744605,21.604240960307436,55.824073415221605,6.759779957081271,49.064293458140334,62.583853372302876,62.583853372302876,492.1344484818463,0.0,492.1344484818463,492.1344484818463,492.1344484818463,666.7502220566084,0.0,666.7502220566084,666.7502220566084,666.7502220566084,6.601610498577724,0.10255990651108382,6.49905059206664,6.704170405088807,6.704170405088807,810.8209166559304,55.451324269812915,755.3695923861175,866.2722409257433,866.2722409257433,2025-11-27T07:54:05.711974+00:00
dev5,25.25687287152602,3.6526319112185845,21.604240960307436,28.909504782744605,21.604240960307436,55.824073415221605,6.759779957081271,49.064293458140334,62.583853372302876,62.583853372302876,550.1352585890155,58.0008101071692,492.1344484818463,608.1360686961847,608.1360686961847,666.7502220566084,0.0,666.7502220566084,666.7502220566084,666.7502220566084,6.704170405088807,0.0,6.704170405088807,6.704170405088807,6.704170405088807,810.8209166559304,55.451324269812915,755.3695923861175,866.2722409257433,866.2722409257433,2025-11-27T07:54:05.715756+00:00
dev5,25.25687287152602,3.6526319112185845,21.604240960307436,28.909504782744605,21.604240960307436,55.824073415221605,6.759779957081271,49.064293458140334,62.583853372302876,62.583853372302876,550.1352585890155,58.0008101071692,492.1344484818463,608.1360686961847,608.1360686961847,882.870971809901,216.12074975329256,666.7502220566084,1098.9917215631936,1098.9917215631936,6.704170405088807,0.0,6.704170405088807,6.704170405088807,6.704170405088807,866.2722409257433,0.0,866.2722409257433,866.2722409257433,866.2722409257433,2025-11-27T07:54:05.719363+00:00
dev5,21.604240960307436,0.0,21.604240960307436,21.604240960307436,21.604240960307436,55.824073415221605,6.759779957081271,49.064293458140334,62.583853372302876,62.583853372302876,550.1352585890155,58.0008101071692,492.1344484818463,608.1360686961847,608.1360686961847,882.870971809901,216.12074975329256,666.7502220566084,1098.9917215631936,1098.9917215631936,6.624256107969517,0.07991429711929099,6.544341810850225,6.704170405088807,6.544341810850225,866.2722409257433,0.0,866.2722409257433,866.2722409257433,866.2722409257433,2025-11-27T07:54:05.722918+00:00
dev6,20.575579954519263,1.1282330641778469,19.447346890341418,21.70381301869711,19.447346890341418,55.4750924451064,3.413384742208745,52.06170770289766,58.88847718731515,58.88847718731515,491.73834681256784,33.10000354540108,458.63834326716676,524.8383503579689,458.63834326716676,1096.2109349155062,0.0,1096.2109349155062,1096.2109349155062,1096.2109349155062,6.529402100346255,0.0,6.529402100346255,6.529402100346255,6.529402100346255,704.0153361960157,0.0,704.0153361960157,704.0153361960157,704.0153361960157,2025-11-27T07:53:21.104189+00:00
dev6,20.999934399038473,1.5525875086970533,19.447346890341418,22.552521907735525,22.552521907735525,55.4750924451064,3.413384742208745,52.06170770289766,58.88847718731515,58.88847718731515,491.73834681256784,33.10000354540108,458.63834326716676,524.8383503579689,458.63834326716676,1096.2109349155062,0.0,1096.2109349155062,1096.2109349155062,1096.2109349155062,6.529402100346255,0.0,6.529402100346255,6.529402100346255,6.529402100346255,704.0153361960157,0.0,704.0153361960157,704.0153361960157,704.0153361960157,2025-11-27T07:53:23.328382+00:00
dev6,20.999934399038473,1.5525875086970533,19.447346890341418,22.552521907735525,22.552521907735525,59.39508066678023,0.5066034794650882,58.88847718731515,59.90168414624532,59.90168414624532,491.73834681256784,33.10000354540108,458.63834326716676,524.8383503579689,458.63834326716676,1096.2109349155062,0.0,1096.2109349155062,1096.2109349155062,1096.2109349155062,6.529402100346255,0.0,6.529402100346255,6.529402100346255,6.529402100346255,704.0153361960157,0.0,704.0153361960157,704.0153361960157,704.0153361960157,2025-11-27T07:53:23.332069+00:00
dev6,20.999934399038473,1.5525875086970533,19.447346890341418,22.552521907735525,22.552521907735525,59.39508066678023,0.5066034794650882,58.88847718731515,59.90168414624532,59.90168414624532,462.73461769348023,4.0962744263134425,458.63834326716676,466.83089211979365,466.83089211979365,1096.2109349155062,0.0,1096.2109349155062,1096.2109349155062,1096.2109349155062,6.529402100346255,0.0,6.529402100346255,6.529402100346255,6.529402100346255,704.0153361960157,0.0,704.0153361960157,704.0153361960157,704.0153361960157,2025-11-27T07:53:23.335560+00:00
dev6,20.999934399038473,1.5525875086970533,19.447346890341418,22.552521907735525,22.552521907735525,59.39508066678023,0.5066034794650882,58.88847718731515,59.90168414624532,59.90168414624532,462.73461769348023,4.0962744263134425,458.63834326716676,466.83089211979365,466.83089211979365,815.1440462684416,281.06688864706456,534.0771576213771,1096.2109349155062,534.0771576213771,6.529402100346255,0.0,6.529402100346255,6.529402100346255,6.529402100346255,704.0153361960157,0.0,704.0153361960157,704.0153361960157,704.0153361960157,2025-11-27T07:53:23.339017+00:00
dev6,22.552521907735525,0.0,22.552521907735525,22.552521907735525,22.552521907735525,59.39508066678023,0.5066034794650882,58.88847718731515,59.90168414624532,59.90168414624532,462.73461769348023,4.0962744263134425,458.63834326716676,466.83089211979365,466.83089211979365,815.1440462684416,281.06688864706456,534.0771576213771,1096.2109349155062,534.0771576213771,6.561423499351269,0.03202139900501466,6.529402100346255,6.593444898356284,6.593444898356284,704.0153361960157,0.0,704.0153361960157,704.0153361960157,704.0153361960157,2025-11-27T07:53:23.342781+00:00
dev6,22.552521907735525,0.0,22.552521907735525,22.552521907735525,22.552521907735525,59.90168414624532,0.0,59.90168414624532,59.90168414624532,59.90168414624532,462.73461769348023,4.0962744263134425,458.63834326716676,466.83089211979365,466.83089211979365,815.1440462684416,281.06688864706456,534.0771576213771,1096.2109349155062,534.0771576213771,6.561423499351269,0.03202139900501466,6.529402100346255,6.593444898356284,6.593444898356284,703.6573132726289,0.35802292338684083,703.299290349242,704.0153361960157,703.299290349242,2025-11-27T07:53:23.346815+00:00
dev6,24.718199114925525,2.165677207189999,22.552521907735525,26.883876322115523,26.883876322115523,59.90168414624532,0.0,59.90168414624532,59.90168414624532,59.90168414624532,466.83089211979365,0.0,466.83089211979365,466.83089211979365,466.83089211979365,815.1440462684416,281.06688864706456,534.0771576213771,1096.2109349155062,534.0771576213771,6.561423499351269,0.03202139900501466,6.529402100346255,6.593444898356284,6.593444898356284,703.6573132726289,0.35802292338684083,703.299290349242,704.0153361960157,703.299290349242,2025-11-27T07:53:25.542611+00:00
dev6,24.718199114925525,2.165677207189999,22.552521907735525,26.883876322115523,26.883876322115523,61.81993774270914,1.918253596463824,59.90168414624532,63.73819133917297,63.73819133917297,466.83089211979365,0.0,466.83089211979365,466.83089211979365,466.83089211979365,534.0771576213771,0.0,534.0771576213771,534.0771576213771,534.0771576213771,6.561423499351269,0.03202139900501466,6.529402100346255,6.593444898356284,6.593444898356284,703.6573132726289,0.35802292338684083,703.299290349242,704.0153361960157,703.299290349242,2025-11-27T07:53:25.546254+00:00
dev6,24.718199114925525,2.165677207189999,22.552521907735525,26.883876322115523,26.883876322115523,61.81993774270914,1.918253596463824,59.90168414624532,63.73819133917297,63.73819133917297,426.1617229748473,40.66916914494632,385.492553829901,466.83089211979365,385.492553829901,534.0771576213771,0.0,534.0771576213771,534.0771576213771,534.0771576213771,6.593444898356284,0.0,6.593444898356284,6.593444898356284,6.593444898356284,703.6573132726289,0.35802292338684083,703.299290349242,704.0153361960157,703.299290349242,2025-11-27T07:53:25.550257+00:00
dev6,24.718199114925525,2.165677207189999,22.552521907735525,26.883876322115523,26.883876322115523,61.81993774270914,1.918253596463824,59.90168414624532,63.73819133917297,63.73819133917297,426.1617229748473,40.66916914494632,385.492553829901,466.83089211979365,385.492553829901,826.221273700553,292.14411607917583,534.0771576213771,1118.3653897797287,1118.3653897797287,6.593444898356284,0.0,6.593444898356284,6.593444898356284,6.593444898356284,703.299290349242,0.0,703.299290349242,703.299290349242,703.299290349242,2025-11-27T07:53:25.553752+00:00
dev6,26.883876322115523,0.0,26.883876322115523,26.883876322115523,26.883876322115523,61.81993774270914,1.918253596463824,59.90168414624532,63.73819133917297,63.73819133917297,426.1617229748473,40.66916914494632,385.492553829901,466.83089211979365,385.492553829901,826.221273700553,292.14411607917583,534.0771576213771,1118.3653897797287,1118.3653897797287,6.777780437397023,0.18433553904073952,6.593444898356284,6.962115976437763,6.962115976437763,703.299290349242,0.0,703.299290349242,703.299290349242,703.299290349242,2025-11-27T07:53:25.557401+00:00
dev6,26.883876322115523,0.0,26.883876322115523,26.883876322115523,26.883876322115523,63.73819133917297,0.0,63.73819133917297,63.73819133917297,63.73819133917297,426.1617229748473,40.66916914494632,385.492553829901,466.83089211979365,385.492553829901,826.221273700553,292.14411607917583,534.0771576213771,1118.3653897797287,1118.3653897797287,6.777780437397023,0.18433553904073952,6.593444898356284,6.962115976437763,6.962115976437763,729.4032712176577,26.103980868415647,703.299290349242,755.5072520860733,755.5072520860733,2025-11-27T07:53:25.561028+00:00
dev6,24.941938161057763,1.9419381610577613,23.0,26.883876322115523,23.0,63.73819133917297,0.0,63.73819133917297,63.73819133917297,63.73819133917297,385.492553829901,0.0,385.492553829901,385.492553829901,385.492553829901,826.221273700553,292.14411607917583,534.0771576213771,1118.3653897797287,1118.3653897797287,6.777780437397023,0.18433553904073952,6.593444898356284,6.962115976437763,6.962115976437763,729.4032712176577,26.103980868415647,703.299290349242,755.5072520860733,755.5072520860733,2025-11-27T07:53:27.752063+00:00
dev6,24.941938161057763,1.9419381610577613,23.0,26.883876322115523,23.0,61.869095669586486,1.8690956695864855,60.0,63.73819133917297,60.0,385.492553829901,0.0,385.492553829901,385.492553829901,385.492553829901,1118.3653897797287,0.0,1118.3653897797287,1118.3653897797287,1118.3653897797287,6.777780437397023,0.18433553904073952,6.593444898356284,6.962115976437763,6.962115976437763,729.4032712176577,26.103980868415647,703.299290349242,755.5072520860733,755.5072520860733,2025-11-27T07:53:27.756223+00:00
dev6,24.941938161057763,1.9419381610577613,23.0,26.883876322115523,23.0,61.869095669586486,1.8690956695864855,60.0,63.73819133917297,60.0,412.7462769149505,27.2537230850495,385.492553829901,440.0,440.0,1118.3653897797287,0.0,1118.3653897797287,1118.3653897797287,1118.3653897797287,6.962115976437763,0.0,6.962115976437763,6.962115976437763,6.962115976437763,729.4032712176577,26.103980868415647,703.299290349242,755.5072520860733,755.5072520860733,2025-11-27T07:53:27.759857+00:00
dev6,24.941938161057763,1.9419381610577613,23.0,26.883876322115523,23.0,61.869095669586486,1.8690956695864855,60.0,63.73819133917297,60.0,412.7462769149505,27.2537230850495,385.492553829901,440.0,440.0,989.1826948898644,129.18269488986436,860.0,1118.3653897797287,860.0,6.962115976437763,0.0,6.962115976437763,6.962115976437763,6.962115976437763,755.5072520860733,0.0,755.5072520860733,755.5072520860733,755.5072520860733,2025-11-27T07:53:27.764708+00:00
dev6,23.0,0.0,23.0,23.0,23.0,61.869095669586486,1.8690956695864855,60.0,63.73819133917297,60.0,412.7462769149505,27.2537230850495,385.492553829901,440.0,440.0,989.1826948898644,129.18269488986436,860.0,1118.3653897797287,860.0,6.831057988218882,0.1310579882188816,6.7,6.962115976437763,6.7,755.5072520860733,0.0,755.5072520860733,755.5072520860733,755.5072520860733,2025-11-27T07:53:27.770812+00:00
dev6,23.0,0.0,23.0,23.0,23.0,60.0,0.0,60.0,60.0,60.0,412.7462769149505,27.2537230850495,385.492553829901,440.0,440.0,989.1826948898644,129.18269488986436,860.0,1118.3653897797287,860.0,6.831057988218882,0.1310579882188816,6.7,6.962115976437763,6.7,797.7536260430367,42.24637395696334,755.5072520860733,840.0,840.0,2025-11-27T07:53:27.775634+00:00
dev6,22.7,0.3000000000000007,22.4,23.0,22.4,60.0,0.0,60.0,60.0,60.0,440.0,0.0,440.0,440.0,440.0,989.1826948898644,129.18269488986436,860.0,1118.3653897797287,860.0,6.831057988218882,0.1310579882188816,6.7,6.962115976437763,6.7,797.7536260430367,42.24637395696334,755.5072520860733,840.0,840.0,2025-11-27T07:53:29.985279+00:00
dev6,22.7,0.3000000000000007,22.4,23.0,22.4,60.75,0.75,60.0,61.5,61.5,440.0,0.0,440.0,440.0,440.0,860.0,0.0,860.0,860.0,860.0,6.831057988218882,0.1310579882188816,6.7,6.962115976437763,6.7,797.7536260430367,42.24637395696334,755.5072520860733,840.0,840.0,2025-11-27T07:53:29.988972+00:00
dev6,22.7,0.3000000000000007,22.4,23.0,22.4,60.75,0.75,60.0,61.5,61.5,431.0,9.0,422.0,440.0,422.0,860.0,0.0,860.0,860.0,860.0,6.7,0.0,6.7,6.7,6.7,797.7536260430367,42.24637395696334,755.5072520860733,840.0,840.0,2025-11-27T07:53:29.992474+00:00
dev6,22.7,0.3000000000000007,22.4,23.0,22.4,60.75,0.75,60.0,61.5,61.5,431.0,9.0,422.0,440.0,422.0,831.5,28.5,803.0,860.0,803.0,6.7,0.0,6.7,6.7,6.7,840.0,0.0,840.0,840.0,840.0,2025-11-27T07:53:29.996039+00:00
dev6,22.4,0.0,22.4,22.4,22.4,60.75,0.75,60.0,61.5,61.5,431.0,9.0,422.0,440.0,422.0,831.5,28.5,803.0,860.0,803.0,6.470000000000001,0.22999999999999998,6.24,6.7,6.24,840.0,0.0,840.0,840.0,840.0,2025-11-27T07:53:29.999512+00:00
dev6,22.4,0.0,22.4,22.4,22.4,61.5,0.0,61.5,61.5,61.5,431.0,9.0,422.0,440.0,422.0,831.5,28.5,803.0,860.0,803.0,6.470000000000001,0.22999999999999998,6.24,6.7,6.24,853.5,13.5,840.0,867.0,867.0,2025-11-27T07:53:30.003334+00:00
dev6,25.299999999999997,2.9000000000000004,22.4,28.2,28.2,61.5,0.0,61.5,61.5,61.5,422.0,0.0,422.0,422.0,422.0,831.5,28.5,803.0,860.0,803.0,6.470000000000001,0.22999999999999998,6.24,6.7,6.24,853.5,13.5,840.0,867.0,867.0,2025-11-27T07:53:32.196499+00:00
dev6,25.299999999999997,2.9000000000000004,22.4,28.2,28.2,54.25,7.25,47.0,61.5,47.0,422.0,0.0,422.0,422.0,422.0,803.0,0.0,803.0,803.0,803.0,6.470000000000001,0.22999999999999998,6.24,6.7,6.24,853.5,13.5,840.0,867.0,867.0,2025-11-27T07:53:32.200055+00:00
dev6,25.299999999999997,2.9000000000000004,22.4,28.2,28.2,54.25,7.25,47.0,61.5,47.0,413.0,9.0,404.0,422.0,404.0,803.0,0.0,803.0,803.0,803.0,6.24,0.0,6.24,6.24,6.24,853.5,13.5,840.0,867.0,867.0,2025-11-27T07:53:32.203717+00:00
dev6,25.299999999999997,2.9000000000000004,22.4,28.2,28.2,54.25,7.25,47.0,61.5,47.0,413.0,9.0,404.0,422.0,404.0,1078.5,275.5,803.0,1354.0,1354.0,6.24,0.0,6.24,6.24,6.24,867.0,0.0,867.0,867.0,867.0,2025-11-27T07:53:32.207336+00:00
dev6,28.2,0.0,28.2,28.2,28.2,54.25,7.25,47.0,61.5,47.0,413.0,9.0,404.0,422.0,404.0,1078.5,275.5,803.0,1354.0,1354.0,6.21,0.03000000000000025,6.18,6.24,6.18,867.0,0.0,867.0,867.0,867.0,2025-11-27T07:53:32.210945+00:00
dev6,28.2,0.0,28.2,28.2,28.2,47.0,0.0,47.0,47.0,47.0,413.0,9.0,404.0,422.0,404.0,1078.5,275.5,803.0,1354.0,1354.0,6.21,0.03000000000000025,6.18,6.24,6.18,880.5,13.5,867.0,894.0,894.0,2025-11-27T07:53:32.214494+00:00
dev6,28.5,0.3000000000000007,28.2,28.8,28.8,47.0,0.0,47.0,47.0,47.0,404.0,0.0,404.0,404.0,404.0,1078.5,275.5,803.0,1354.0,1354.0,6.21,0.03000000000000025,6.18,6.24,6.18,880.5,13.5,867.0,894.0,894.0,2025-11-27T07:53:34.405895+00:00
dev6,28.5,0.3000000000000007,28.2,28.8,28.8,46.25,0.75,45.5,47.0,45.5,404.0,0.0,404.0,404.0,404.0,1354.0,0.0,1354.0,1354.0,1354.0,6.21,0.03000000000000025,6.18,6.24,6.18,880.5,13.5,867.0,894.0,894.0,2025-11-27T07:53:34.409544+00:00
dev6,28.5,0.3000000000000007,28.2,28.8,28.8,46.25,0.75,45.5,47.0,45.5,395.0,9.0,386.0,404.0,386.0,1354.0,0.0,1354.0,1354.0,1354.0,6.18,0.0,6.18,6.18,6.18,880.5,13.5,867.0,894.0,894.0,2025-11-27T07:53:34.413108+00:00
dev6,28.5,0.3000000000000007,28.2,28.8,28.8,46.25,0.75,45.5,47.0,45.5,395.0,9.0,386.0,404.0,386.0,1021.5,332.5,689.0,1354.0,689.0,6.18,0.0,6.18,6.18,6.18,894.0,0.0,894.0,894.0,894.0,2025-11-27T07:53:34.416628+00:00
dev6,28.8,0.0,28.8,28.8,28.8,46.25,0.75,45.5,47.0,45.5,395.0,9.0,386.0,404.0,386.0,1021.5,332.5,689.0,1354.0,689.0,6.15,0.029999999999999805,6.12,6.18,6.12,894.0,0.0,894.0,894.0,894.0,2025-11-27T07:53:34.420115+00:00
dev6,28.8,0.0,28.8,28.8,28.8,45.5,0.0,45.5,45.5,45.5,395.0,9.0,386.0,404.0,386.0,1021.5,332.5,689.0,1354.0,689.0,6.15,0.029999999999999805,6.12,6.18,6.12,907.5,13.5,894.0,921.0,921.0,2025-11-27T07:53:34.423928+00:00
dev6,29.1,0.29999999999999893,28.8,29.4,29.4,45.5,0.0,45.5,45.5,45.5,386.0,0.0,386.0,386.0,386.0,1021.5,332.5,689.0,1354.0,689.0,6.15,0.029999999999999805,6.12,6.18,6.12,907.5,13.5,894.0,921.0,921.0,2025-11-27T07:53:36.694214+00:00
dev6,29.1,0.29999999999999893,28.8,29.4,29.4,55.75,10.25,45.5,66.0,66.0,386.0,0.0,386.0,386.0,386.0,689.0,0.0,689.0,689.0,689.0,6.15,0.029999999999999805,6.12,6.18,6.12,907.5,13.5,894.0,921.0,921.0,2025-11-27T07:53:36.698752+00:00
dev6,29.1,0.29999999999999893,28.8,29.4,29.4,55.75,10.25,45.5,66.0,66.0,377.0,9.0,368.0,386.0,368.0,689.0,0.0,689.0,689.0,689.0,6.12,0.0,6.12,6.12,6.12,907.5,13.5,894.0,921.0,921.0,2025-11-27T07:53:36.702393+00:00
dev6,29.1,0.29999999999999893,28.8,29.4,29.4,55.75,10.25,45.5,66.0,66.0,377.0,9.0,368.0,386.0,368.0,1078.5,389.5,689.0,1468.0,1468.0,6.12,0.0,6.12,6.12,6.12,921.0,0.0,921.0,921.0,921.0,2025-11-27T07:53:36.706423+00:00
dev6,29.4,0.0,29.4,29.4,29.4,55.75,10.25,45.5,66.0,66.0,377.0,9.0,368.0,386.0,368.0,1078.5,389.5,689.0,1468.0,1468.0,6.53,0.41000000000000014,6.12,6.94,6.94,921.0,0.0,921.0,921.0,921.0,2025-11-27T07:53:36.710326+00:00
dev6,29.4,0.0,29.4,29.4,29.4,66.0,0.0,66.0,66.0,66.0,377.0,9.0,368.0,386.0,368.0,1078.5,389.5,689.0,1468.0,1468.0,6.53,0.41000000000000014,6.12,6.94,6.94,736.5,184.5,552.0,921.0,552.0,2025-11-27T07:53:36.714322+00:00
dev6,24.7,4.699999999999999,20.0,29.4,20.0,66.0,0.0,66.0,66.0,66.0,368.0,0.0,368.0,368.0,368.0,1078.5,389.5,689.0,1468.0,1468.0,6.53,0.41000000000000014,6.12,6.94,6.94,736.5,184.5,552.0,921.0,552.0,2025-11-27T07:53:38.919461+00:00
dev6,24.7,4.699999999999999,20.0,29.4,20.0,66.75,0.75,66.0,67.5,67.5,368.0,0.0,368.0,368.0,368.0,1468.0,0.0,1468.0,1468.0,1468.0,6.53,0.41000000000000014,6.12,6.94,6.94,736.5,184.5,552.0,921.0,552.0,2025-11-27T07:53:38.923744+00:00
dev6,24.7,4.699999999999999,20.0,29.4,20.0,66.75,0.75,66.0,67.5,67.5,509.0,141.0,368.0,650.0,650.0,1468.0,0.0,1468.0,1468.0,1468.0,6.94,0.0,6.94,6.94,6.94,736.5,184.5,552.0,921.0,552.0,2025-11-27T07:53:38.927562+00:00
dev6,24.7,4.699999999999999,20.0,29.4,20.0,66.75,0.75,66.0,67.5,67.5,509.0,141.0,368.0,650.0,650.0,1496.5,28.5,1468.0,1525.0,1525.0,6.94,0.0,6.94,6.94,6.94,552.0,0.0,552.0,552.0,552.0,2025-11-27T07:53:38.931172+00:00
dev6,20.0,0.0,20.0,20.0,20.0,66.75,0.75,66.0,67.5,67.5,509.0,141.0,368.0,650.0,650.0,1496.5,28.5,1468.0,1525.0,1525.0,6.970000000000001,0.029999999999999805,6.94,7.0,7.0,552.0,0.0,552.0,552.0,552.0,2025-11-27T07:53:38.934831+00:00
dev6,20.0,0.0,20.0,20.0,20.0,67.5,0.0,67.5,67.5,67.5,509.0,141.0,368.0,650.0,650.0,1496.5,28.5,1468.0,1525.0,1525.0,6.970000000000001,0.029999999999999805,6.94,7.0,7.0,538.5,13.5,525.0,552.0,525.0,2025-11-27T07:53:38.938640+00:00
dev6,23.661705919071764,3.661705919071766,20.0,27.32341183814353,27.32341183814353,67.5,0.0,67.5,67.5,67.5,650.0,0.0,650.0,650.0,650.0,1496.5,28.5,1468.0,1525.0,1525.0,6.970000000000001,0.029999999999999805,6.94,7.0,7.0,538.5,13.5,525.0,552.0,525.0,2025-11-27T07:53:41.156392+00:00
dev6,23.661705919071764,3.661705919071766,20.0,27.32341183814353,27.32341183814353,61.284711270222765,6.215288729777235,55.06942254044553,67.5,55.06942254044553,650.0,0.0,650.0,650.0,650.0,1525.0,0.0,1525.0,1525.0,1525.0,6.970000000000001,0.029999999999999805,6.94,7.0,7.0,538.5,13.5,525.0,552.0,525.0,2025-11-27T07:53:41.161933+00:00
dev6,23.661705919071764,3.661705919071766,20.0,27.32341183814353,27.32341183814353,61.284711270222765,6.215288729777235,55.06942254044553,67.5,55.06942254044553,538.023389213225,111.97661078677504,426.0467784264499,650.0,426.0467784264499,1525.0,0.0,1525.0,1525.0,1525.0,7.0,0.0,7.0,7.0,7.0,538.5,13.5,525.0,552.0,525.0,2025-11-27T07:53:41.168192+00:00
dev6,23.661705919071764,3.661705919071766,20.0,27.32341183814353,27.32341183814353,61.284711270222765,6.215288729777235,55.06942254044553,67.5,55.06942254044553,538.023389213225,111.97661078677504,426.0467784264499,650.0,426.0467784264499,1262.6802414381987,262.3197585618013,1000.3604828763974,1525.0,1000.3604828763974,7.0,0.0,7.0,7.0,7.0,525.0,0.0,525.0,525.0,525.0,2025-11-27T07:53:41.174293+00:00
dev6,27.32341183814353,0.0,27.32341183814353,27.32341183814353,27.32341183814353,61.284711270222765,6.215288729777235,55.06942254044553,67.5,55.06942254044553,538.023389213225,111.97661078677504,426.0467784264499,650.0,426.0467784264499,1262.6802414381987,262.3197585618013,1000.3604828763974,1525.0,1000.3604828763974,6.632120023599432,0.36787997640056735,6.264240047198865,7.0,6.264240047198865,525.0,0.0,525.0,525.0,525.0,2025-11-27T07:53:41.179789+00:00
dev6,27.32341183814353,0.0,27.32341183814353,27.32341183814353,27.32341183814353,55.06942254044553,0.0,55.06942254044553,55.06942254044553,55.06942254044553,538.023389213225,111.97661078677504,426.0467784264499,650.0,426.0467784264499,1262.6802414381987,262.3197585618013,1000.3604828763974,1525.0,1000.3604828763974,6.632120023599432,0.36787997640056735,6.264240047198865,7.0,6.264240047198865,598.4389689980997,73.43896899809965,525.0,671.8779379961993,671.8779379961993,2025-11-27T07:53:41.184761+00:00
dev6,24.01790301543847,3.305508822705061,20.71239419273341,27.32341183814353,20.71239419273341,55.06942254044553,0.0,55.06942254044553,55.06942254044553,55.06942254044553,426.0467784264499,0.0,426.0467784264499,426.0467784264499,426.0467784264499,1262.6802414381987,262.3197585618013,1000.3604828763974,1525.0,1000.3604828763974,6.632120023599432,0.36787997640056735,6.264240047198865,7.0,6.264240047198865,598.4389689980997,73.43896899809965,525.0,671.8779379961993,671.8779379961993,2025-11-27T07:53:43.451961+00:00
dev6,24.01790301543847,3.305508822705061,20.71239419273341,27.32341183814353,20.71239419273341,57.492471779334565,2.423049238889032,55.06942254044553,59.91552101822359,59.91552101822359,426.0467784264499,0.0,426.0467784264499,426.0467784264499,426.0467784264499,1000.3604828763974,0.0,1000.3604828763974,1000.3604828763974,1000.3604828763974,6.632120023599432,0.36787997640056735,6.264240047198865,7.0,6.264240047198865,598.4389689980997,73.43896899809965,525.0,671.8779379961993,671.8779379961993,2025-11-27T07:53:43.456964+00:00
dev6,24.01790301543847,3.305508822705061,20.71239419273341,27.32341183814353,20.71239419273341,57.492471779334565,2.423049238889032,55.06942254044553,59.91552101822359,59.91552101822359,395.6876815189461,30.35909690750384,365.32858461144224,426.0467784264499,365.32858461144224,1000.3604828763974,0.0,1000.3604828763974,1000.3604828763974,1000.3604828763974,6.264240047198865,0.0,6.264240047198865,6.264240047198865,6.264240047198865,598.4389689980997,73.43896899809965,525.0,671.8779379961993,671.8779379961993,2025-11-27T07:53:43.462314+00:00
dev6,24.01790301543847,3.305508822705061,20.71239419273341,27.32341183814353,20.71239419273341,57.492471779334565,2.423049238889032,55.06942254044553,59.91552101822359,59.91552101822359,395.6876815189461,30.35909690750384,365.32858461144224,426.0467784264499,365.32858461144224,823.7460854682761,176.61439740812142,647.1316880601546,1000.3604828763974,647.1316880601546,6.264240047198865,0.0,6.264240047198865,6.264240047198865,6.264240047198865,671.8779379961993,0.0,671.8779379961993,671.8779379961993,671.8779379961993,2025-11-27T07:53:43.467827+00:00
dev6,20.71239419273341,0.0,20.71239419273341,20.71239419273341,20.71239419273341,57.492471779334565,2.423049238889032,55.06942254044553,59.91552101822359,59.91552101822359,395.6876815189461,30.35909690750384,365.32858461144224,426.0467784264499,365.32858461144224,823.7460854682761,176.61439740812142,647.1316880601546,1000.3604828763974,647.1316880601546,6.251564740655175,0.012675306543690645,6.238889434111484,6.264240047198865,6.238889434111484,671.8779379961993,0.0,671.8779379961993,671.8779379961993,671.8779379961993,2025-11-27T07:53:43.473024+00:00
dev6,20.71239419273341,0.0,20.71239419273341,20.71239419273341,20.71239419273341,59.91552101822359,0.0,59.91552101822359,59.91552101822359,59.91552101822359,395.6876815189461,30.35909690750384,365.32858461144224,426.0467784264499,365.32858461144224,823.7460854682761,176.61439740812142,647.1316880601546,1000.3604828763974,647.1316880601546,6.251564740655175,0.012675306543690645,6.238889434111484,6.264240047198865,6.238889434111484,779.6716654280751,107.79372743187582,671.8779379961993,887.465392859951,887.465392859951,2025-11-27T07:53:43.477280+00:00
dev6,21.39358210690012,0.6811879141667081,20.71239419273341,22.074770021066826,22.074770021066826,59.91552101822359,0.0,59.91552101822359,59.91552101822359,59.91552101822359,365.32858461144224,0.0,365.32858461144224,365.32858461144224,365.32858461144224,823.7460854682761,176.61439740812142,647.1316880601546,1000.3604828763974,647.1316880601546,6.251564740655175,0.012675306543690645,6.238889434111484,6.264240047198865,6.238889434111484,779.6716654280751,107.79372743187582,671.8779379961993,887.465392859951,887.465392859951,2025-11-27T07:53:45.687909+00:00
dev6,21.39358210690012,0.6811879141667081,20.71239419273341,22.074770021066826,22.074770021066826,54.04774802462339,5.867772993600202,48.17997503102319,59.91552101822359,48.17997503102319,365.32858461144224,0.0,365.32858461144224,365.32858461144224,365.32858461144224,647.1316880601546,0.0,647.1316880601546,647.1316880601546,647.1316880601546,6.251564740655175,0.012675306543690645,6.238889434111484,6.264240047198865,6.238889434111484,779.6716654280751,107.79372743187582,671.8779379961993,887.465392859951,887.465392859951,2025-11-27T07:53:45.691374+00:00
dev6,21.39358210690012,0.6811879141667081,20.71239419273341,22.074770021066826,22.074770021066826,54.04774802462339,5.867772993600202,48.17997503102319,59.91552101822359,48.17997503102319,359.4702854606828,5.858299150759393,353.61198630992345,365.32858461144224,353.61198630992345,647.1316880601546,0.0,647.1316880601546,647.1316880601546,647.1316880601546,6.238889434111484,0.0,6.238889434111484,6.238889434111484,6.238889434111484,779.6716654280751,107.79372743187582,671.8779379961993,887.465392859951,887.465392859951,2025-11-27T07:53:45.694882+00:00
dev6,21.39358210690012,0.6811879141667081,20.71239419273341,22.074770021066826,22.074770021066826,54.04774802462339,5.867772993600202,48.17997503102319,59.91552101822359,48.17997503102319,359.4702854606828,5.858299150759393,353.61198630992345,365.32858461144224,353.61198630992345,842.2692097496551,195.13752168950055,647.1316880601546,1037.4067314391557,1037.4067314391557,6.238889434111484,0.0,6.238889434111484,6.238889434111484,6.238889434111484,887.465392859951,0.0,887.465392859951,887.465392859951,887.465392859951,2025-11-27T07:53:45.698575+00:00
dev6,22.074770021066826,0.0,22.074770021066826,22.074770021066826,22.074770021066826,54.04774802462339,5.867772993600202,48.17997503102319,59.91552101822359,48.17997503102319,359.4702854606828,5.858299150759393,353.61198630992345,365.32858461144224,353.61198630992345,842.2692097496551,195.13752168950055,647.1316880601546,1037.4067314391557,1037.4067314391557,6.524350633456367,0.285461199344883,6.238889434111484,6.80981183280125,6.80981183280125,887.465392859951,0.0,887.465392859951,887.465392859951,887.465392859951,2025-11-27T07:53:45.702027+00:00
dev6,22.074770021066826,0.0,22.074770021066826,22.074770021066826,22.074770021066826,48.17997503102319,0.0,48.17997503102319,48.17997503102319,48.17997503102319,359.4702854606828,5.858299150759393,353.61198630992345,365.32858461144224,353.61198630992345,842.2692097496551,195.13752168950055,647.1316880601546,1037.4067314391557,1037.4067314391557,6.524350633456367,0.285461199344883,6.238889434111484,6.80981183280125,6.80981183280125,872.7192706411427,14.746122218808352,857.9731484223342,887.465392859951,857.9731484223342,2025-11-27T07:53:45.705760+00:00
dev6,24.333740574926892,2.258970553860065,22.074770021066826,26.592711128786956,26.592711128786956,48.17997503102319,0.0,48.17997503102319,48.17997503102319,48.17997503102319,353.61198630992345,0.0,353.61198630992345,353.61198630992345,353.61198630992345,842.2692097496551,195.13752168950055,647.1316880601546,1037.4067314391557,1037.4067314391557,6.524350633456367,0.285461199344883,6.238889434111484,6.80981183280125,6.80981183280125,872.7192706411427,14.746122218808352,857.9731484223342,887.465392859951,857.9731484223342,2025-11-27T07:53:47.931187+00:00
dev6,24.333740574926892,2.258970553860065,22.074770021066826,26.592711128786956,26.592711128786956,49.17735913169359,0.9973841006704056,48.17997503102319,50.174743232364,50.174743232364,353.61198630992345,0.0,353.61198630992345,353.61198630992345,353.61198630992345,1037.4067314391557,0.0,1037.4067314391557,1037.4067314391557,1037.4067314391557,6.524350633456367,0.285461199344883,6.238889434111484,6.80981183280125,6.80981183280125,872.7192706411427,14.746122218808352,857.9731484223342,887.465392859951,857.9731484223342,2025-11-27T07:53:47.934358+00:00
dev6,24.333740574926892,2.258970553860065,22.074770021066826,26.592711128786956,26.592711128786956,49.17735913169359,0.9973841006704056,48.17997503102319,50.174743232364,50.174743232364,449.47931148060593,95.86732517068245,353.61198630992345,545.3466366512883,545.3466366512883,1037.4067314391557,0.0,1037.4067314391557,1037.4067314391557,1037.4067314391557,6.80981183280125,0.0,6.80981183280125,6.80981183280125,6.80981183280125,872.7192706411427,14.746122218808352,857.9731484223342,887.465392859951,857.9731484223342,2025-11-27T07:53:47.937783+00:00
dev6,24.333740574926892,2.258970553860065,22.074770021066826,26.592711128786956,26.592711128786956,49.17735913169359,0.9973841006704056,48.17997503102319,50.174743232364,50.174743232364,449.47931148060593,95.86732517068245,353.61198630992345,545.3466366512883,545.3466366512883,881.645615257861,155.76111618129477,725.8844990765662,1037.4067314391557,725.8844990765662,6.80981183280125,0.0,6.80981183280125,6.80981183280125,6.80981183280125,857.9731484223342,0.0,857.9731484223342,857.9731484223342,857.9731484223342,2025-11-27T07:53:47.941300+00:00
dev6,26.592711128786956,0.0,26.592711128786956,26.592711128786956,26.592711128786956,49.17735913169359,0.9973841006704056,48.17997503102319,50.174743232364,50.174743232364,449.47931148060593,95.86732517068245,353.61198630992345,545.3466366512883,545.3466366512883,881.645615257861,155.76111618129477,725.8844990765662,1037.4067314391557,725.8844990765662,6.780117411235206,0.029694421566044404,6.750422989669161,6.80981183280125,6.750422989669161,857.9731484223342,0.0,857.9731484223342,857.9731484223342,857.9731484223342,2025-11-27T07:53:47.945400+00:00
dev6,26.592711128786956,0.0,26.592711128786956,26.592711128786956,26.592711128786956,50.174743232364,0.0,50.174743232364,50.174743232364,50.174743232364,449.47931148060593,95.86732517068245,353.61198630992345,545.3466366512883,545.3466366512883,881.645615257861,155.76111618129477,725.8844990765662,1037.4067314391557,725.8844990765662,6.780117411235206,0.029694421566044404,6.750422989669161,6.80981183280125,6.750422989669161,643.3757477887309,214.5974006336034,428.77834715512745,857.9731484223342,428.77834715512745,2025-11-27T07:53:47.948884+00:00
dev6,26.94159737034668,0.34888624155972536,26.592711128786956,27.290483611906406,27.290483611906406,50.174743232364,0.0,50.174743232364,50.174743232364,50.174743232364,545.3466366512883,0.0,545.3466366512883,545.3466366512883,545.3466366512883,881.645615257861,155.76111618129477,725.8844990765662,1037.4067314391557,725.8844990765662,6.780117411235206,0.029694421566044404,6.750422989669161,6.80981183280125,6.750422989669161,643.3757477887309,214.5974006336034,428.77834715512745,857.9731484223342,428.77834715512745,2025-11-27T07:53:50.159560+00:00
dev6,26.94159737034668,0.34888624155972536,26.592711128786956,27.290483611906406,27.290483611906406,56.91844926393989,6.743706031575886,50.174743232364,63.662155295515774,63.662155295515774,545.3466366512883,0.0,545.3466366512883,545.3466366512883,545.3466366512883,725.8844990765662,0.0,725.8844990765662,725.8844990765662,725.8844990765662,6.780117411235206,0.029694421566044404,6.750422989669161,6.80981183280125,6.750422989669161,643.3757477887309,214.5974006336034,428.77834715512745,857.9731484223342,428.77834715512745,2025-11-27T07:53:50.166023+00:00
dev6,26.94159737034668,0.34888624155972536,26.592711128786956,27.290483611906406,27.290483611906406,56.91844926393989,6.743706031575886,50.174743232364,63.662155295515774,63.662155295515774,556.4981473054794,11.151510654191043,545.3466366512883,567.6496579596704,567.6496579596704,725.8844990765662,0.0,725.8844990765662,725.8844990765662,725.8844990765662,6.750422989669161,0.0,6.750422989669161,6.750422989669161,6.750422989669161,643.3757477887309,214.5974006336034,428.77834715512745,857.9731484223342,428.77834715512745,2025-11-27T07:53:50.171677+00:00
dev6,26.94159737034668,0.34888624155972536,26.592711128786956,27.290483611906406,27.290483611906406,56.91844926393989,6.743706031575886,50.174743232364,63.662155295515774,63.662155295515774,556.4981473054794,11.151510654191043,545.3466366512883,567.6496579596704,567.6496579596704,727.5667709769712,1.6822719004050555,725.8844990765662,729.2490428773763,729.2490428773763,6.750422989669161,0.0,6.750422989669161,6.750422989669161,6.750422989669161,428.77834715512745,0.0,428.77834715512745,428.77834715512745,428.77834715512745,2025-11-27T07:53:50.176513+00:00
dev6,27.290483611906406,0.0,27.290483611906406,27.290483611906406,27.290483611906406,56.91844926393989,6.743706031575886,50.174743232364,63.662155295515774,63.662155295515774,556.4981473054794,11.151510654191043,545.3466366512883,567.6496579596704,567.6496579596704,727.5667709769712,1.6822719004050555,725.8844990765662,729.2490428773763,729.2490428773763,6.713263232528734,0.03715975714042763,6.676103475388306,6.750422989669161,6.676103475388306,428.77834715512745,0.0,428.77834715512745,428.77834715512745,428.77834715512745,2025-11-27T07:53:50.181444+00:00
dev6,27.290483611906406,0.0,27.290483611906406,27.290483611906406,27.290483611906406,63.662155295515774,0.0,63.662155295515774,63.662155295515774,63.662155295515774,556.4981473054794,11.151510654191043,545.3466366512883,567.6496579596704,567.6496579596704,727.5667709769712,1.6822719004050555,725.8844990765662,729.2490428773763,729.2490428773763,6.713263232528734,0.03715975714042763,6.676103475388306,6.750422989669161,6.676103475388306,651.4897253603467,222.7113782052192,428.77834715512745,874.2011035655659,874.2011035655659,2025-11-27T07:53:50.186566+00:00
dev6,25.61850446617211,1.6719791457342978,23.94652532043781,27.290483611906406,23.94652532043781,63.662155295515774,0.0,63.662155295515774,63.662155295515774,63.662155295515774,567.6496579596704,0.0,567.6496579596704,567.6496579596704,567.6496579596704,727.5667709769712,1.6822719004050555,725.8844990765662,729.2490428773763,729.2490428773763,6.713263232528734,0.03715975714042763,6.676103475388306,6.750422989669161,6.676103475388306,651.4897253603467,222.7113782052192,428.77834715512745,874.2011035655659,874.2011035655659,2025-11-27T07:53:52.389647+00:00
dev6,25.61850446617211,1.6719791457342978,23.94652532043781,27.290483611906406,23.94652532043781,60.63128142633596,3.030873869179814,57.600407557156146,63.662155295515774,57.600407557156146,567.6496579596704,0.0,567.6496579596704,567.6496579596704,567.6496579596704,729.2490428773763,0.0,729.2490428773763,729.2490428773763,729.2490428773763,6.713263232528734,0.03715975714042763,6.676103475388306,6.750422989669161,6.676103475388306,651.4897253603467,222.7113782052192,428.77834715512745,874.2011035655659,874.2011035655659,2025-11-27T07:53:52.393143+00:00
dev6,25.61850446617211,1.6719791457342978,23.94652532043781,27.290483611906406,23.94652532043781,60.63128142633596,3.030873869179814,57.600407557156146,63.662155295515774,57.600407557156146,560.8826152879046,6.767042671765751,554.1155726161389,567.6496579596704,554.1155726161389,729.2490428773763,0.0,729.2490428773763,729.2490428773763,729.2490428773763,6.676103475388306,0.0,6.676103475388306,6.676103475388306,6.676103475388306,651.4897253603467,222.7113782052192,428.77834715512745,874.2011035655659,874.2011035655659,2025-11-27T07:53:52.396495+00:00
dev6,25.61850446617211,1.6719791457342978,23.94652532043781,27.290483611906406,23.94652532043781,60.63128142633596,3.030873869179814,57.600407557156146,63.662155295515774,57.600407557156146,560.8826152879046,6.767042671765751,554.1155726161389,567.6496579596704,554.1155726161389,834.7932261618439,105.54418328446764,729.2490428773763,940.3374094463115,940.3374094463115,6.676103475388306,0.0,6.676103475388306,6.676103475388306,6.676103475388306,874.2011035655659,0.0,874.2011035655659,874.2011035655659,874.2011035655659,2025-11-27T07:53:52.399902+00:00
dev6,23.94652532043781,0.0,23.94652532043781,23.94652532043781,23.94652532043781,60.63128142633596,3.030873869179814,57.600407557156146,63.662155295515774,57.600407557156146,560.8826152879046,6.767042671765751,554.1155726161389,567.6496579596704,554.1155726161389,834.7932261618439,105.54418328446764,729.2490428773763,940.3374094463115,940.3374094463115,6.367742986555381,0.30836048883292433,6.059382497722457,6.676103475388306,6.059382497722457,874.2011035655659,0.0,874.2011035655659,874.2011035655659,874.2011035655659,2025-11-27T07:53:52.405448+00:00
dev6,23.94652532043781,0.0,23.94652532043781,23.94652532043781,23.94652532043781,57.600407557156146,0.0,57.600407557156146,57.600407557156146,57.600407557156146,560.8826152879046,6.767042671765751,554.1155726161389,567.6496579596704,554.1155726161389,834.7932261618439,105.54418328446764,729.2490428773763,940.3374094463115,940.3374094463115,6.367742986555381,0.30836048883292433,6.059382497722457,6.676103475388306,6.059382497722457,869.1556734381763,5.045430127389579,864.1102433107867,874.2011035655659,864.1102433107867,2025-11-27T07:53:52.409178+00:00
dev6,26.611647030735284,2.6651217102974716,23.94652532043781,29.276768741032754,29.276768741032754,57.600407557156146,0.0,57.600407557156146,57.600407557156146,57.600407557156146,554.1155726161389,0.0,554.1155726161389,554.1155726161389,554.1155726161389,834.7932261618439,105.54418328446764,729.2490428773763,940.3374094463115,940.3374094463115,6.367742986555381,0.30836048883292433,6.059382497722457,6.676103475388306,6.059382497722457,869.1556734381763,5.045430127389579,864.1102433107867,874.2011035655659,864.1102433107867,2025-11-27T07:53:54.610477+00:00
dev6,26.611647030735284,2.6651217102974716,23.94652532043781,29.276768741032754,29.276768741032754,61.451603814925285,3.851196257769139,57.600407557156146,65.30280007269442,65.30280007269442,554.1155726161389,0.0,554.1155726161389,554.1155726161389,554.1155726161389,940.3374094463115,0.0,940.3374094463115,940.3374094463115,940.3374094463115,6.367742986555381,0.30836048883292433,6.059382497722457,6.676103475388306,6.059382497722457,869.1556734381763,5.045430127389579,864.1102433107867,874.2011035655659,864.1102433107867,2025-11-27T07:53:54.614036+00:00
dev6,26.611647030735284,2.6651217102974716,23.94652532043781,29.276768741032754,29.276768741032754,61.451603814925285,3.851196257769139,57.600407557156146,65.30280007269442,65.30280007269442,550.9403076188592,3.1752649972797258,547.7650426215795,554.1155726161389,547.7650426215795,940.3374094463115,0.0,940.3374094463115,940.3374094463115,940.3374094463115,6.059382497722457,0.0,6.059382497722457,6.059382497722457,6.059382497722457,869.1556734381763,5.045430127389579,864.1102433107867,874.2011035655659,864.1102433107867,2025-11-27T07:53:54.617381+00:00
dev6,26.611647030735284,2.6651217102974716,23.94652532043781,29.276768741032754,29.276768741032754,61.451603814925285,3.851196257769139,57.600407557156146,65.30280007269442,65.30280007269442,550.9403076188592,3.1752649972797258,547.7650426215795,554.1155726161389,547.7650426215795,1050.1756646545316,109.83825520822006,940.3374094463115,1160.0139198627517,1160.0139198627517,6.059382497722457,0.0,6.059382497722457,6.059382497722457,6.059382497722457,864.1102433107867,0.0,864.1102433107867,864.1102433107867,864.1102433107867,2025-11-27T07:53:54.620818+00:00
dev6,29.276768741032754,0.0,29.276768741032754,29.276768741032754,29.276768741032754,61.451603814925285,3.851196257769139,57.600407557156146,65.30280007269442,65.30280007269442,550.9403076188592,3.1752649972797258,547.7650426215795,554.1155726161389,547.7650426215795,1050.1756646545316,109.83825520822006,940.3374094463115,1160.0139198627517,1160.0139198627517,6.147100948207946,0.08771845048548865,6.059382497722457,6.234819398693435,6.234819398693435,864.1102433107867,0.0,864.1102433107867,864.1102433107867,864.1102433107867,2025-11-27T07:53:54.624222+00:00
dev6,29.276768741032754,0.0,29.276768741032754,29.276768741032754,29.276768741032754,65.30280007269442,0.0,65.30280007269442,65.30280007269442,65.30280007269442,550.9403076188592,3.1752649972797258,547.7650426215795,554.1155726161389,547.7650426215795,1050.1756646545316,109.83825520822006,940.3374094463115,1160.0139198627517,1160.0139198627517,6.147100948207946,0.08771845048548865,6.059382497722457,6.234819398693435,6.234819398693435,798.5277367963624,65.58250651442427,732.9452302819382,864.1102433107867,732.9452302819382,2025-11-27T07:53:54.627646+00:00
dev6,26.849952796729877,2.426815944302877,24.423136852427,29.276768741032754,24.423136852427,65.30280007269442,0.0,65.30280007269442,65.30280007269442,65.30280007269442,547.7650426215795,0.0,547.7650426215795,547.7650426215795,547.7650426215795,1050.1756646545316,109.83825520822006,940.3374094463115,1160.0139198627517,1160.0139198627517,6.147100948207946,0.08771845048548865,6.059382497722457,6.234819398693435,6.234819398693435,798.5277367963624,65.58250651442427,732.9452302819382,864.1102433107867,732.9452302819382,2025-11-27T07:53:56.832682+00:00
dev6,26.849952796729877,2.426815944302877,24.423136852427,29.276768741032754,24.423136852427,63.521504100992686,1.7812959717017378,61.74020812929095,65.30280007269442,61.74020812929095,547.7650426215795,0.0,547.7650426215795,547.7650426215795,547.7650426215795,1160.0139198627517,0.0,1160.0139198627517,1160.0139198627517,1160.0139198627517,6.147100948207946,0.08771845048548865,6.059382497722457,6.234819398693435,6.234819398693435,798.5277367963624,65.58250651442427,732.9452302819382,864.1102433107867,732.9452302819382,2025-11-27T07:53:56.837290+00:00
dev6,26.849952796729877,2.426815944302877,24.423136852427,29.276768741032754,24.423136852427,63.521504100992686,1.7812959717017378,61.74020812929095,65.30280007269442,61.74020812929095,622.047683345105,74.28264072352562,547.7650426215795,696.3303240686307,696.3303240686307,1160.0139198627517,0.0,1160.0139198627517,1160.0139198627517,1160.0139198627517,6.234819398693435,0.0,6.234819398693435,6.234819398693435,6.234819398693435,798.5277367963624,65.58250651442427,732.9452302819382,864.1102433107867,732.9452302819382,2025-11-27T07:53:56.841205+00:00
dev6,26.849952796729877,2.426815944302877,24.423136852427,29.276768741032754,24.423136852427,63.521504100992686,1.7812959717017378,61.74020812929095,65.30280007269442,61.74020812929095,622.047683345105,74.28264072352562,547.7650426215795,696.3303240686307,696.3303240686307,1248.8681884175755,88.85426855482388,1160.0139198627517,1337.7224569723994,1337.7224569723994,6.234819398693435,0.0,6.234819398693435,6.234819398693435,6.234819398693435,732.9452302819382,0.0,732.9452302819382,732.9452302819382,732.9452302819382,2025-11-27T07:53:56.845676+00:00
dev6,24.423136852427,0.0,24.423136852427,24.423136852427,24.423136852427,63.521504100992686,1.7812959717017378,61.74020812929095,65.30280007269442,61.74020812929095,622.047683345105,74.28264072352562,547.7650426215795,696.3303240686307,696.3303240686307,1248.8681884175755,88.85426855482388,1160.0139198627517,1337.7224569723994,1337.7224569723994,6.258911660166621,0.024092261473186216,6.234819398693435,6.283003921639807,6.283003921639807,732.9452302819382,0.0,732.9452302819382,732.9452302819382,732.9452302819382,2025-11-27T07:53:56.849707+00:00
dev6,24.423136852427,0.0,24.423136852427,24.423136852427,24.423136852427,61.74020812929095,0.0,61.74020812929095,61.74020812929095,61.74020812929095,622.047683345105,74.28264072352562,547.7650426215795,696.3303240686307,696.3303240686307,1248.8681884175755,88.85426855482388,1160.0139198627517,1337.7224569723994,1337.7224569723994,6.258911660166621,0.024092261473186216,6.234819398693435,6.283003921639807,6.283003921639807,754.8709251897603,21.92569490782222,732.9452302819382,776.7966200975826,776.7966200975826,2025-11-27T07:53:56.853848+00:00
dev6,25.38984052447765,0.9667036720506488,24.423136852427,26.356544196528297,26.356544196528297,61.74020812929095,0.0,61.74020812929095,61.74020812929095,61.74020812929095,696.3303240686307,0.0,696.3303240686307,696.3303240686307,696.3303240686307,1248.8681884175755,88.85426855482388,1160.0139198627517,1337.7224569723994,1337.7224569723994,6.258911660166621,0.024092261473186216,6.234819398693435,6.283003921639807,6.283003921639807,754.8709251897603,21.92569490782222,732.9452302819382,776.7966200975826,776.7966200975826,2025-11-27T07:53:59.055934+00:00
dev6,25.38984052447765,0.9667036720506488,24.423136852427,26.356544196528297,26.356544196528297,51.976838199126554,9.763369930164394,42.21346826896216,61.74020812929095,42.21346826896216,696.3303240686307,0.0,696.3303240686307,696.3303240686307,696.3303240686307,1337.7224569723994,0.0,1337.7224569723994,1337.7224569723994,1337.7224569723994,6.258911660166621,0.024092261473186216,6.234819398693435,6.283003921639807,6.283003921639807,754.8709251897603,21.92569490782222,732.9452302819382,776.7966200975826,776.7966200975826,2025-11-27T07:53:59.059438+00:00
dev6,25.38984052447765,0.9667036720506488,24.423136852427,26.356544196528297,26.356544196528297,51.976838199126554,9.763369930164394,42.21346826896216,61.74020812929095,42.21346826896216,462.32423148283664,234.00609258579408,228.31813889704256,696.3303240686307,228.31813889704256,1337.7224569723994,0.0,1337.7224569723994,1337.7224569723994,1337.7224569723994,6.283003921639807,0.0,6.283003921639807,6.283003921639807,6.283003921639807,754.8709251897603,21.92569490782222,732.9452302819382,776.7966200975826,776.7966200975826,2025-11-27T07:53:59.063170+00:00
dev6,25.38984052447765,0.9667036720506488,24.423136852427,26.356544196528297,26.356544196528297,51.976838199126554,9.763369930164394,42.21346826896216,61.74020812929095,42.21346826896216,462.32423148283664,234.00609258579408,228.31813889704256,696.3303240686307,228.31813889704256,1337.8694248844622,0.14696791206290527,1337.7224569723994,1338.0163927965252,1338.0163927965252,6.283003921639807,0.0,6.283003921639807,6.283003921639807,6.283003921639807,776.7966200975826,0.0,776.7966200975826,776.7966200975826,776.7966200975826,2025-11-27T07:53:59.066625+00:00
dev6,26.356544196528297,0.0,26.356544196528297,26.356544196528297,26.356544196528297,51.976838199126554,9.763369930164394,42.21346826896216,61.74020812929095,42.21346826896216,462.32423148283664,234.00609258579408,228.31813889704256,696.3303240686307,228.31813889704256,1337.8694248844622,0.14696791206290527,1337.7224569723994,1338.0163927965252,1338.0163927965252,6.584048321726028,0.3010444000862216,6.283003921639807,6.88509272181225,6.88509272181225,776.7966200975826,0.0,776.7966200975826,776.7966200975826,776.7966200975826,2025-11-27T07:53:59.070136+00:00
dev6,26.356544196528297,0.0,26.356544196528297,26.356544196528297,26.356544196528297,42.21346826896216,0.0,42.21346826896216,42.21346826896216,42.21346826896216,462.32423148283664,234.00609258579408,228.31813889704256,696.3303240686307,228.31813889704256,1337.8694248844622,0.14696791206290527,1337.7224569723994,1338.0163927965252,1338.0163927965252,6.584048321726028,0.3010444000862216,6.283003921639807,6.88509272181225,6.88509272181225,841.2784364229283,64.48181632534562,776.7966200975826,905.7602527482738,905.7602527482738,2025-11-27T07:53:59.073637+00:00
dev6,27.137521254149366,0.7809770576210688,26.356544196528297,27.918498311770435,27.918498311770435,42.21346826896216,0.0,42.21346826896216,42.21346826896216,42.21346826896216,228.31813889704256,0.0,228.31813889704256,228.31813889704256,228.31813889704256,1337.8694248844622,0.14696791206290527,1337.7224569723994,1338.0163927965252,1338.0163927965252,6.584048321726028,0.3010444000862216,6.283003921639807,6.88509272181225,6.88509272181225,841.2784364229283,64.48181632534562,776.7966200975826,905.7602527482738,905.7602527482738,2025-11-27T07:54:01.273123+00:00
dev6,27.137521254149366,0.7809770576210688,26.356544196528297,27.918498311770435,27.918498311770435,52.24101568183042,10.027547412868259,42.21346826896216,62.26856309469868,62.26856309469868,228.31813889704256,0.0,228.31813889704256,228.31813889704256,228.31813889704256,1338.0163927965252,0.0,1338.0163927965252,1338.0163927965252,1338.0163927965252,6.584048321726028,0.3010444000862216,6.283003921639807,6.88509272181225,6.88509272181225,841.2784364229283,64.48181632534562,776.7966200975826,905.7602527482738,905.7602527482738,2025-11-27T07:54:01.276759+00:00
dev6,27.137521254149366,0.7809770576210688,26.356544196528297,27.918498311770435,27.918498311770435,52.24101568183042,10.027547412868259,42.21346826896216,62.26856309469868,62.26856309469868,406.0400886864166,177.72194978937404,228.31813889704256,583.7620384757906,583.7620384757906,1338.0163927965252,0.0,1338.0163927965252,1338.0163927965252,1338.0163927965252,6.88509272181225,0.0,6.88509272181225,6.88509272181225,6.88509272181225,841.2784364229283,64.48181632534562,776.7966200975826,905.7602527482738,905.7602527482738,2025-11-27T07:54:01.280582+00:00
dev6,27.137521254149366,0.7809770576210688,26.356544196528297,27.918498311770435,27.918498311770435,52.24101568183042,10.027547412868259,42.21346826896216,62.26856309469868,62.26856309469868,406.0400886864166,177.72194978937404,228.31813889704256,583.7620384757906,583.7620384757906,1102.955256777083,235.0611360194422,867.8941207576408,1338.0163927965252,867.8941207576408,6.88509272181225,0.0,6.88509272181225,6.88509272181225,6.88509272181225,905.7602527482738,0.0,905.7602527482738,905.7602527482738,905.7602527482738,2025-11-27T07:54:01.285167+00:00
dev6,27.918498311770435,0.0,27.918498311770435,27.918498311770435,27.918498311770435,52.24101568183042,10.027547412868259,42.21346826896216,62.26856309469868,62.26856309469868,406.0400886864166,177.72194978937404,228.31813889704256,583.7620384757906,583.7620384757906,1102.955256777083,235.0611360194422,867.8941207576408,1338.0163927965252,867.8941207576408,6.486536678928698,0.39855604288355195,6.087980636045146,6.88509272181225,6.087980636045146,905.7602527482738,0.0,905.7602527482738,905.7602527482738,905.7602527482738,2025-11-27T07:54:01.290122+00:00
dev6,27.918498311770435,0.0,27.918498311770435,27.918498311770435,27.918498311770435,62.26856309469868,0.0,62.26856309469868,62.26856309469868,62.26856309469868,406.0400886864166,177.72194978937404,228.31813889704256,583.7620384757906,583.7620384757906,1102.955256777083,235.0611360194422,867.8941207576408,1338.0163927965252,867.8941207576408,6.486536678928698,0.39855604288355195,6.087980636045146,6.88509272181225,6.087980636045146,662.6161530007923,243.14409974748148,419.4720532533109,905.7602527482738,419.4720532533109,2025-11-27T07:54:01.297189+00:00
dev6,30.648812050607944,2.730313738837509,27.918498311770435,33.37912578944545,33.37912578944545,62.26856309469868,0.0,62.26856309469868,62.26856309469868,62.26856309469868,583.7620384757906,0.0,583.7620384757906,583.7620384757906,583.7620384757906,1102.955256777083,235.0611360194422,867.8941207576408,1338.0163927965252,867.8941207576408,6.486536678928698,0.39855604288355195,6.087980636045146,6.88509272181225,6.087980636045146,662.6161530007923,243.14409974748148,419.4720532533109,905.7602527482738,419.4720532533109,2025-11-27T07:54:03.521793+00:00
dev6,30.648812050607944,2.730313738837509,27.918498311770435,33.37912578944545,33.37912578944545,48.45711259850205,13.811450496196628,34.64566210230542,62.26856309469868,34.64566210230542,583.7620384757906,0.0,583.7620384757906,583.7620384757906,583.7620384757906,867.8941207576408,0.0,867.8941207576408,867.8941207576408,867.8941207576408,6.486536678928698,0.39855604288355195,6.087980636045146,6.88509272181225,6.087980636045146,662.6161530007923,243.14409974748148,419.4720532533109,905.7602527482738,419.4720532533109,2025-11-27T07:54:03.525338+00:00
dev6,30.648812050607944,2.730313738837509,27.918498311770435,33.37912578944545,33.37912578944545,48.45711259850205,13.811450496196628,34.64566210230542,62.26856309469868,34.64566210230542,441.17665659596116,142.58538187982947,298.5912747161317,583.7620384757906,298.5912747161317,867.8941207576408,0.0,867.8941207576408,867.8941207576408,867.8941207576408,6.087980636045146,0.0,6.087980636045146,6.087980636045146,6.087980636045146,662.6161530007923,243.14409974748148,419.4720532533109,905.7602527482738,419.4720532533109,2025-11-27T07:54:03.528798+00:00
dev6,30.648812050607944,2.730313738837509,27.918498311770435,33.37912578944545,33.37912578944545,48.45711259850205,13.811450496196628,34.64566210230542,62.26856309469868,34.64566210230542,441.17665659596116,142.58538187982947,298.5912747161317,583.7620384757906,298.5912747161317,991.4336638633773,123.53954310573647,867.8941207576408,1114.9732069691138,1114.9732069691138,6.087980636045146,0.0,6.087980636045146,6.087980636045146,6.087980636045146,419.4720532533109,0.0,419.4720532533109,419.4720532533109,419.4720532533109,2025-11-27T07:54:03.532688+00:00
dev6,33.37912578944545,0.0,33.37912578944545,33.37912578944545,33.37912578944545,48.45711259850205,13.811450496196628,34.64566210230542,62.26856309469868,34.64566210230542,441.17665659596116,142.58538187982947,298.5912747161317,583.7620384757906,298.5912747161317,991.4336638633773,123.53954310573647,867.8941207576408,1114.9732069691138,1114.9732069691138,6.34602335053231,0.2580427144871633,6.087980636045146,6.604066065019473,6.604066065019473,419.4720532533109,0.0,419.4720532533109,419.4720532533109,419.4720532533109,2025-11-27T07:54:03.536032+00:00
dev6,33.37912578944545,0.0,33.37912578944545,33.37912578944545,33.37912578944545,34.64566210230542,0.0,34.64566210230542,34.64566210230542,34.64566210230542,441.17665659596116,142.58538187982947,298.5912747161317,583.7620384757906,298.5912747161317,991.4336638633773,123.53954310573647,867.8941207576408,1114.9732069691138,1114.9732069691138,6.34602335053231,0.2580427144871633,6.087980636045146,6.604066065019473,6.604066065019473,510.48864714468846,91.01659389137754,419.4720532533109,601.505241036066,601.505241036066,2025-11-27T07:54:03.539486+00:00
dev6,29.517548017514294,3.8615777719311613,25.65597024558313,33.37912578944545,25.65597024558313,34.64566210230542,0.0,34.64566210230542,34.64566210230542,34.64566210230542,298.5912747161317,0.0,298.5912747161317,298.5912747161317,298.5912747161317,991.4336638633773,123.53954310573647,867.8941207576408,1114.9732069691138,1114.9732069691138,6.34602335053231,0.2580427144871633,6.087980636045146,6.604066065019473,6.604066065019473,510.48864714468846,91.01659389137754,419.4720532533109,601.505241036066,601.505241036066,2025-11-27T07:54:05.729924+00:00
dev6,29.517548017514294,3.8615777719311613,25.65597024558313,33.37912578944545,25.65597024558313,52.776356322320254,18.13069422001483,34.64566210230542,70.90705054233509,70.90705054233509,298.5912747161317,0.0,298.5912747161317,298.5912747161317,298.5912747161317,1114.9732069691138,0.0,1114.9732069691138,1114.9732069691138,1114.9732069691138,6.34602335053231,0.2580427144871633,6.087980636045146,6.604066065019473,6.604066065019473,510.48864714468846,91.01659389137754,419.4720532533109,601.505241036066,601.505241036066,2025-11-27T07:54:05.733960+00:00
dev6,29.517548017514294,3.8615777719311613,25.65597024558313,33.37912578944545,25.65597024558313,52.776356322320254,18.13069422001483,34.64566210230542,70.90705054233509,70.90705054233509,420.37498183087706,121.78370711474537,298.5912747161317,542.1586889456224,542.1586889456224,1114.9732069691138,0.0,1114.9732069691138,1114.9732069691138,1114.9732069691138,6.604066065019473,0.0,6.604066065019473,6.604066065019473,6.604066065019473,510.48864714468846,91.01659389137754,419.4720532533109,601.505241036066,601.505241036066,2025-11-27T07:54:05.738160+00:00
dev6,29.517548017514294,3.8615777719311613,25.65597024558313,33.37912578944545,25.65597024558313,52.776356322320254,18.13069422001483,34.64566210230542,70.90705054233509,70.90705054233509,420.37498183087706,121.78370711474537,298.5912747161317,542.1586889456224,542.1586889456224,1064.5588776519417,50.41432931717219,1014.1445483347694,1114.9732069691138,1014.1445483347694,6.604066065019473,0.0,6.604066065019473,6.604066065019473,6.604066065019473,601.505241036066,0.0,601.505241036066,601.505241036066,601.505241036066,2025-11-27T07:54:05.741719+00:00
dev6,25.65597024558313,0.0,25.65597024558313,25.65597024558313,25.65597024558313,52.776356322320254,18.13069422001483,34.64566210230542,70.90705054233509,70.90705054233509,420.37498183087706,121.78370711474537,298.5912747161317,542.1586889456224,542.1586889456224,1064.5588776519417,50.41432931717219,1014.1445483347694,1114.9732069691138,1014.1445483347694,6.601959793090427,0.0021062719290458887,6.599853521161381,6.604066065019473,6.599853521161381,601.505241036066,0.0,601.505241036066,601.505241036066,601.505241036066,2025-11-27T07:54:05.745347+00:00
dev7,26.844659263071318,2.340804304523541,24.503854958547777,29.18546356759486,29.18546356759486,55.83314204773422,4.6038504443923784,51.22929160334184,60.4369924921266,51.22929160334184,473.1772508652833,29.557360521799353,443.619890343484,502.7346113870827,443.619890343484,1091.2835044661501,0.0,1091.2835044661501,1091.2835044661501,1091.2835044661501,5.461978716235334,0.0,5.461978716235334,5.461978716235334,5.461978716235334,882.003608419271,0.0,882.003608419271,882.003608419271,882.003608419271,2025-11-27T07:53:21.133607+00:00
dev7,26.915110488058517,2.270353079536342,24.644757408522175,29.18546356759486,24.644757408522175,55.83314204773422,4.6038504443923784,51.22929160334184,60.4369924921266,51.22929160334184,473.1772508652833,29.557360521799353,443.619890343484,502.7346113870827,443.619890343484,1091.2835044661501,0.0,1091.2835044661501,1091.2835044661501,1091.2835044661501,5.461978716235334,0.0,5.461978716235334,5.461978716235334,5.461978716235334,882.003608419271,0.0,882.003608419271,882.003608419271,882.003608419271,2025-11-27T07:53:23.351047+00:00
dev7,26.915110488058517,2.270353079536342,24.644757408522175,29.18546356759486,24.644757408522175,57.37661675418441,6.147325150842573,51.22929160334184,63.52394190502699,63.52394190502699,473.1772508652833,29.557360521799353,443.619890343484,502.7346113870827,443.619890343484,1091.2835044661501,0.0,1091.2835044661501,1091.2835044661501,1091.2835044661501,5.461978716235334,0.0,5.461978716235334,5.461978716235334,5.461978716235334,882.003608419271,0.0,882.003608419271,882.003608419271,882.003608419271,2025-11-27T07:53:23.354670+00:00
dev7,26.915110488058517,2.270353079536342,24.644757408522175,29.18546356759486,24.644757408522175,57.37661675418441,6.147325150842573,51.22929160334184,63.52394190502699,63.52394190502699,503.0299957718154,59.410105428331434,443.619890343484,562.4401012001468,562.4401012001468,1091.2835044661501,0.0,1091.2835044661501,1091.2835044661501,1091.2835044661501,5.461978716235334,0.0,5.461978716235334,5.461978716235334,5.461978716235334,882.003608419271,0.0,882.003608419271,882.003608419271,882.003608419271,2025-11-27T07:53:23.358180+00:00
dev7,26.915110488058517,2.270353079536342,24.644757408522175,29.18546356759486,24.644757408522175,57.37661675418441,6.147325150842573,51.22929160334184,63.52394190502699,63.52394190502699,503.0299957718154,59.410105428331434,443.619890343484,562.4401012001468,562.4401012001468,1316.5007641413977,225.21725967524753,1091.2835044661501,1541.7180238166452,1541.7180238166452,5.461978716235334,0.0,5.461978716235334,5.461978716235334,5.461978716235334,882.003608419271,0.0,882.003608419271,882.003608419271,882.003608419271,2025-11-27T07:53:23.362051+00:00
dev7,24.644757408522175,0.0,24.644757408522175,24.644757408522175,24.644757408522175,57.37661675418441,6.147325150842573,51.22929160334184,63.52394190502699,63.52394190502699,503.0299957718154,59.410105428331434,443.619890343484,562.4401012001468,562.4401012001468,1316.5007641413977,225.21725967524753,1091.2835044661501,1541.7180238166452,1541.7180238166452,5.73892687921621,0.27694816298087543,5.461978716235334,6.015875042197085,6.015875042197085,882.003608419271,0.0,882.003608419271,882.003608419271,882.003608419271,2025-11-27T07:53:23.365577+00:00
dev7,24.644757408522175,0.0,24.644757408522175,24.644757408522175,24.644757408522175,63.52394190502699,0.0,63.52394190502699,63.52394190502699,63.52394190502699,503.0299957718154,59.410105428331434,443.619890343484,562.4401012001468,562.4401012001468,1316.5007641413977,225.21725967524753,1091.2835044661501,1541.7180238166452,1541.7180238166452,5.73892687921621,0.27694816298087543,5.461978716235334,6.015875042197085,6.015875042197085,895.6963284131982,13.692719993927142,882.003608419271,909.3890484071253,909.3890484071253,2025-11-27T07:53:23.369089+00:00
dev7,22.303273570889957,2.341483837632218,19.96178973325774,24.644757408522175,19.96178973325774,63.52394190502699,0.0,63.52394190502699,63.52394190502699,63.52394190502699,562.4401012001468,0.0,562.4401012001468,562.4401012001468,562.4401012001468,1316.5007641413977,225.21725967524753,1091.2835044661501,1541.7180238166452,1541.7180238166452,5.73892687921621,0.27694816298087543,5.461978716235334,6.015875042197085,6.015875042197085,895.6963284131982,13.692719993927142,882.003608419271,909.3890484071253,909.3890484071253,2025-11-27T07:53:25.564697+00:00
dev7,22.303273570889957,2.341483837632218,19.96178973325774,24.644757408522175,19.96178973325774,64.51262671544384,0.9886848104168564,63.52394190502699,65.5013115258607,65.5013115258607,562.4401012001468,0.0,562.4401012001468,562.4401012001468,562.4401012001468,1541.7180238166452,0.0,1541.7180238166452,1541.7180238166452,1541.7180238166452,5.73892687921621,0.27694816298087543,5.461978716235334,6.015875042197085,6.015875042197085,895.6963284131982,13.692719993927142,882.003608419271,909.3890484071253,909.3890484071253,2025-11-27T07:53:25.568379+00:00
dev7,22.303273570889957,2.341483837632218,19.96178973325774,24.644757408522175,19.96178973325774,64.51262671544384,0.9886848104168564,63.52394190502699,65.5013115258607,65.5013115258607,592.4035077503004,29.963406550153593,562.4401012001468,622.366914300454,622.366914300454,1541.7180238166452,0.0,1541.7180238166452,1541.7180238166452,1541.7180238166452,6.015875042197085,0.0,6.015875042197085,6.015875042197085,6.015875042197085,895.6963284131982,13.692719993927142,882.003608419271,909.3890484071253,909.3890484071253,2025-11-27T07:53:25.571889+00:00
dev7,22.303273570889957,2.341483837632218,19.96178973325774,24.644757408522175,19.96178973325774,64.51262671544384,0.9886848104168564,63.52394190502699,65.5013115258607,65.5013115258607,592.4035077503004,29.963406550153593,562.4401012001468,622.366914300454,622.366914300454,1012.2971886466103,529.4208351700349,482.87635347657533,1541.7180238166452,482.87635347657533,6.015875042197085,0.0,6.015875042197085,6.015875042197085,6.015875042197085,909.3890484071253,0.0,909.3890484071253,909.3890484071253,909.3890484071253,2025-11-27T07:53:25.575581+00:00
dev7,19.96178973325774,0.0,19.96178973325774,19.96178973325774,19.96178973325774,64.51262671544384,0.9886848104168564,63.52394190502699,65.5013115258607,65.5013115258607,592.4035077503004,29.963406550153593,562.4401012001468,622.366914300454,622.366914300454,1012.2971886466103,529.4208351700349,482.87635347657533,1541.7180238166452,482.87635347657533,6.185196417628385,0.169321375431299,6.015875042197085,6.354517793059683,6.354517793059683,909.3890484071253,0.0,909.3890484071253,909.3890484071253,909.3890484071253,2025-11-27T07:53:25.579086+00:00
dev7,19.96178973325774,0.0,19.96178973325774,19.96178973325774,19.96178973325774,65.5013115258607,0.0,65.5013115258607,65.5013115258607,65.5013115258607,592.4035077503004,29.963406550153593,562.4401012001468,622.366914300454,622.366914300454,1012.2971886466103,529.4208351700349,482.87635347657533,1541.7180238166452,482.87635347657533,6.185196417628385,0.169321375431299,6.015875042197085,6.354517793059683,6.354517793059683,849.7028822795617,59.68616612756358,790.0167161519981,909.3890484071253,790.0167161519981,2025-11-27T07:53:25.582659+00:00
dev7,21.740335808745144,1.7785460754874052,19.96178973325774,23.51888188423255,23.51888188423255,65.5013115258607,0.0,65.5013115258607,65.5013115258607,65.5013115258607,622.366914300454,0.0,622.366914300454,622.366914300454,622.366914300454,1012.2971886466103,529.4208351700349,482.87635347657533,1541.7180238166452,482.87635347657533,6.185196417628385,0.169321375431299,6.015875042197085,6.354517793059683,6.354517793059683,849.7028822795617,59.68616612756358,790.0167161519981,909.3890484071253,790.0167161519981,2025-11-27T07:53:27.780504+00:00
dev7,21.740335808745144,1.7785460754874052,19.96178973325774,23.51888188423255,23.51888188423255,58.412212987005205,7.089098538855499,51.3231144481497,65.5013115258607,51.3231144481497,622.366914300454,0.0,622.366914300454,622.366914300454,622.366914300454,482.87635347657533,0.0,482.87635347657533,482.87635347657533,482.87635347657533,6.185196417628385,0.169321375431299,6.015875042197085,6.354517793059683,6.354517793059683,849.7028822795617,59.68616612756358,790.0167161519981,909.3890484071253,790.0167161519981,2025-11-27T07:53:27.784558+00:00
dev7,21.740335808745144,1.7785460754874052,19.96178973325774,23.51888188423255,23.51888188423255,58.412212987005205,7.089098538855499,51.3231144481497,65.5013115258607,51.3231144481497,582.2405822056672,40.12633209478679,542.1142501108804,622.366914300454,542.1142501108804,482.87635347657533,0.0,482.87635347657533,482.87635347657533,482.87635347657533,6.354517793059683,0.0,6.354517793059683,6.354517793059683,6.354517793059683,849.7028822795617,59.68616612756358,790.0167161519981,909.3890484071253,790.0167161519981,2025-11-27T07:53:27.787990+00:00
dev7,21.740335808745144,1.7785460754874052,19.96178973325774,23.51888188423255,23.51888188423255,58.412212987005205,7.089098538855499,51.3231144481497,65.5013115258607,51.3231144481497,582.2405822056672,40.12633209478679,542.1142501108804,622.366914300454,542.1142501108804,608.3692763804631,125.4929229038878,482.87635347657533,733.8621992843509,733.8621992843509,6.354517793059683,0.0,6.354517793059683,6.354517793059683,6.354517793059683,790.0167161519981,0.0,790.0167161519981,790.0167161519981,790.0167161519981,2025-11-27T07:53:27.791508+00:00
dev7,23.51888188423255,0.0,23.51888188423255,23.51888188423255,23.51888188423255,58.412212987005205,7.089098538855499,51.3231144481497,65.5013115258607,51.3231144481497,582.2405822056672,40.12633209478679,542.1142501108804,622.366914300454,542.1142501108804,608.3692763804631,125.4929229038878,482.87635347657533,733.8621992843509,733.8621992843509,6.537466843518915,0.1829490504592317,6.354517793059683,6.720415893978147,6.720415893978147,790.0167161519981,0.0,790.0167161519981,790.0167161519981,790.0167161519981,2025-11-27T07:53:27.795725+00:00
dev7,23.51888188423255,0.0,23.51888188423255,23.51888188423255,23.51888188423255,51.3231144481497,0.0,51.3231144481497,51.3231144481497,51.3231144481497,582.2405822056672,40.12633209478679,542.1142501108804,622.366914300454,542.1142501108804,608.3692763804631,125.4929229038878,482.87635347657533,733.8621992843509,733.8621992843509,6.537466843518915,0.1829490504592317,6.354517793059683,6.720415893978147,6.720415893978147,757.2063715008237,32.81034465117449,724.3960268496492,790.0167161519981,724.3960268496492,2025-11-27T07:53:27.802232+00:00
dev7,22.64023058998211,0.8786512942504405,21.761579295731668,23.51888188423255,21.761579295731668,51.3231144481497,0.0,51.3231144481497,51.3231144481497,51.3231144481497,542.1142501108804,0.0,542.1142501108804,542.1142501108804,542.1142501108804,608.3692763804631,125.4929229038878,482.87635347657533,733.8621992843509,733.8621992843509,6.537466843518915,0.1829490504592317,6.354517793059683,6.720415893978147,6.720415893978147,757.2063715008237,32.81034465117449,724.3960268496492,790.0167161519981,724.3960268496492,2025-11-27T07:53:30.006870+00:00
dev7,22.64023058998211,0.8786512942504405,21.761579295731668,23.51888188423255,21.761579295731668,51.0749425291679,0.24817191898180724,50.82677061018609,51.3231144481497,50.82677061018609,542.1142501108804,0.0,542.1142501108804,542.1142501108804,542.1142501108804,733.8621992843509,0.0,733.8621992843509,733.8621992843509,733.8621992843509,6.537466843518915,0.1829490504592317,6.354517793059683,6.720415893978147,6.720415893978147,757.2063715008237,32.81034465117449,724.3960268496492,790.0167161519981,724.3960268496492,2025-11-27T07:53:30.010624+00:00
dev7,22.64023058998211,0.8786512942504405,21.761579295731668,23.51888188423255,21.761579295731668,51.0749425291679,0.24817191898180724,50.82677061018609,51.3231144481497,50.82677061018609,541.4601811705286,0.6540689403518058,540.8061122301768,542.1142501108804,540.8061122301768,733.8621992843509,0.0,733.8621992843509,733.8621992843509,733.8621992843509,6.720415893978147,0.0,6.720415893978147,6.720415893978147,6.720415893978147,757.2063715008237,32.81034465117449,724.3960268496492,790.0167161519981,724.3960268496492,2025-11-27T07:53:30.014117+00:00
dev7,22.64023058998211,0.8786512942504405,21.761579295731668,23.51888188423255,21.761579295731668,51.0749425291679,0.24817191898180724,50.82677061018609,51.3231144481497,50.82677061018609,541.4601811705286,0.6540689403518058,540.8061122301768,542.1142501108804,540.8061122301768,891.7567538925517,157.8945546082008,733.8621992843509,1049.6513085007525,1049.6513085007525,6.720415893978147,0.0,6.720415893978147,6.720415893978147,6.720415893978147,724.3960268496492,0.0,724.3960268496492,724.3960268496492,724.3960268496492,2025-11-27T07:53:30.017548+00:00
dev7,21.761579295731668,0.0,21.761579295731668,21.761579295731668,21.761579295731668,51.0749425291679,0.24817191898180724,50.82677061018609,51.3231144481497,50.82677061018609,541.4601811705286,0.6540689403518058,540.8061122301768,542.1142501108804,540.8061122301768,891.7567538925517,157.8945546082008,733.8621992843509,1049.6513085007525,1049.6513085007525,6.454436196268777,0.26597969770937047,6.188456498559406,6.720415893978147,6.188456498559406,724.3960268496492,0.0,724.3960268496492,724.3960268496492,724.3960268496492,2025-11-27T07:53:30.021071+00:00
dev7,21.761579295731668,0.0,21.761579295731668,21.761579295731668,21.761579295731668,50.82677061018609,0.0,50.82677061018609,50.82677061018609,50.82677061018609,541.4601811705286,0.6540689403518058,540.8061122301768,542.1142501108804,540.8061122301768,891.7567538925517,157.8945546082008,733.8621992843509,1049.6513085007525,1049.6513085007525,6.454436196268777,0.26597969770937047,6.188456498559406,6.720415893978147,6.188456498559406,584.6908710921288,139.70515575752037,444.9857153346084,724.3960268496492,444.9857153346084,2025-11-27T07:53:30.024556+00:00
dev7,23.832920839581675,2.071341543850009,21.761579295731668,25.904262383431686,25.904262383431686,50.82677061018609,0.0,50.82677061018609,50.82677061018609,50.82677061018609,540.8061122301768,0.0,540.8061122301768,540.8061122301768,540.8061122301768,891.7567538925517,157.8945546082008,733.8621992843509,1049.6513085007525,1049.6513085007525,6.454436196268777,0.26597969770937047,6.188456498559406,6.720415893978147,6.188456498559406,584.6908710921288,139.70515575752037,444.9857153346084,724.3960268496492,444.9857153346084,2025-11-27T07:53:32.218124+00:00
dev7,23.832920839581675,2.071341543850009,21.761579295731668,25.904262383431686,25.904262383431686,55.016783319233866,4.190012709047782,50.82677061018609,59.20679602828165,59.20679602828165,540.8061122301768,0.0,540.8061122301768,540.8061122301768,540.8061122301768,1049.6513085007525,0.0,1049.6513085007525,1049.6513085007525,1049.6513085007525,6.454436196268777,0.26597969770937047,6.188456498559406,6.720415893978147,6.188456498559406,584.6908710921288,139.70515575752037,444.9857153346084,724.3960268496492,444.9857153346084,2025-11-27T07:53:32.221799+00:00
dev7,23.832920839581675,2.071341543850009,21.761579295731668,25.904262383431686,25.904262383431686,55.016783319233866,4.190012709047782,50.82677061018609,59.20679602828165,59.20679602828165,652.0012344347984,111.19512220462161,540.8061122301768,763.1963566394201,763.1963566394201,1049.6513085007525,0.0,1049.6513085007525,1049.6513085007525,1049.6513085007525,6.188456498559406,0.0,6.188456498559406,6.188456498559406,6.188456498559406,584.6908710921288,139.70515575752037,444.9857153346084,724.3960268496492,444.9857153346084,2025-11-27T07:53:32.225352+00:00
dev7,23.832920839581675,2.071341543850009,21.761579295731668,25.904262383431686,25.904262383431686,55.016783319233866,4.190012709047782,50.82677061018609,59.20679602828165,59.20679602828165,652.0012344347984,111.19512220462161,540.8061122301768,763.1963566394201,763.1963566394201,1402.7186961856478,353.06738768489515,1049.6513085007525,1755.7860838705428,1755.7860838705428,6.188456498559406,0.0,6.188456498559406,6.188456498559406,6.188456498559406,444.9857153346084,0.0,444.9857153346084,444.9857153346084,444.9857153346084,2025-11-27T07:53:32.228841+00:00
dev7,25.904262383431686,0.0,25.904262383431686,25.904262383431686,25.904262383431686,55.016783319233866,4.190012709047782,50.82677061018609,59.20679602828165,59.20679602828165,652.0012344347984,111.19512220462161,540.8061122301768,763.1963566394201,763.1963566394201,1402.7186961856478,353.06738768489515,1049.6513085007525,1755.7860838705428,1755.7860838705428,6.262051206882326,0.0735947083229207,6.188456498559406,6.335645915205247,6.335645915205247,444.9857153346084,0.0,444.9857153346084,444.9857153346084,444.9857153346084,2025-11-27T07:53:32.233314+00:00
dev7,25.904262383431686,0.0,25.904262383431686,25.904262383431686,25.904262383431686,59.20679602828165,0.0,59.20679602828165,59.20679602828165,59.20679602828165,652.0012344347984,111.19512220462161,540.8061122301768,763.1963566394201,763.1963566394201,1402.7186961856478,353.06738768489515,1049.6513085007525,1755.7860838705428,1755.7860838705428,6.262051206882326,0.0735947083229207,6.188456498559406,6.335645915205247,6.335645915205247,486.8316007715871,41.845885436978705,444.9857153346084,528.6774862085658,528.6774862085658,2025-11-27T07:53:32.236860+00:00
dev7,24.883592455815794,1.0206699276158933,23.8629225281999,25.904262383431686,23.8629225281999,59.20679602828165,0.0,59.20679602828165,59.20679602828165,59.20679602828165,763.1963566394201,0.0,763.1963566394201,763.1963566394201,763.1963566394201,1402.7186961856478,353.06738768489515,1049.6513085007525,1755.7860838705428,1755.7860838705428,6.262051206882326,0.0735947083229207,6.188456498559406,6.335645915205247,6.335645915205247,486.8316007715871,41.845885436978705,444.9857153346084,528.6774862085658,528.6774862085658,2025-11-27T07:53:34.428316+00:00
dev7,24.883592455815794,1.0206699276158933,23.8629225281999,25.904262383431686,23.8629225281999,45.20237830303323,14.004417725248425,31.1979605777848,59.20679602828165,31.1979605777848,763.1963566394201,0.0,763.1963566394201,763.1963566394201,763.1963566394201,1755.7860838705428,0.0,1755.7860838705428,1755.7860838705428,1755.7860838705428,6.262051206882326,0.0735947083229207,6.188456498559406,6.335645915205247,6.335645915205247,486.8316007715871,41.845885436978705,444.9857153346084,528.6774862085658,528.6774862085658,2025-11-27T07:53:34.431991+00:00
dev7,24.883592455815794,1.0206699276158933,23.8629225281999,25.904262383431686,23.8629225281999,45.20237830303323,14.004417725248425,31.1979605777848,59.20679602828165,31.1979605777848,736.8401592473451,26.356197392074932,710.4839618552702,763.1963566394201,710.4839618552702,1755.7860838705428,0.0,1755.7860838705428,1755.7860838705428,1755.7860838705428,6.335645915205247,0.0,6.335645915205247,6.335645915205247,6.335645915205247,486.8316007715871,41.845885436978705,444.9857153346084,528.6774862085658,528.6774862085658,2025-11-27T07:53:34.435592+00:00
dev7,24.883592455815794,1.0206699276158933,23.8629225281999,25.904262383431686,23.8629225281999,45.20237830303323,14.004417725248425,31.1979605777848,59.20679602828165,31.1979605777848,736.8401592473451,26.356197392074932,710.4839618552702,763.1963566394201,710.4839618552702,1487.5168650282549,268.26921884228807,1219.2476461859667,1755.7860838705428,1219.2476461859667,6.335645915205247,0.0,6.335645915205247,6.335645915205247,6.335645915205247,528.6774862085658,0.0,528.6774862085658,528.6774862085658,528.6774862085658,2025-11-27T07:53:34.439311+00:00
dev7,23.8629225281999,0.0,23.8629225281999,23.8629225281999,23.8629225281999,45.20237830303323,14.004417725248425,31.1979605777848,59.20679602828165,31.1979605777848,736.8401592473451,26.356197392074932,710.4839618552702,763.1963566394201,710.4839618552702,1487.5168650282549,268.26921884228807,1219.2476461859667,1755.7860838705428,1219.2476461859667,6.441778676410392,0.10613276120514525,6.335645915205247,6.547911437615538,6.547911437615538,528.6774862085658,0.0,528.6774862085658,528.6774862085658,528.6774862085658,2025-11-27T07:53:34.442855+00:00
dev7,23.8629225281999,0.0,23.8629225281999,23.8629225281999,23.8629225281999,31.1979605777848,0.0,31.1979605777848,31.1979605777848,31.1979605777848,736.8401592473451,26.356197392074932,710.4839618552702,763.1963566394201,710.4839618552702,1487.5168650282549,268.26921884228807,1219.2476461859667,1755.7860838705428,1219.2476461859667,6.441778676410392,0.10613276120514525,6.335645915205247,6.547911437615538,6.547911437615538,619.2595595554526,90.58207334688683,528.6774862085658,709.8416329023395,709.8416329023395,2025-11-27T07:53:34.446432+00:00
dev7,19.92450708780253,3.9384154403973684,15.986091647405162,23.8629225281999,15.986091647405162,31.1979605777848,0.0,31.1979605777848,31.1979605777848,31.1979605777848,710.4839618552702,0.0,710.4839618552702,710.4839618552702,710.4839618552702,1487.5168650282549,268.26921884228807,1219.2476461859667,1755.7860838705428,1219.2476461859667,6.441778676410392,0.10613276120514525,6.335645915205247,6.547911437615538,6.547911437615538,619.2595595554526,90.58207334688683,528.6774862085658,709.8416329023395,709.8416329023395,2025-11-27T07:53:36.718613+00:00
dev7,19.92450708780253,3.9384154403973684,15.986091647405162,23.8629225281999,15.986091647405162,56.71517315039112,25.51721257260632,31.1979605777848,82.23238572299744,82.23238572299744,710.4839618552702,0.0,710.4839618552702,710.4839618552702,710.4839618552702,1219.2476461859667,0.0,1219.2476461859667,1219.2476461859667,1219.2476461859667,6.441778676410392,0.10613276120514525,6.335645915205247,6.547911437615538,6.547911437615538,619.2595595554526,90.58207334688683,528.6774862085658,709.8416329023395,709.8416329023395,2025-11-27T07:53:36.722632+00:00
dev7,19.92450708780253,3.9384154403973684,15.986091647405162,23.8629225281999,15.986091647405162,56.71517315039112,25.51721257260632,31.1979605777848,82.23238572299744,82.23238572299744,452.87195050462725,257.6120113506429,195.25993915398433,710.4839618552702,195.25993915398433,1219.2476461859667,0.0,1219.2476461859667,1219.2476461859667,1219.2476461859667,6.547911437615538,0.0,6.547911437615538,6.547911437615538,6.547911437615538,619.2595595554526,90.58207334688683,528.6774862085658,709.8416329023395,709.8416329023395,2025-11-27T07:53:36.726666+00:00
dev7,19.92450708780253,3.9384154403973684,15.986091647405162,23.8629225281999,15.986091647405162,56.71517315039112,25.51721257260632,31.1979605777848,82.23238572299744,82.23238572299744,452.87195050462725,257.6120113506429,195.25993915398433,710.4839618552702,195.25993915398433,1568.373858491736,349.1262123057692,1219.2476461859667,1917.500070797505,1917.500070797505,6.547911437615538,0.0,6.547911437615538,6.547911437615538,6.547911437615538,709.8416329023395,0.0,709.8416329023395,709.8416329023395,709.8416329023395,2025-11-27T07:53:36.731111+00:00
dev7,15.986091647405162,0.0,15.986091647405162,15.986091647405162,15.986091647405162,56.71517315039112,25.51721257260632,31.1979605777848,82.23238572299744,82.23238572299744,452.87195050462725,257.6120113506429,195.25993915398433,710.4839618552702,195.25993915398433,1568.373858491736,349.1262123057692,1219.2476461859667,1917.500070797505,1917.500070797505,6.99823996557209,0.45032852795655165,6.547911437615538,7.448568493528641,7.448568493528641,709.8416329023395,0.0,709.8416329023395,709.8416329023395,709.8416329023395,2025-11-27T07:53:36.737607+00:00
dev7,15.986091647405162,0.0,15.986091647405162,15.986091647405162,15.986091647405162,82.23238572299744,0.0,82.23238572299744,82.23238572299744,82.23238572299744,452.87195050462725,257.6120113506429,195.25993915398433,710.4839618552702,195.25993915398433,1568.373858491736,349.1262123057692,1219.2476461859667,1917.500070797505,1917.500070797505,6.99823996557209,0.45032852795655165,6.547911437615538,7.448568493528641,7.448568493528641,493.53730606556576,216.3043268367737,277.2329792287921,709.8416329023395,277.2329792287921,2025-11-27T07:53:36.743873+00:00
dev7,15.107119879752457,0.8789717676527058,14.22814811209975,15.986091647405162,14.22814811209975,82.23238572299744,0.0,82.23238572299744,82.23238572299744,82.23238572299744,195.25993915398433,0.0,195.25993915398433,195.25993915398433,195.25993915398433,1568.373858491736,349.1262123057692,1219.2476461859667,1917.500070797505,1917.500070797505,6.99823996557209,0.45032852795655165,6.547911437615538,7.448568493528641,7.448568493528641,493.53730606556576,216.3043268367737,277.2329792287921,709.8416329023395,277.2329792287921,2025-11-27T07:53:38.942786+00:00
dev7,15.107119879752457,0.8789717676527058,14.22814811209975,15.986091647405162,14.22814811209975,56.890486135155165,25.34189958784227,31.54858654731289,82.23238572299744,31.54858654731289,195.25993915398433,0.0,195.25993915398433,195.25993915398433,195.25993915398433,1917.500070797505,0.0,1917.500070797505,1917.500070797505,1917.500070797505,6.99823996557209,0.45032852795655165,6.547911437615538,7.448568493528641,7.448568493528641,493.53730606556576,216.3043268367737,277.2329792287921,709.8416329023395,277.2329792287921,2025-11-27T07:53:38.946527+00:00
dev7,15.107119879752457,0.8789717676527058,14.22814811209975,15.986091647405162,14.22814811209975,56.890486135155165,25.34189958784227,31.54858654731289,82.23238572299744,31.54858654731289,212.3751994880382,17.115260334053858,195.25993915398433,229.49045982209205,229.49045982209205,1917.500070797505,0.0,1917.500070797505,1917.500070797505,1917.500070797505,7.448568493528641,0.0,7.448568493528641,7.448568493528641,7.448568493528641,493.53730606556576,216.3043268367737,277.2329792287921,709.8416329023395,277.2329792287921,2025-11-27T07:53:38.950378+00:00
dev7,15.107119879752457,0.8789717676527058,14.22814811209975,15.986091647405162,14.22814811209975,56.890486135155165,25.34189958784227,31.54858654731289,82.23238572299744,31.54858654731289,212.3751994880382,17.115260334053858,195.25993915398433,229.49045982209205,229.49045982209205,1022.7171569611074,894.7829138363977,127.93424312470977,1917.500070797505,127.93424312470977,7.448568493528641,0.0,7.448568493528641,7.448568493528641,7.448568493528641,277.2329792287921,0.0,277.2329792287921,277.2329792287921,277.2329792287921,2025-11-27T07:53:38.954028+00:00
dev7,14.22814811209975,0.0,14.22814811209975,14.22814811209975,14.22814811209975,56.890486135155165,25.34189958784227,31.54858654731289,82.23238572299744,31.54858654731289,212.3751994880382,17.115260334053858,195.25993915398433,229.49045982209205,229.49045982209205,1022.7171569611074,894.7829138363977,127.93424312470977,1917.500070797505,127.93424312470977,6.448771473385632,0.9997970201430091,5.448974453242623,7.448568493528641,5.448974453242623,277.2329792287921,0.0,277.2329792287921,277.2329792287921,277.2329792287921,2025-11-27T07:53:38.959741+00:00
dev7,14.22814811209975,0.0,14.22814811209975,14.22814811209975,14.22814811209975,31.54858654731289,0.0,31.54858654731289,31.54858654731289,31.54858654731289,212.3751994880382,17.115260334053858,195.25993915398433,229.49045982209205,229.49045982209205,1022.7171569611074,894.7829138363977,127.93424312470977,1917.500070797505,127.93424312470977,6.448771473385632,0.9997970201430091,5.448974453242623,7.448568493528641,5.448974453242623,269.3746013840981,7.858377844693962,261.51622353940417,277.2329792287921,261.51622353940417,2025-11-27T07:53:38.965526+00:00
dev7,14.940705416313294,0.7125573042135436,14.22814811209975,15.653262720526838,15.653262720526838,31.54858654731289,0.0,31.54858654731289,31.54858654731289,31.54858654731289,229.49045982209205,0.0,229.49045982209205,229.49045982209205,229.49045982209205,1022.7171569611074,894.7829138363977,127.93424312470977,1917.500070797505,127.93424312470977,6.448771473385632,0.9997970201430091,5.448974453242623,7.448568493528641,5.448974453242623,269.3746013840981,7.858377844693962,261.51622353940417,277.2329792287921,261.51622353940417,2025-11-27T07:53:41.192627+00:00
dev7,14.940705416313294,0.7125573042135436,14.22814811209975,15.653262720526838,15.653262720526838,55.21083841503819,23.6622518677253,31.54858654731289,78.87309028276348,78.87309028276348,229.49045982209205,0.0,229.49045982209205,229.49045982209205,229.49045982209205,127.93424312470977,0.0,127.93424312470977,127.93424312470977,127.93424312470977,6.448771473385632,0.9997970201430091,5.448974453242623,7.448568493528641,5.448974453242623,269.3746013840981,7.858377844693962,261.51622353940417,277.2329792287921,261.51622353940417,2025-11-27T07:53:41.198461+00:00
dev7,14.940705416313294,0.7125573042135436,14.22814811209975,15.653262720526838,15.653262720526838,55.21083841503819,23.6622518677253,31.54858654731289,78.87309028276348,78.87309028276348,213.925446096936,15.565013725156035,198.36043237177998,229.49045982209205,198.36043237177998,127.93424312470977,0.0,127.93424312470977,127.93424312470977,127.93424312470977,5.448974453242623,0.0,5.448974453242623,5.448974453242623,5.448974453242623,269.3746013840981,7.858377844693962,261.51622353940417,277.2329792287921,261.51622353940417,2025-11-27T07:53:41.203322+00:00
dev7,14.940705416313294,0.7125573042135436,14.22814811209975,15.653262720526838,15.653262720526838,55.21083841503819,23.6622518677253,31.54858654731289,78.87309028276348,78.87309028276348,213.925446096936,15.565013725156035,198.36043237177998,229.49045982209205,198.36043237177998,1077.2894221294507,949.3551790047409,127.93424312470977,2026.6446011341916,2026.6446011341916,5.448974453242623,0.0,5.448974453242623,5.448974453242623,5.448974453242623,261.51622353940417,0.0,261.51622353940417,261.51622353940417,261.51622353940417,2025-11-27T07:53:41.208560+00:00
dev7,15.653262720526838,0.0,15.653262720526838,15.653262720526838,15.653262720526838,55.21083841503819,23.6622518677253,31.54858654731289,78.87309028276348,78.87309028276348,213.925446096936,15.565013725156035,198.36043237177998,229.49045982209205,198.36043237177998,1077.2894221294507,949.3551790047409,127.93424312470977,2026.6446011341916,2026.6446011341916,6.507973683710315,1.058999230467692,5.448974453242623,7.566972914178007,7.566972914178007,261.51622353940417,0.0,261.51622353940417,261.51622353940417,261.51622353940417,2025-11-27T07:53:41.214158+00:00
dev7,15.653262720526838,0.0,15.653262720526838,15.653262720526838,15.653262720526838,78.87309028276348,0.0,78.87309028276348,78.87309028276348,78.87309028276348,213.925446096936,15.565013725156035,198.36043237177998,229.49045982209205,198.36043237177998,1077.2894221294507,949.3551790047409,127.93424312470977,2026.6446011341916,2026.6446011341916,6.507973683710315,1.058999230467692,5.448974453242623,7.566972914178007,7.566972914178007,741.588978472747,480.07275493334294,261.51622353940417,1221.66173340609,1221.66173340609,2025-11-27T07:53:41.219156+00:00
dev7,15.68555627255952,0.03229355203268103,15.653262720526838,15.7178498245922,15.7178498245922,78.87309028276348,0.0,78.87309028276348,78.87309028276348,78.87309028276348,198.36043237177998,0.0,198.36043237177998,198.36043237177998,198.36043237177998,1077.2894221294507,949.3551790047409,127.93424312470977,2026.6446011341916,2026.6446011341916,6.507973683710315,1.058999230467692,5.448974453242623,7.566972914178007,7.566972914178007,741.588978472747,480.07275493334294,261.51622353940417,1221.66173340609,1221.66173340609,2025-11-27T07:53:43.482271+00:00
dev7,15.68555627255952,0.03229355203268103,15.653262720526838,15.7178498245922,15.7178498245922,54.457535023214106,24.41555525954938,30.041979763664727,78.87309028276348,30.041979763664727,198.36043237177998,0.0,198.36043237177998,198.36043237177998,198.36043237177998,2026.6446011341916,0.0,2026.6446011341916,2026.6446011341916,2026.6446011341916,6.507973683710315,1.058999230467692,5.448974453242623,7.566972914178007,7.566972914178007,741.588978472747,480.07275493334294,261.51622353940417,1221.66173340609,1221.66173340609,2025-11-27T07:53:43.487234+00:00
dev7,15.68555627255952,0.03229355203268103,15.653262720526838,15.7178498245922,15.7178498245922,54.457535023214106,24.41555525954938,30.041979763664727,78.87309028276348,30.041979763664727,506.56046770658844,308.2000353348085,198.36043237177998,814.7605030413969,814.7605030413969,2026.6446011341916,0.0,2026.6446011341916,2026.6446011341916,2026.6446011341916,7.566972914178007,0.0,7.566972914178007,7.566972914178007,7.566972914178007,741.588978472747,480.07275493334294,261.51622353940417,1221.66173340609,1221.66173340609,2025-11-27T07:53:43.493180+00:00
dev7,15.68555627255952,0.03229355203268103,15.653262720526838,15.7178498245922,15.7178498245922,54.457535023214106,24.41555525954938,30.041979763664727,78.87309028276348,30.041979763664727,506.56046770658844,308.2000353348085,198.36043237177998,814.7605030413969,814.7605030413969,2057.8520088927507,31.207407758559043,2026.6446011341916,2089.0594166513097,2089.0594166513097,7.566972914178007,0.0,7.566972914178007,7.566972914178007,7.566972914178007,1221.66173340609,0.0,1221.66173340609,1221.66173340609,1221.66173340609,2025-11-27T07:53:43.497958+00:00
dev7,15.7178498245922,0.0,15.7178498245922,15.7178498245922,15.7178498245922,54.457535023214106,24.41555525954938,30.041979763664727,78.87309028276348,30.041979763664727,506.56046770658844,308.2000353348085,198.36043237177998,814.7605030413969,814.7605030413969,2057.8520088927507,31.207407758559043,2026.6446011341916,2089.0594166513097,2089.0594166513097,7.58067403649779,0.013701122319782488,7.566972914178007,7.594375158817572,7.594375158817572,1221.66173340609,0.0,1221.66173340609,1221.66173340609,1221.66173340609,2025-11-27T07:53:43.502685+00:00
dev7,15.7178498245922,0.0,15.7178498245922,15.7178498245922,15.7178498245922,30.041979763664727,0.0,30.041979763664727,30.041979763664727,30.041979763664727,506.56046770658844,308.2000353348085,198.36043237177998,814.7605030413969,814.7605030413969,2057.8520088927507,31.207407758559043,2026.6446011341916,2089.0594166513097,2089.0594166513097,7.58067403649779,0.013701122319782488,7.566972914178007,7.594375158817572,7.594375158817572,1204.9164773621565,16.745256043933523,1188.171221318223,1221.66173340609,1188.171221318223,2025-11-27T07:53:43.507192+00:00
dev7,25.07999814415788,9.36214831956568,15.7178498245922,34.44214646372356,34.44214646372356,30.041979763664727,0.0,30.041979763664727,30.041979763664727,30.041979763664727,814.7605030413969,0.0,814.7605030413969,814.7605030413969,814.7605030413969,2057.8520088927507,31.207407758559043,2026.6446011341916,2089.0594166513097,2089.0594166513097,7.58067403649779,0.013701122319782488,7.566972914178007,7.594375158817572,7.594375158817572,1204.9164773621565,16.745256043933523,1188.171221318223,1221.66173340609,1188.171221318223,2025-11-27T07:53:45.709293+00:00
dev7,25.07999814415788,9.36214831956568,15.7178498245922,34.44214646372356,34.44214646372356,55.483765629275474,25.441785865610747,30.041979763664727,80.92555149488622,80.92555149488622,814.7605030413969,0.0,814.7605030413969,814.7605030413969,814.7605030413969,2089.0594166513097,0.0,2089.0594166513097,2089.0594166513097,2089.0594166513097,7.58067403649779,0.013701122319782488,7.566972914178007,7.594375158817572,7.594375158817572,1204.9164773621565,16.745256043933523,1188.171221318223,1221.66173340609,1188.171221318223,2025-11-27T07:53:45.712660+00:00
dev7,25.07999814415788,9.36214831956568,15.7178498245922,34.44214646372356,34.44214646372356,55.483765629275474,25.441785865610747,30.041979763664727,80.92555149488622,80.92555149488622,795.8042440630554,18.956258978341452,776.847985084714,814.7605030413969,776.847985084714,2089.0594166513097,0.0,2089.0594166513097,2089.0594166513097,2089.0594166513097,7.594375158817572,0.0,7.594375158817572,7.594375158817572,7.594375158817572,1204.9164773621565,16.745256043933523,1188.171221318223,1221.66173340609,1188.171221318223,2025-11-27T07:53:45.716181+00:00
dev7,25.07999814415788,9.36214831956568,15.7178498245922,34.44214646372356,34.44214646372356,55.483765629275474,25.441785865610747,30.041979763664727,80.92555149488622,80.92555149488622,795.8042440630554,18.956258978341452,776.847985084714,814.7605030413969,776.847985084714,2013.8684033395941,75.19101331171555,1938.6773900278786,2089.0594166513097,1938.6773900278786,7.594375158817572,0.0,7.594375158817572,7.594375158817572,7.594375158817572,1188.171221318223,0.0,1188.171221318223,1188.171221318223,1188.171221318223,2025-11-27T07:53:45.719749+00:00
dev7,34.44214646372356,0.0,34.44214646372356,34.44214646372356,34.44214646372356,55.483765629275474,25.441785865610747,30.041979763664727,80.92555149488622,80.92555149488622,795.8042440630554,18.956258978341452,776.847985084714,814.7605030413969,776.847985084714,2013.8684033395941,75.19101331171555,1938.6773900278786,2089.0594166513097,1938.6773900278786,7.5693226405977825,0.025052518219789377,7.544270122377993,7.594375158817572,7.544270122377993,1188.171221318223,0.0,1188.171221318223,1188.171221318223,1188.171221318223,2025-11-27T07:53:45.723231+00:00
dev7,34.44214646372356,0.0,34.44214646372356,34.44214646372356,34.44214646372356,80.92555149488622,0.0,80.92555149488622,80.92555149488622,80.92555149488622,795.8042440630554,18.956258978341452,776.847985084714,814.7605030413969,776.847985084714,2013.8684033395941,75.19101331171555,1938.6773900278786,2089.0594166513097,1938.6773900278786,7.5693226405977825,0.025052518219789377,7.544270122377993,7.594375158817572,7.544270122377993,724.9773552669653,463.19386605125766,261.7834892157076,1188.171221318223,261.7834892157076,2025-11-27T07:53:45.726777+00:00
dev7,25.13328037138941,9.308866092334148,15.824414279055265,34.44214646372356,15.824414279055265,80.92555149488622,0.0,80.92555149488622,80.92555149488622,80.92555149488622,776.847985084714,0.0,776.847985084714,776.847985084714,776.847985084714,2013.8684033395941,75.19101331171555,1938.6773900278786,2089.0594166513097,1938.6773900278786,7.5693226405977825,0.025052518219789377,7.544270122377993,7.594375158817572,7.544270122377993,724.9773552669653,463.19386605125766,261.7834892157076,1188.171221318223,261.7834892157076,2025-11-27T07:53:47.952156+00:00
dev7,25.13328037138941,9.308866092334148,15.824414279055265,34.44214646372356,15.824414279055265,55.61453948875155,25.31101200613467,30.30352748261688,80.92555149488622,30.30352748261688,776.847985084714,0.0,776.847985084714,776.847985084714,776.847985084714,1938.6773900278786,0.0,1938.6773900278786,1938.6773900278786,1938.6773900278786,7.5693226405977825,0.025052518219789377,7.544270122377993,7.594375158817572,7.544270122377993,724.9773552669653,463.19386605125766,261.7834892157076,1188.171221318223,261.7834892157076,2025-11-27T07:53:47.955842+00:00
dev7,25.13328037138941,9.308866092334148,15.824414279055265,34.44214646372356,15.824414279055265,55.61453948875155,25.31101200613467,30.30352748261688,80.92555149488622,30.30352748261688,481.87520941355854,294.97277567115543,186.9024337424031,776.847985084714,186.9024337424031,1938.6773900278786,0.0,1938.6773900278786,1938.6773900278786,1938.6773900278786,7.544270122377993,0.0,7.544270122377993,7.544270122377993,7.544270122377993,724.9773552669653,463.19386605125766,261.7834892157076,1188.171221318223,261.7834892157076,2025-11-27T07:53:47.959480+00:00
dev7,25.13328037138941,9.308866092334148,15.824414279055265,34.44214646372356,15.824414279055265,55.61453948875155,25.31101200613467,30.30352748261688,80.92555149488622,30.30352748261688,481.87520941355854,294.97277567115543,186.9024337424031,776.847985084714,186.9024337424031,1037.3029466492974,901.3744433785811,135.9285032707163,1938.6773900278786,135.9285032707163,7.544270122377993,0.0,7.544270122377993,7.544270122377993,7.544270122377993,261.7834892157076,0.0,261.7834892157076,261.7834892157076,261.7834892157076,2025-11-27T07:53:47.963062+00:00
dev7,15.824414279055265,0.0,15.824414279055265,15.824414279055265,15.824414279055265,55.61453948875155,25.31101200613467,30.30352748261688,80.92555149488622,30.30352748261688,481.87520941355854,294.97277567115543,186.9024337424031,776.847985084714,186.9024337424031,1037.3029466492974,901.3744433785811,135.9285032707163,1938.6773900278786,135.9285032707163,6.4755615777485165,1.0687085446294762,5.406853033119041,7.544270122377993,5.406853033119041,261.7834892157076,0.0,261.7834892157076,261.7834892157076,261.7834892157076,2025-11-27T07:53:47.966395+00:00
dev7,15.824414279055265,0.0,15.824414279055265,15.824414279055265,15.824414279055265,30.30352748261688,0.0,30.30352748261688,30.30352748261688,30.30352748261688,481.87520941355854,294.97277567115543,186.9024337424031,776.847985084714,186.9024337424031,1037.3029466492974,901.3744433785811,135.9285032707163,1938.6773900278786,135.9285032707163,6.4755615777485165,1.0687085446294762,5.406853033119041,7.544270122377993,5.406853033119041,719.9764229024026,458.19293368669497,261.7834892157076,1178.1693565890976,1178.1693565890976,2025-11-27T07:53:47.969766+00:00
dev7,15.825938379483048,0.0015241004277841697,15.824414279055265,15.827462479910833,15.827462479910833,30.30352748261688,0.0,30.30352748261688,30.30352748261688,30.30352748261688,186.9024337424031,0.0,186.9024337424031,186.9024337424031,186.9024337424031,1037.3029466492974,901.3744433785811,135.9285032707163,1938.6773900278786,135.9285032707163,6.4755615777485165,1.0687085446294762,5.406853033119041,7.544270122377993,5.406853033119041,719.9764229024026,458.19293368669497,261.7834892157076,1178.1693565890976,1178.1693565890976,2025-11-27T07:53:50.191039+00:00
dev7,15.825938379483048,0.0015241004277841697,15.824414279055265,15.827462479910833,15.827462479910833,54.94737131033598,24.6438438277191,30.30352748261688,79.59121513805508,79.59121513805508,186.9024337424031,0.0,186.9024337424031,186.9024337424031,186.9024337424031,135.9285032707163,0.0,135.9285032707163,135.9285032707163,135.9285032707163,6.4755615777485165,1.0687085446294762,5.406853033119041,7.544270122377993,5.406853033119041,719.9764229024026,458.19293368669497,261.7834892157076,1178.1693565890976,1178.1693565890976,2025-11-27T07:53:50.196000+00:00
dev7,15.825938379483048,0.0015241004277841697,15.824414279055265,15.827462479910833,15.827462479910833,54.94737131033598,24.6438438277191,30.30352748261688,79.59121513805508,79.59121513805508,194.53960219815227,7.637168455749162,186.9024337424031,202.17677065390143,202.17677065390143,135.9285032707163,0.0,135.9285032707163,135.9285032707163,135.9285032707163,5.406853033119041,0.0,5.406853033119041,5.406853033119041,5.406853033119041,719.9764229024026,458.19293368669497,261.7834892157076,1178.1693565890976,1178.1693565890976,2025-11-27T07:53:50.200899+00:00
dev7,15.825938379483048,0.0015241004277841697,15.824414279055265,15.827462479910833,15.827462479910833,54.94737131033598,24.6438438277191,30.30352748261688,79.59121513805508,79.59121513805508,194.53960219815227,7.637168455749162,186.9024337424031,202.17677065390143,202.17677065390143,1110.9924286024116,975.0639253316954,135.9285032707163,2086.056353934107,2086.056353934107,5.406853033119041,0.0,5.406853033119041,5.406853033119041,5.406853033119041,1178.1693565890976,0.0,1178.1693565890976,1178.1693565890976,1178.1693565890976,2025-11-27T07:53:50.205538+00:00
dev7,15.827462479910833,0.0,15.827462479910833,15.827462479910833,15.827462479910833,54.94737131033598,24.6438438277191,30.30352748261688,79.59121513805508,79.59121513805508,194.53960219815227,7.637168455749162,186.9024337424031,202.17677065390143,202.17677065390143,1110.9924286024116,975.0639253316954,135.9285032707163,2086.056353934107,2086.056353934107,5.417217079612934,0.010364046493892776,5.406853033119041,5.427581126106826,5.427581126106826,1178.1693565890976,0.0,1178.1693565890976,1178.1693565890976,1178.1693565890976,2025-11-27T07:53:50.209700+00:00
dev7,15.827462479910833,0.0,15.827462479910833,15.827462479910833,15.827462479910833,79.59121513805508,0.0,79.59121513805508,79.59121513805508,79.59121513805508,194.53960219815227,7.637168455749162,186.9024337424031,202.17677065390143,202.17677065390143,1110.9924286024116,975.0639253316954,135.9285032707163,2086.056353934107,2086.056353934107,5.417217079612934,0.010364046493892776,5.406853033119041,5.427581126106826,5.427581126106826,753.0400757632983,425.12928082579924,327.9107949374991,1178.1693565890976,327.9107949374991,2025-11-27T07:53:50.214488+00:00
dev7,25.323146851335412,9.495684371424577,15.827462479910833,34.81883122275999,34.81883122275999,79.59121513805508,0.0,79.59121513805508,79.59121513805508,79.59121513805508,202.17677065390143,0.0,202.17677065390143,202.17677065390143,202.17677065390143,1110.9924286024116,975.0639253316954,135.9285032707163,2086.056353934107,2086.056353934107,5.417217079612934,0.010364046493892776,5.406853033119041,5.427581126106826,5.427581126106826,753.0400757632983,425.12928082579924,327.9107949374991,1178.1693565890976,327.9107949374991,2025-11-27T07:53:52.412666+00:00
dev7,25.323146851335412,9.495684371424577,15.827462479910833,34.81883122275999,34.81883122275999,79.23570177634454,0.3555133617105284,78.88018841463402,79.59121513805508,78.88018841463402,202.17677065390143,0.0,202.17677065390143,202.17677065390143,202.17677065390143,2086.056353934107,0.0,2086.056353934107,2086.056353934107,2086.056353934107,5.417217079612934,0.010364046493892776,5.406853033119041,5.427581126106826,5.427581126106826,753.0400757632983,425.12928082579924,327.9107949374991,1178.1693565890976,327.9107949374991,2025-11-27T07:53:52.416025+00:00
dev7,25.323146851335412,9.495684371424577,15.827462479910833,34.81883122275999,34.81883122275999,79.23570177634454,0.3555133617105284,78.88018841463402,79.59121513805508,78.88018841463402,492.2277376366243,290.05096698272285,202.17677065390143,782.2787046193472,782.2787046193472,2086.056353934107,0.0,2086.056353934107,2086.056353934107,2086.056353934107,5.427581126106826,0.0,5.427581126106826,5.427581126106826,5.427581126106826,753.0400757632983,425.12928082579924,327.9107949374991,1178.1693565890976,327.9107949374991,2025-11-27T07:53:52.419393+00:00
dev7,25.323146851335412,9.495684371424577,15.827462479910833,34.81883122275999,34.81883122275999,79.23570177634454,0.3555133617105284,78.88018841463402,79.59121513805508,78.88018841463402,492.2277376366243,290.05096698272285,202.17677065390143,782.2787046193472,782.2787046193472,2048.4641065596998,37.59224737440695,2010.871859185293,2086.056353934107,2010.871859185293,5.427581126106826,0.0,5.427581126106826,5.427581126106826,5.427581126106826,327.9107949374991,0.0,327.9107949374991,327.9107949374991,327.9107949374991,2025-11-27T07:53:52.423148+00:00
dev7,34.81883122275999,0.0,34.81883122275999,34.81883122275999,34.81883122275999,79.23570177634454,0.3555133617105284,78.88018841463402,79.59121513805508,78.88018841463402,492.2277376366243,290.05096698272285,202.17677065390143,782.2787046193472,782.2787046193472,2048.4641065596998,37.59224737440695,2010.871859185293,2086.056353934107,2010.871859185293,6.437655217011903,1.0100740909050772,5.427581126106826,7.447729307916981,7.447729307916981,327.9107949374991,0.0,327.9107949374991,327.9107949374991,327.9107949374991,2025-11-27T07:53:52.428181+00:00
dev7,34.81883122275999,0.0,34.81883122275999,34.81883122275999,34.81883122275999,78.88018841463402,0.0,78.88018841463402,78.88018841463402,78.88018841463402,492.2277376366243,290.05096698272285,202.17677065390143,782.2787046193472,782.2787046193472,2048.4641065596998,37.59224737440695,2010.871859185293,2086.056353934107,2010.871859185293,6.437655217011903,1.0100740909050772,5.427581126106826,7.447729307916981,7.447729307916981,304.994903062102,22.91589187539705,282.079011186705,327.9107949374991,282.079011186705,2025-11-27T07:53:52.433877+00:00
dev7,26.806530583951304,8.012300638808686,18.794229945142618,34.81883122275999,18.794229945142618,78.88018841463402,0.0,78.88018841463402,78.88018841463402,78.88018841463402,782.2787046193472,0.0,782.2787046193472,782.2787046193472,782.2787046193472,2048.4641065596998,37.59224737440695,2010.871859185293,2086.056353934107,2010.871859185293,6.437655217011903,1.0100740909050772,5.427581126106826,7.447729307916981,7.447729307916981,304.994903062102,22.91589187539705,282.079011186705,327.9107949374991,282.079011186705,2025-11-27T07:53:54.631065+00:00
dev7,26.806530583951304,8.012300638808686,18.794229945142618,34.81883122275999,18.794229945142618,62.753529231923764,16.12665918271026,46.6268700492135,78.88018841463402,46.6268700492135,782.2787046193472,0.0,782.2787046193472,782.2787046193472,782.2787046193472,2010.871859185293,0.0,2010.871859185293,2010.871859185293,2010.871859185293,6.437655217011903,1.0100740909050772,5.427581126106826,7.447729307916981,7.447729307916981,304.994903062102,22.91589187539705,282.079011186705,327.9107949374991,282.079011186705,2025-11-27T07:53:54.634831+00:00
dev7,26.806530583951304,8.012300638808686,18.794229945142618,34.81883122275999,18.794229945142618,62.753529231923764,16.12665918271026,46.6268700492135,78.88018841463402,46.6268700492135,603.8913463408558,178.38735827849146,425.5039880623643,782.2787046193472,425.5039880623643,2010.871859185293,0.0,2010.871859185293,2010.871859185293,2010.871859185293,7.447729307916981,0.0,7.447729307916981,7.447729307916981,7.447729307916981,304.994903062102,22.91589187539705,282.079011186705,327.9107949374991,282.079011186705,2025-11-27T07:53:54.638638+00:00
dev7,26.806530583951304,8.012300638808686,18.794229945142618,34.81883122275999,18.794229945142618,62.753529231923764,16.12665918271026,46.6268700492135,78.88018841463402,46.6268700492135,603.8913463408558,178.38735827849146,425.5039880623643,782.2787046193472,425.5039880623643,1363.031952655052,647.839906530241,715.192046124811,2010.871859185293,715.192046124811,7.447729307916981,0.0,7.447729307916981,7.447729307916981,7.447729307916981,282.079011186705,0.0,282.079011186705,282.079011186705,282.079011186705,2025-11-27T07:53:54.642064+00:00
dev7,18.794229945142618,0.0,18.794229945142618,18.794229945142618,18.794229945142618,62.753529231923764,16.12665918271026,46.6268700492135,78.88018841463402,46.6268700492135,603.8913463408558,178.38735827849146,425.5039880623643,782.2787046193472,425.5039880623643,1363.031952655052,647.839906530241,715.192046124811,2010.871859185293,715.192046124811,7.275014258843325,0.17271504907365554,7.1022992097696696,7.447729307916981,7.1022992097696696,282.079011186705,0.0,282.079011186705,282.079011186705,282.079011186705,2025-11-27T07:53:54.645420+00:00
dev7,18.794229945142618,0.0,18.794229945142618,18.794229945142618,18.794229945142618,46.6268700492135,0.0,46.6268700492135,46.6268700492135,46.6268700492135,603.8913463408558,178.38735827849146,425.5039880623643,782.2787046193472,425.5039880623643,1363.031952655052,647.839906530241,715.192046124811,2010.871859185293,715.192046124811,7.275014258843325,0.17271504907365554,7.1022992097696696,7.447729307916981,7.1022992097696696,449.86490150148876,167.78589031478379,282.079011186705,617.6507918162725,617.6507918162725,2025-11-27T07:53:54.648830+00:00
dev7,22.614876456710128,3.82064651156751,18.794229945142618,26.43552296827764,26.43552296827764,46.6268700492135,0.0,46.6268700492135,46.6268700492135,46.6268700492135,425.5039880623643,0.0,425.5039880623643,425.5039880623643,425.5039880623643,1363.031952655052,647.839906530241,715.192046124811,2010.871859185293,715.192046124811,7.275014258843325,0.17271504907365554,7.1022992097696696,7.447729307916981,7.1022992097696696,449.86490150148876,167.78589031478379,282.079011186705,617.6507918162725,617.6507918162725,2025-11-27T07:53:56.858524+00:00
dev7,22.614876456710128,3.82064651156751,18.794229945142618,26.43552296827764,26.43552296827764,47.61161499735014,0.9847449481366368,46.6268700492135,48.596359945486775,48.596359945486775,425.5039880623643,0.0,425.5039880623643,425.5039880623643,425.5039880623643,715.192046124811,0.0,715.192046124811,715.192046124811,715.192046124811,7.275014258843325,0.17271504907365554,7.1022992097696696,7.447729307916981,7.1022992097696696,449.86490150148876,167.78589031478379,282.079011186705,617.6507918162725,617.6507918162725,2025-11-27T07:53:56.862541+00:00
dev7,22.614876456710128,3.82064651156751,18.794229945142618,26.43552296827764,26.43552296827764,47.61161499735014,0.9847449481366368,46.6268700492135,48.596359945486775,48.596359945486775,468.25487056194413,42.75088249957989,425.5039880623643,511.00575306152405,511.00575306152405,715.192046124811,0.0,715.192046124811,715.192046124811,715.192046124811,7.1022992097696696,0.0,7.1022992097696696,7.1022992097696696,7.1022992097696696,449.86490150148876,167.78589031478379,282.079011186705,617.6507918162725,617.6507918162725,2025-11-27T07:53:56.867206+00:00
dev7,22.614876456710128,3.82064651156751,18.794229945142618,26.43552296827764,26.43552296827764,47.61161499735014,0.9847449481366368,46.6268700492135,48.596359945486775,48.596359945486775,468.25487056194413,42.75088249957989,425.5039880623643,511.00575306152405,511.00575306152405,1040.6509742787066,325.4589281538957,715.192046124811,1366.1099024326024,1366.1099024326024,7.1022992097696696,0.0,7.1022992097696696,7.1022992097696696,7.1022992097696696,617.6507918162725,0.0,617.6507918162725,617.6507918162725,617.6507918162725,2025-11-27T07:53:56.871680+00:00
dev7,26.43552296827764,0.0,26.43552296827764,26.43552296827764,26.43552296827764,47.61161499735014,0.9847449481366368,46.6268700492135,48.596359945486775,48.596359945486775,468.25487056194413,42.75088249957989,425.5039880623643,511.00575306152405,511.00575306152405,1040.6509742787066,325.4589281538957,715.192046124811,1366.1099024326024,1366.1099024326024,6.6283203810606794,0.4739788287089901,6.154341552351689,7.1022992097696696,6.154341552351689,617.6507918162725,0.0,617.6507918162725,617.6507918162725,617.6507918162725,2025-11-27T07:53:56.875934+00:00
dev7,26.43552296827764,0.0,26.43552296827764,26.43552296827764,26.43552296827764,48.596359945486775,0.0,48.596359945486775,48.596359945486775,48.596359945486775,468.25487056194413,42.75088249957989,425.5039880623643,511.00575306152405,511.00575306152405,1040.6509742787066,325.4589281538957,715.192046124811,1366.1099024326024,1366.1099024326024,6.6283203810606794,0.4739788287089901,6.154341552351689,7.1022992097696696,6.154341552351689,604.0641131459213,13.586678670351318,590.4774344755699,617.6507918162725,590.4774344755699,2025-11-27T07:53:56.880658+00:00
dev7,22.82928494388591,3.606238024391729,19.22304691949418,26.43552296827764,19.22304691949418,48.596359945486775,0.0,48.596359945486775,48.596359945486775,48.596359945486775,511.00575306152405,0.0,511.00575306152405,511.00575306152405,511.00575306152405,1040.6509742787066,325.4589281538957,715.192046124811,1366.1099024326024,1366.1099024326024,6.6283203810606794,0.4739788287089901,6.154341552351689,7.1022992097696696,6.154341552351689,604.0641131459213,13.586678670351318,590.4774344755699,617.6507918162725,590.4774344755699,2025-11-27T07:53:59.077263+00:00
dev7,22.82928494388591,3.606238024391729,19.22304691949418,26.43552296827764,19.22304691949418,52.28006532472756,3.683705379240788,48.596359945486775,55.96377070396835,55.96377070396835,511.00575306152405,0.0,511.00575306152405,511.00575306152405,511.00575306152405,1366.1099024326024,0.0,1366.1099024326024,1366.1099024326024,1366.1099024326024,6.6283203810606794,0.4739788287089901,6.154341552351689,7.1022992097696696,6.154341552351689,604.0641131459213,13.586678670351318,590.4774344755699,617.6507918162725,590.4774344755699,2025-11-27T07:53:59.081564+00:00
dev7,22.82928494388591,3.606238024391729,19.22304691949418,26.43552296827764,19.22304691949418,52.28006532472756,3.683705379240788,48.596359945486775,55.96377070396835,55.96377070396835,537.638564440679,26.632811379154987,511.00575306152405,564.271375819834,564.271375819834,1366.1099024326024,0.0,1366.1099024326024,1366.1099024326024,1366.1099024326024,6.154341552351689,0.0,6.154341552351689,6.154341552351689,6.154341552351689,604.0641131459213,13.586678670351318,590.4774344755699,617.6507918162725,590.4774344755699,2025-11-27T07:53:59.085224+00:00
dev7,22.82928494388591,3.606238024391729,19.22304691949418,26.43552296827764,19.22304691949418,52.28006532472756,3.683705379240788,48.596359945486775,55.96377070396835,55.96377070396835,537.638564440679,26.632811379154987,511.00575306152405,564.271375819834,564.271375819834,1321.6076748608707,44.50222757173185,1277.1054472891387,1366.1099024326024,1277.1054472891387,6.154341552351689,0.0,6.154341552351689,6.154341552351689,6.154341552351689,590.4774344755699,0.0,590.4774344755699,590.4774344755699,590.4774344755699,2025-11-27T07:53:59.088703+00:00
dev7,19.22304691949418,0.0,19.22304691949418,19.22304691949418,19.22304691949418,52.28006532472756,3.683705379240788,48.596359945486775,55.96377070396835,55.96377070396835,537.638564440679,26.632811379154987,511.00575306152405,564.271375819834,564.271375819834,1321.6076748608707,44.50222757173185,1277.1054472891387,1366.1099024326024,1277.1054472891387,6.1025316890485835,0.051809863303105885,6.050721825745478,6.154341552351689,6.050721825745478,590.4774344755699,0.0,590.4774344755699,590.4774344755699,590.4774344755699,2025-11-27T07:53:59.092246+00:00
dev7,19.22304691949418,0.0,19.22304691949418,19.22304691949418,19.22304691949418,55.96377070396835,0.0,55.96377070396835,55.96377070396835,55.96377070396835,537.638564440679,26.632811379154987,511.00575306152405,564.271375819834,564.271375819834,1321.6076748608707,44.50222757173185,1277.1054472891387,1366.1099024326024,1277.1054472891387,6.1025316890485835,0.051809863303105885,6.050721825745478,6.154341552351689,6.050721825745478,773.2807267931004,182.80329231753046,590.4774344755699,956.0840191106308,956.0840191106308,2025-11-27T07:53:59.095631+00:00
dev7,22.429864145719883,3.2068172262257004,19.22304691949418,25.63668137194558,25.63668137194558,55.96377070396835,0.0,55.96377070396835,55.96377070396835,55.96377070396835,564.271375819834,0.0,564.271375819834,564.271375819834,564.271375819834,1321.6076748608707,44.50222757173185,1277.1054472891387,1366.1099024326024,1277.1054472891387,6.1025316890485835,0.051809863303105885,6.050721825745478,6.154341552351689,6.050721825745478,773.2807267931004,182.80329231753046,590.4774344755699,956.0840191106308,956.0840191106308,2025-11-27T07:54:01.302763+00:00
dev7,22.429864145719883,3.2068172262257004,19.22304691949418,25.63668137194558,25.63668137194558,57.868230439880115,1.9044597359117645,55.96377070396835,59.77269017579188,59.77269017579188,564.271375819834,0.0,564.271375819834,564.271375819834,564.271375819834,1277.1054472891387,0.0,1277.1054472891387,1277.1054472891387,1277.1054472891387,6.1025316890485835,0.051809863303105885,6.050721825745478,6.154341552351689,6.050721825745478,773.2807267931004,182.80329231753046,590.4774344755699,956.0840191106308,956.0840191106308,2025-11-27T07:54:01.307255+00:00
dev7,22.429864145719883,3.2068172262257004,19.22304691949418,25.63668137194558,25.63668137194558,57.868230439880115,1.9044597359117645,55.96377070396835,59.77269017579188,59.77269017579188,574.5957514661363,10.324375646302258,564.271375819834,584.9201271124385,584.9201271124385,1277.1054472891387,0.0,1277.1054472891387,1277.1054472891387,1277.1054472891387,6.050721825745478,0.0,6.050721825745478,6.050721825745478,6.050721825745478,773.2807267931004,182.80329231753046,590.4774344755699,956.0840191106308,956.0840191106308,2025-11-27T07:54:01.312438+00:00
dev7,22.429864145719883,3.2068172262257004,19.22304691949418,25.63668137194558,25.63668137194558,57.868230439880115,1.9044597359117645,55.96377070396835,59.77269017579188,59.77269017579188,574.5957514661363,10.324375646302258,564.271375819834,584.9201271124385,584.9201271124385,1054.996240523691,222.10920676544777,832.8870337582432,1277.1054472891387,832.8870337582432,6.050721825745478,0.0,6.050721825745478,6.050721825745478,6.050721825745478,956.0840191106308,0.0,956.0840191106308,956.0840191106308,956.0840191106308,2025-11-27T07:54:01.318173+00:00
dev7,25.63668137194558,0.0,25.63668137194558,25.63668137194558,25.63668137194558,57.868230439880115,1.9044597359117645,55.96377070396835,59.77269017579188,59.77269017579188,574.5957514661363,10.324375646302258,564.271375819834,584.9201271124385,584.9201271124385,1054.996240523691,222.10920676544777,832.8870337582432,1277.1054472891387,832.8870337582432,6.032902028900898,0.01781979684457946,6.015082232056319,6.050721825745478,6.015082232056319,956.0840191106308,0.0,956.0840191106308,956.0840191106308,956.0840191106308,2025-11-27T07:54:01.323520+00:00
dev7,25.63668137194558,0.0,25.63668137194558,25.63668137194558,25.63668137194558,59.77269017579188,0.0,59.77269017579188,59.77269017579188,59.77269017579188,574.5957514661363,10.324375646302258,564.271375819834,584.9201271124385,584.9201271124385,1054.996240523691,222.10920676544777,832.8870337582432,1277.1054472891387,832.8870337582432,6.032902028900898,0.01781979684457946,6.015082232056319,6.050721825745478,6.015082232056319,779.3389173144636,176.7451017961672,602.5938155182964,956.0840191106308,602.5938155182964,2025-11-27T07:54:01.327820+00:00
dev7,23.962403051994592,1.6742783199509912,22.2881247320436,25.63668137194558,22.2881247320436,59.77269017579188,0.0,59.77269017579188,59.77269017579188,59.77269017579188,584.9201271124385,0.0,584.9201271124385,584.9201271124385,584.9201271124385,1054.996240523691,222.10920676544777,832.8870337582432,1277.1054472891387,832.8870337582432,6.032902028900898,0.01781979684457946,6.015082232056319,6.050721825745478,6.015082232056319,779.3389173144636,176.7451017961672,602.5938155182964,956.0840191106308,602.5938155182964,2025-11-27T07:54:03.542859+00:00
dev7,23.962403051994592,1.6742783199509912,22.2881247320436,25.63668137194558,22.2881247320436,61.89678033149778,2.1240901557059004,59.77269017579188,64.02087048720368,64.02087048720368,584.9201271124385,0.0,584.9201271124385,584.9201271124385,584.9201271124385,832.8870337582432,0.0,832.8870337582432,832.8870337582432,832.8870337582432,6.032902028900898,0.01781979684457946,6.015082232056319,6.050721825745478,6.015082232056319,779.3389173144636,176.7451017961672,602.5938155182964,956.0840191106308,602.5938155182964,2025-11-27T07:54:03.546227+00:00
dev7,23.962403051994592,1.6742783199509912,22.2881247320436,25.63668137194558,22.2881247320436,61.89678033149778,2.1240901557059004,59.77269017579188,64.02087048720368,64.02087048720368,583.0382884581719,1.8818386542666303,581.1564498039053,584.9201271124385,581.1564498039053,832.8870337582432,0.0,832.8870337582432,832.8870337582432,832.8870337582432,6.015082232056319,0.0,6.015082232056319,6.015082232056319,6.015082232056319,779.3389173144636,176.7451017961672,602.5938155182964,956.0840191106308,602.5938155182964,2025-11-27T07:54:03.549822+00:00
dev7,23.962403051994592,1.6742783199509912,22.2881247320436,25.63668137194558,22.2881247320436,61.89678033149778,2.1240901557059004,59.77269017579188,64.02087048720368,64.02087048720368,583.0382884581719,1.8818386542666303,581.1564498039053,584.9201271124385,581.1564498039053,1129.2611963122017,296.3741625539586,832.8870337582432,1425.6353588661605,1425.6353588661605,6.015082232056319,0.0,6.015082232056319,6.015082232056319,6.015082232056319,602.5938155182964,0.0,602.5938155182964,602.5938155182964,602.5938155182964,2025-11-27T07:54:03.553320+00:00
dev7,22.2881247320436,0.0,22.2881247320436,22.2881247320436,22.2881247320436,61.89678033149778,2.1240901557059004,59.77269017579188,64.02087048720368,64.02087048720368,583.0382884581719,1.8818386542666303,581.1564498039053,584.9201271124385,581.1564498039053,1129.2611963122017,296.3741625539586,832.8870337582432,1425.6353588661605,1425.6353588661605,6.062100679080748,0.047018447024429914,6.015082232056319,6.1091191261051785,6.1091191261051785,602.5938155182964,0.0,602.5938155182964,602.5938155182964,602.5938155182964,2025-11-27T07:54:03.556727+00:00
dev7,22.2881247320436,0.0,22.2881247320436,22.2881247320436,22.2881247320436,64.02087048720368,0.0,64.02087048720368,64.02087048720368,64.02087048720368,583.0382884581719,1.8818386542666303,581.1564498039053,584.9201271124385,581.1564498039053,1129.2611963122017,296.3741625539586,832.8870337582432,1425.6353588661605,1425.6353588661605,6.062100679080748,0.047018447024429914,6.015082232056319,6.1091191261051785,6.1091191261051785,578.1643006738823,24.429514844414143,553.7347858294681,602.5938155182964,553.7347858294681,2025-11-27T07:54:03.560191+00:00
dev7,25.579560747065216,3.291436015021617,22.2881247320436,28.870996762086833,28.870996762086833,64.02087048720368,0.0,64.02087048720368,64.02087048720368,64.02087048720368,581.1564498039053,0.0,581.1564498039053,581.1564498039053,581.1564498039053,1129.2611963122017,296.3741625539586,832.8870337582432,1425.6353588661605,1425.6353588661605,6.062100679080748,0.047018447024429914,6.015082232056319,6.1091191261051785,6.1091191261051785,578.1643006738823,24.429514844414143,553.7347858294681,602.5938155182964,553.7347858294681,2025-11-27T07:54:05.753256+00:00
dev7,25.579560747065216,3.291436015021617,22.2881247320436,28.870996762086833,28.870996762086833,63.20002299698073,0.8208474902229526,62.379175506757775,64.02087048720368,62.379175506757775,581.1564498039053,0.0,581.1564498039053,581.1564498039053,581.1564498039053,1425.6353588661605,0.0,1425.6353588661605,1425.6353588661605,1425.6353588661605,6.062100679080748,0.047018447024429914,6.015082232056319,6.1091191261051785,6.1091191261051785,578.1643006738823,24.429514844414143,553.7347858294681,602.5938155182964,553.7347858294681,2025-11-27T07:54:05.756968+00:00
dev7,25.579560747065216,3.291436015021617,22.2881247320436,28.870996762086833,28.870996762086833,63.20002299698073,0.8208474902229526,62.379175506757775,64.02087048720368,62.379175506757775,604.674602825352,23.51815302144678,581.1564498039053,628.1927558467988,628.1927558467988,1425.6353588661605,0.0,1425.6353588661605,1425.6353588661605,1425.6353588661605,6.1091191261051785,0.0,6.1091191261051785,6.1091191261051785,6.1091191261051785,578.1643006738823,24.429514844414143,553.7347858294681,602.5938155182964,553.7347858294681,2025-11-27T07:54:05.760580+00:00
dev7,25.579560747065216,3.291436015021617,22.2881247320436,28.870996762086833,28.870996762086833,63.20002299698073,0.8208474902229526,62.379175506757775,64.02087048720368,62.379175506757775,604.674602825352,23.51815302144678,581.1564498039053,628.1927558467988,628.1927558467988,1221.2326062882744,204.40275257788596,1016.8298537103885,1425.6353588661605,1016.8298537103885,6.1091191261051785,0.0,6.1091191261051785,6.1091191261051785,6.1091191261051785,553.7347858294681,0.0,553.7347858294681,553.7347858294681,553.7347858294681,2025-11-27T07:54:05.764233+00:00
dev7,28.870996762086833,0.0,28.870996762086833,28.870996762086833,28.870996762086833,63.20002299698073,0.8208474902229526,62.379175506757775,64.02087048720368,62.379175506757775,604.674602825352,23.51815302144678,581.1564498039053,628.1927558467988,628.1927558467988,1221.2326062882744,204.40275257788596,1016.8298537103885,1425.6353588661605,1016.8298537103885,6.336637614243985,0.22751848813880704,6.1091191261051785,6.564156102382793,6.564156102382793,553.7347858294681,0.0,553.7347858294681,553.7347858294681,553.7347858294681,2025-11-27T07:54:05.767785+00:00
dev8,24.386419116253975,3.603304583186219,20.783114533067756,27.989723699440194,20.783114533067756,63.91412511458664,1.5614943140287494,62.35263080055789,65.47561942861539,62.35263080055789,501.227934272492,18.02937351953878,483.19856075295326,519.2573077920308,519.2573077920308,1395.9415163981203,0.0,1395.9415163981203,1395.9415163981203,1395.9415163981203,7.138984421746432,0.0,7.138984421746432,7.138984421746432,7.138984421746432,533.1312812932159,0.0,533.1312812932159,533.1312812932159,533.1312812932159,2025-11-27T07:53:21.167278+00:00
dev8,27.90946922450835,7.126354691440595,20.783114533067756,35.035823915948946,35.035823915948946,63.91412511458664,1.5614943140287494,62.35263080055789,65.47561942861539,62.35263080055789,501.227934272492,18.02937351953878,483.19856075295326,519.2573077920308,519.2573077920308,1395.9415163981203,0.0,1395.9415163981203,1395.9415163981203,1395.9415163981203,7.138984421746432,0.0,7.138984421746432,7.138984421746432,7.138984421746432,533.1312812932159,0.0,533.1312812932159,533.1312812932159,533.1312812932159,2025-11-27T07:53:23.373018+00:00
dev8,27.90946922450835,7.126354691440595,20.783114533067756,35.035823915948946,35.035823915948946,71.91567798691975,9.56304718636185,62.35263080055789,81.47872517328159,81.47872517328159,501.227934272492,18.02937351953878,483.19856075295326,519.2573077920308,519.2573077920308,1395.9415163981203,0.0,1395.9415163981203,1395.9415163981203,1395.9415163981203,7.138984421746432,0.0,7.138984421746432,7.138984421746432,7.138984421746432,533.1312812932159,0.0,533.1312812932159,533.1312812932159,533.1312812932159,2025-11-27T07:53:23.376582+00:00
dev8,27.90946922450835,7.126354691440595,20.783114533067756,35.035823915948946,35.035823915948946,71.91567798691975,9.56304718636185,62.35263080055789,81.47872517328159,81.47872517328159,657.0989637805906,137.8416559885597,519.2573077920308,794.9406197691502,794.9406197691502,1395.9415163981203,0.0,1395.9415163981203,1395.9415163981203,1395.9415163981203,7.138984421746432,0.0,7.138984421746432,7.138984421746432,7.138984421746432,533.1312812932159,0.0,533.1312812932159,533.1312812932159,533.1312812932159,2025-11-27T07:53:23.380874+00:00
dev8,27.90946922450835,7.126354691440595,20.783114533067756,35.035823915948946,35.035823915948946,71.91567798691975,9.56304718636185,62.35263080055789,81.47872517328159,81.47872517328159,657.0989637805906,137.8416559885597,519.2573077920308,794.9406197691502,794.9406197691502,1664.789212215649,268.8476958175288,1395.9415163981203,1933.6369080331779,1933.6369080331779,7.138984421746432,0.0,7.138984421746432,7.138984421746432,7.138984421746432,533.1312812932159,0.0,533.1312812932159,533.1312812932159,533.1312812932159,2025-11-27T07:53:23.389383+00:00
dev8,35.035823915948946,0.0,35.035823915948946,35.035823915948946,35.035823915948946,71.91567798691975,9.56304718636185,62.35263080055789,81.47872517328159,81.47872517328159,657.0989637805906,137.8416559885597,519.2573077920308,794.9406197691502,794.9406197691502,1664.789212215649,268.8476958175288,1395.9415163981203,1933.6369080331779,1933.6369080331779,6.333863238348571,0.8051211833978611,5.52874205495071,7.138984421746432,5.52874205495071,533.1312812932159,0.0,533.1312812932159,533.1312812932159,533.1312812932159,2025-11-27T07:53:23.394342+00:00
dev8,35.035823915948946,0.0,35.035823915948946,35.035823915948946,35.035823915948946,81.47872517328159,0.0,81.47872517328159,81.47872517328159,81.47872517328159,657.0989637805906,137.8416559885597,519.2573077920308,794.9406197691502,794.9406197691502,1664.789212215649,268.8476958175288,1395.9415163981203,1933.6369080331779,1933.6369080331779,6.333863238348571,0.8051211833978611,5.52874205495071,7.138984421746432,5.52874205495071,889.0575210181171,355.9262397249011,533.1312812932159,1244.9837607430181,1244.9837607430181,2025-11-27T07:53:23.398327+00:00
dev8,34.58477259600039,0.4510513199485544,34.13372127605184,35.035823915948946,34.13372127605184,81.47872517328159,0.0,81.47872517328159,81.47872517328159,81.47872517328159,794.9406197691502,0.0,794.9406197691502,794.9406197691502,794.9406197691502,1664.789212215649,268.8476958175288,1395.9415163981203,1933.6369080331779,1933.6369080331779,6.333863238348571,0.8051211833978611,5.52874205495071,7.138984421746432,5.52874205495071,889.0575210181171,355.9262397249011,533.1312812932159,1244.9837607430181,1244.9837607430181,2025-11-27T07:53:25.586159+00:00
dev8,34.58477259600039,0.4510513199485544,34.13372127605184,35.035823915948946,34.13372127605184,79.80363466471066,1.675090508570932,78.12854415613972,81.47872517328159,78.12854415613972,794.9406197691502,0.0,794.9406197691502,794.9406197691502,794.9406197691502,1933.6369080331779,0.0,1933.6369080331779,1933.6369080331779,1933.6369080331779,6.333863238348571,0.8051211833978611,5.52874205495071,7.138984421746432,5.52874205495071,889.0575210181171,355.9262397249011,533.1312812932159,1244.9837607430181,1244.9837607430181,2025-11-27T07:53:25.589772+00:00
dev8,34.58477259600039,0.4510513199485544,34.13372127605184,35.035823915948946,34.13372127605184,79.80363466471066,1.675090508570932,78.12854415613972,81.47872517328159,78.12854415613972,507.56701650831917,287.373603260831,220.1934132474882,794.9406197691502,220.1934132474882,1933.6369080331779,0.0,1933.6369080331779,1933.6369080331779,1933.6369080331779,5.52874205495071,0.0,5.52874205495071,5.52874205495071,5.52874205495071,889.0575210181171,355.9262397249011,533.1312812932159,1244.9837607430181,1244.9837607430181,2025-11-27T07:53:25.593417+00:00
dev8,34.58477259600039,0.4510513199485544,34.13372127605184,35.035823915948946,34.13372127605184,79.80363466471066,1.675090508570932,78.12854415613972,81.47872517328159,78.12854415613972,507.56701650831917,287.373603260831,220.1934132474882,794.9406197691502,220.1934132474882,2002.3720071264406,68.73509909326276,1933.6369080331779,2071.1071062197034,2071.1071062197034,5.52874205495071,0.0,5.52874205495071,5.52874205495071,5.52874205495071,1244.9837607430181,0.0,1244.9837607430181,1244.9837607430181,1244.9837607430181,2025-11-27T07:53:25.597022+00:00
dev8,34.13372127605184,0.0,34.13372127605184,34.13372127605184,34.13372127605184,79.80363466471066,1.675090508570932,78.12854415613972,81.47872517328159,78.12854415613972,507.56701650831917,287.373603260831,220.1934132474882,794.9406197691502,220.1934132474882,2002.3720071264406,68.73509909326276,1933.6369080331779,2071.1071062197034,2071.1071062197034,6.542556016769853,1.0138139618191433,5.52874205495071,7.556369978588997,7.556369978588997,1244.9837607430181,0.0,1244.9837607430181,1244.9837607430181,1244.9837607430181,2025-11-27T07:53:25.600560+00:00
dev8,34.13372127605184,0.0,34.13372127605184,34.13372127605184,34.13372127605184,78.12854415613972,0.0,78.12854415613972,78.12854415613972,78.12854415613972,507.56701650831917,287.373603260831,220.1934132474882,794.9406197691502,220.1934132474882,2002.3720071264406,68.73509909326276,1933.6369080331779,2071.1071062197034,2071.1071062197034,6.542556016769853,1.0138139618191433,5.52874205495071,7.556369978588997,7.556369978588997,765.5526326045831,479.431128138435,286.12150446614817,1244.9837607430181,286.12150446614817,2025-11-27T07:53:25.604415+00:00
dev8,34.361770531788366,0.22804925573652923,34.13372127605184,34.589819787524895,34.589819787524895,78.12854415613972,0.0,78.12854415613972,78.12854415613972,78.12854415613972,220.1934132474882,0.0,220.1934132474882,220.1934132474882,220.1934132474882,2002.3720071264406,68.73509909326276,1933.6369080331779,2071.1071062197034,2071.1071062197034,6.542556016769853,1.0138139618191433,5.52874205495071,7.556369978588997,7.556369978588997,765.5526326045831,479.431128138435,286.12150446614817,1244.9837607430181,286.12150446614817,2025-11-27T07:53:27.808182+00:00
dev8,34.361770531788366,0.22804925573652923,34.13372127605184,34.589819787524895,34.589819787524895,53.92132515155953,24.207219004580196,29.714106146979333,78.12854415613972,29.714106146979333,220.1934132474882,0.0,220.1934132474882,220.1934132474882,220.1934132474882,2071.1071062197034,0.0,2071.1071062197034,2071.1071062197034,2071.1071062197034,6.542556016769853,1.0138139618191433,5.52874205495071,7.556369978588997,7.556369978588997,765.5526326045831,479.431128138435,286.12150446614817,1244.9837607430181,286.12150446614817,2025-11-27T07:53:27.812488+00:00
dev8,34.361770531788366,0.22804925573652923,34.13372127605184,34.589819787524895,34.589819787524895,53.92132515155953,24.207219004580196,29.714106146979333,78.12854415613972,29.714106146979333,499.6508030604274,279.4573898129392,220.1934132474882,779.1081928733666,779.1081928733666,2071.1071062197034,0.0,2071.1071062197034,2071.1071062197034,2071.1071062197034,7.556369978588997,0.0,7.556369978588997,7.556369978588997,7.556369978588997,765.5526326045831,479.431128138435,286.12150446614817,1244.9837607430181,286.12150446614817,2025-11-27T07:53:27.816532+00:00
dev8,34.361770531788366,0.22804925573652923,34.13372127605184,34.589819787524895,34.589819787524895,53.92132515155953,24.207219004580196,29.714106146979333,78.12854415613972,29.714106146979333,499.6508030604274,279.4573898129392,220.1934132474882,779.1081928733666,779.1081928733666,1091.0939744187174,980.013131800986,111.08084261773143,2071.1071062197034,111.08084261773143,7.556369978588997,0.0,7.556369978588997,7.556369978588997,7.556369978588997,286.12150446614817,0.0,286.12150446614817,286.12150446614817,286.12150446614817,2025-11-27T07:53:27.820830+00:00
dev8,34.589819787524895,0.0,34.589819787524895,34.589819787524895,34.589819787524895,53.92132515155953,24.207219004580196,29.714106146979333,78.12854415613972,29.714106146979333,499.6508030604274,279.4573898129392,220.1934132474882,779.1081928733666,779.1081928733666,1091.0939744187174,980.013131800986,111.08084261773143,2071.1071062197034,111.08084261773143,7.533267256142224,0.023102722446771917,7.510164533695453,7.556369978588997,7.510164533695453,286.12150446614817,0.0,286.12150446614817,286.12150446614817,286.12150446614817,2025-11-27T07:53:27.824339+00:00
dev8,34.589819787524895,0.0,34.589819787524895,34.589819787524895,34.589819787524895,29.714106146979333,0.0,29.714106146979333,29.714106146979333,29.714106146979333,499.6508030604274,279.4573898129392,220.1934132474882,779.1081928733666,779.1081928733666,1091.0939744187174,980.013131800986,111.08084261773143,2071.1071062197034,111.08084261773143,7.533267256142224,0.023102722446771917,7.510164533695453,7.556369978588997,7.510164533695453,290.11634776302895,3.994843296880788,286.12150446614817,294.11119105990974,294.11119105990974,2025-11-27T07:53:27.827991+00:00
dev8,30.279331605612406,4.310488181912488,25.96884342369992,34.589819787524895,25.96884342369992,29.714106146979333,0.0,29.714106146979333,29.714106146979333,29.714106146979333,779.1081928733666,0.0,779.1081928733666,779.1081928733666,779.1081928733666,1091.0939744187174,980.013131800986,111.08084261773143,2071.1071062197034,111.08084261773143,7.533267256142224,0.023102722446771917,7.510164533695453,7.556369978588997,7.510164533695453,290.11634776302895,3.994843296880788,286.12150446614817,294.11119105990974,294.11119105990974,2025-11-27T07:53:30.028369+00:00
dev8,30.279331605612406,4.310488181912488,25.96884342369992,34.589819787524895,25.96884342369992,40.72076741990694,11.006661272927609,29.714106146979333,51.72742869283455,51.72742869283455,779.1081928733666,0.0,779.1081928733666,779.1081928733666,779.1081928733666,111.08084261773143,0.0,111.08084261773143,111.08084261773143,111.08084261773143,7.533267256142224,0.023102722446771917,7.510164533695453,7.556369978588997,7.510164533695453,290.11634776302895,3.994843296880788,286.12150446614817,294.11119105990974,294.11119105990974,2025-11-27T07:53:30.031981+00:00
dev8,30.279331605612406,4.310488181912488,25.96884342369992,34.589819787524895,25.96884342369992,40.72076741990694,11.006661272927609,29.714106146979333,51.72742869283455,51.72742869283455,650.2843395589418,128.82385331442475,521.4604862445171,779.1081928733666,521.4604862445171,111.08084261773143,0.0,111.08084261773143,111.08084261773143,111.08084261773143,7.510164533695453,0.0,7.510164533695453,7.510164533695453,7.510164533695453,290.11634776302895,3.994843296880788,286.12150446614817,294.11119105990974,294.11119105990974,2025-11-27T07:53:30.035457+00:00
dev8,30.279331605612406,4.310488181912488,25.96884342369992,34.589819787524895,25.96884342369992,40.72076741990694,11.006661272927609,29.714106146979333,51.72742869283455,51.72742869283455,650.2843395589418,128.82385331442475,521.4604862445171,779.1081928733666,521.4604862445171,670.9463125649454,559.865469947214,111.08084261773143,1230.8117825121594,1230.8117825121594,7.510164533695453,0.0,7.510164533695453,7.510164533695453,7.510164533695453,294.11119105990974,0.0,294.11119105990974,294.11119105990974,294.11119105990974,2025-11-27T07:53:30.038866+00:00
dev8,25.96884342369992,0.0,25.96884342369992,25.96884342369992,25.96884342369992,40.72076741990694,11.006661272927609,29.714106146979333,51.72742869283455,51.72742869283455,650.2843395589418,128.82385331442475,521.4604862445171,779.1081928733666,521.4604862445171,670.9463125649454,559.865469947214,111.08084261773143,1230.8117825121594,1230.8117825121594,6.582468571366155,0.927695962329298,5.654772609036857,7.510164533695453,5.654772609036857,294.11119105990974,0.0,294.11119105990974,294.11119105990974,294.11119105990974,2025-11-27T07:53:30.042366+00:00
dev8,25.96884342369992,0.0,25.96884342369992,25.96884342369992,25.96884342369992,51.72742869283455,0.0,51.72742869283455,51.72742869283455,51.72742869283455,650.2843395589418,128.82385331442475,521.4604862445171,779.1081928733666,521.4604862445171,670.9463125649454,559.865469947214,111.08084261773143,1230.8117825121594,1230.8117825121594,6.582468571366155,0.927695962329298,5.654772609036857,7.510164533695453,5.654772609036857,571.4937804360651,277.38258937615535,294.11119105990974,848.8763698122204,848.8763698122204,2025-11-27T07:53:30.046033+00:00
dev8,27.780690864811255,1.8118474411113379,25.96884342369992,29.592538305922595,29.592538305922595,51.72742869283455,0.0,51.72742869283455,51.72742869283455,51.72742869283455,521.4604862445171,0.0,521.4604862445171,521.4604862445171,521.4604862445171,670.9463125649454,559.865469947214,111.08084261773143,1230.8117825121594,1230.8117825121594,6.582468571366155,0.927695962329298,5.654772609036857,7.510164533695453,5.654772609036857,571.4937804360651,277.38258937615535,294.11119105990974,848.8763698122204,848.8763698122204,2025-11-27T07:53:32.240288+00:00
dev8,27.780690864811255,1.8118474411113379,25.96884342369992,29.592538305922595,29.592538305922595,52.14518448821376,0.41775579537921104,51.72742869283455,52.56294028359297,52.56294028359297,521.4604862445171,0.0,521.4604862445171,521.4604862445171,521.4604862445171,1230.8117825121594,0.0,1230.8117825121594,1230.8117825121594,1230.8117825121594,6.582468571366155,0.927695962329298,5.654772609036857,7.510164533695453,5.654772609036857,571.4937804360651,277.38258937615535,294.11119105990974,848.8763698122204,848.8763698122204,2025-11-27T07:53:32.243949+00:00
dev8,27.780690864811255,1.8118474411113379,25.96884342369992,29.592538305922595,29.592538305922595,52.14518448821376,0.41775579537921104,51.72742869283455,52.56294028359297,52.56294028359297,521.6535992463604,0.1931130018432441,521.4604862445171,521.8467122482036,521.8467122482036,1230.8117825121594,0.0,1230.8117825121594,1230.8117825121594,1230.8117825121594,5.654772609036857,0.0,5.654772609036857,5.654772609036857,5.654772609036857,571.4937804360651,277.38258937615535,294.11119105990974,848.8763698122204,848.8763698122204,2025-11-27T07:53:32.247405+00:00
dev8,27.780690864811255,1.8118474411113379,25.96884342369992,29.592538305922595,29.592538305922595,52.14518448821376,0.41775579537921104,51.72742869283455,52.56294028359297,52.56294028359297,521.6535992463604,0.1931130018432441,521.4604862445171,521.8467122482036,521.8467122482036,1217.3146546411376,13.49712787102169,1203.817526770116,1230.8117825121594,1203.817526770116,5.654772609036857,0.0,5.654772609036857,5.654772609036857,5.654772609036857,848.8763698122204,0.0,848.8763698122204,848.8763698122204,848.8763698122204,2025-11-27T07:53:32.250814+00:00
dev8,29.592538305922595,0.0,29.592538305922595,29.592538305922595,29.592538305922595,52.14518448821376,0.41775579537921104,51.72742869283455,52.56294028359297,52.56294028359297,521.6535992463604,0.1931130018432441,521.4604862445171,521.8467122482036,521.8467122482036,1217.3146546411376,13.49712787102169,1203.817526770116,1230.8117825121594,1203.817526770116,6.050643516557427,0.3958709075205702,5.654772609036857,6.446514424077997,6.446514424077997,848.8763698122204,0.0,848.8763698122204,848.8763698122204,848.8763698122204,2025-11-27T07:53:32.254347+00:00
dev8,29.592538305922595,0.0,29.592538305922595,29.592538305922595,29.592538305922595,52.56294028359297,0.0,52.56294028359297,52.56294028359297,52.56294028359297,521.6535992463604,0.1931130018432441,521.4604862445171,521.8467122482036,521.8467122482036,1217.3146546411376,13.49712787102169,1203.817526770116,1230.8117825121594,1203.817526770116,6.050643516557427,0.3958709075205702,5.654772609036857,6.446514424077997,6.446514424077997,598.8069225209588,250.06944729126167,348.7374752296971,848.8763698122204,348.7374752296971,2025-11-27T07:53:32.257899+00:00
dev8,26.520841776116967,3.07169652980563,23.449145246311335,29.592538305922595,23.449145246311335,52.56294028359297,0.0,52.56294028359297,52.56294028359297,52.56294028359297,521.8467122482036,0.0,521.8467122482036,521.8467122482036,521.8467122482036,1217.3146546411376,13.49712787102169,1203.817526770116,1230.8117825121594,1203.817526770116,6.050643516557427,0.3958709075205702,5.654772609036857,6.446514424077997,6.446514424077997,598.8069225209588,250.06944729126167,348.7374752296971,848.8763698122204,348.7374752296971,2025-11-27T07:53:34.450117+00:00
dev8,26.520841776116967,3.07169652980563,23.449145246311335,29.592538305922595,23.449145246311335,56.54029679164999,3.9773565080570172,52.56294028359297,60.51765329970701,60.51765329970701,521.8467122482036,0.0,521.8467122482036,521.8467122482036,521.8467122482036,1203.817526770116,0.0,1203.817526770116,1203.817526770116,1203.817526770116,6.050643516557427,0.3958709075205702,5.654772609036857,6.446514424077997,6.446514424077997,598.8069225209588,250.06944729126167,348.7374752296971,848.8763698122204,348.7374752296971,2025-11-27T07:53:34.453601+00:00
dev8,26.520841776116967,3.07169652980563,23.449145246311335,29.592538305922595,23.449145246311335,56.54029679164999,3.9773565080570172,52.56294028359297,60.51765329970701,60.51765329970701,449.002024629107,72.84468761909665,376.15733701001034,521.8467122482036,376.15733701001034,1203.817526770116,0.0,1203.817526770116,1203.817526770116,1203.817526770116,6.446514424077997,0.0,6.446514424077997,6.446514424077997,6.446514424077997,598.8069225209588,250.06944729126167,348.7374752296971,848.8763698122204,348.7374752296971,2025-11-27T07:53:34.457200+00:00
dev8,26.520841776116967,3.07169652980563,23.449145246311335,29.592538305922595,23.449145246311335,56.54029679164999,3.9773565080570172,52.56294028359297,60.51765329970701,60.51765329970701,449.002024629107,72.84468761909665,376.15733701001034,521.8467122482036,376.15733701001034,1032.5502282991208,171.26729847099517,861.2829298281257,1203.817526770116,861.2829298281257,6.446514424077997,0.0,6.446514424077997,6.446514424077997,6.446514424077997,348.7374752296971,0.0,348.7374752296971,348.7374752296971,348.7374752296971,2025-11-27T07:53:34.460852+00:00
dev8,23.449145246311335,0.0,23.449145246311335,23.449145246311335,23.449145246311335,56.54029679164999,3.9773565080570172,52.56294028359297,60.51765329970701,60.51765329970701,449.002024629107,72.84468761909665,376.15733701001034,521.8467122482036,376.15733701001034,1032.5502282991208,171.26729847099517,861.2829298281257,1203.817526770116,861.2829298281257,6.569167657390447,0.12265323331244993,6.446514424077997,6.691820890702897,6.691820890702897,348.7374752296971,0.0,348.7374752296971,348.7374752296971,348.7374752296971,2025-11-27T07:53:34.464870+00:00
dev8,23.449145246311335,0.0,23.449145246311335,23.449145246311335,23.449145246311335,60.51765329970701,0.0,60.51765329970701,60.51765329970701,60.51765329970701,449.002024629107,72.84468761909665,376.15733701001034,521.8467122482036,376.15733701001034,1032.5502282991208,171.26729847099517,861.2829298281257,1203.817526770116,861.2829298281257,6.569167657390447,0.12265323331244993,6.446514424077997,6.691820890702897,6.691820890702897,488.2002059575136,139.4627307278165,348.7374752296971,627.6629366853301,627.6629366853301,2025-11-27T07:53:34.468358+00:00
dev8,24.04914820684546,0.6000029605341233,23.449145246311335,24.649151167379582,24.649151167379582,60.51765329970701,0.0,60.51765329970701,60.51765329970701,60.51765329970701,376.15733701001034,0.0,376.15733701001034,376.15733701001034,376.15733701001034,1032.5502282991208,171.26729847099517,861.2829298281257,1203.817526770116,861.2829298281257,6.569167657390447,0.12265323331244993,6.446514424077997,6.691820890702897,6.691820890702897,488.2002059575136,139.4627307278165,348.7374752296971,627.6629366853301,627.6629366853301,2025-11-27T07:53:36.749673+00:00
dev8,24.04914820684546,0.6000029605341233,23.449145246311335,24.649151167379582,24.649151167379582,52.96727744733427,7.550375852372735,45.41690159496154,60.51765329970701,45.41690159496154,376.15733701001034,0.0,376.15733701001034,376.15733701001034,376.15733701001034,861.2829298281257,0.0,861.2829298281257,861.2829298281257,861.2829298281257,6.569167657390447,0.12265323331244993,6.446514424077997,6.691820890702897,6.691820890702897,488.2002059575136,139.4627307278165,348.7374752296971,627.6629366853301,627.6629366853301,2025-11-27T07:53:36.754263+00:00
dev8,24.04914820684546,0.6000029605341233,23.449145246311335,24.649151167379582,24.649151167379582,52.96727744733427,7.550375852372735,45.41690159496154,60.51765329970701,45.41690159496154,379.88640810643324,3.729071096422871,376.15733701001034,383.6154792028561,383.6154792028561,861.2829298281257,0.0,861.2829298281257,861.2829298281257,861.2829298281257,6.691820890702897,0.0,6.691820890702897,6.691820890702897,6.691820890702897,488.2002059575136,139.4627307278165,348.7374752296971,627.6629366853301,627.6629366853301,2025-11-27T07:53:36.758183+00:00
dev8,24.04914820684546,0.6000029605341233,23.449145246311335,24.649151167379582,24.649151167379582,52.96727744733427,7.550375852372735,45.41690159496154,60.51765329970701,45.41690159496154,379.88640810643324,3.729071096422871,376.15733701001034,383.6154792028561,383.6154792028561,698.6784837449593,162.60444608316647,536.0740376617928,861.2829298281257,536.0740376617928,6.691820890702897,0.0,6.691820890702897,6.691820890702897,6.691820890702897,627.6629366853301,0.0,627.6629366853301,627.6629366853301,627.6629366853301,2025-11-27T07:53:36.762346+00:00
dev8,24.649151167379582,0.0,24.649151167379582,24.649151167379582,24.649151167379582,52.96727744733427,7.550375852372735,45.41690159496154,60.51765329970701,45.41690159496154,379.88640810643324,3.729071096422871,376.15733701001034,383.6154792028561,383.6154792028561,698.6784837449593,162.60444608316647,536.0740376617928,861.2829298281257,536.0740376617928,6.821869335903639,0.1300484452007411,6.691820890702897,6.951917781104379,6.951917781104379,627.6629366853301,0.0,627.6629366853301,627.6629366853301,627.6629366853301,2025-11-27T07:53:36.766339+00:00
dev8,24.649151167379582,0.0,24.649151167379582,24.649151167379582,24.649151167379582,45.41690159496154,0.0,45.41690159496154,45.41690159496154,45.41690159496154,379.88640810643324,3.729071096422871,376.15733701001034,383.6154792028561,383.6154792028561,698.6784837449593,162.60444608316647,536.0740376617928,861.2829298281257,536.0740376617928,6.821869335903639,0.1300484452007411,6.691820890702897,6.951917781104379,6.951917781104379,674.4945798924114,46.83164320708129,627.6629366853301,721.3262230994927,721.3262230994927,2025-11-27T07:53:36.770222+00:00
dev8,25.06191579764407,0.41276463026448873,24.649151167379582,25.47468042790856,25.47468042790856,45.41690159496154,0.0,45.41690159496154,45.41690159496154,45.41690159496154,383.6154792028561,0.0,383.6154792028561,383.6154792028561,383.6154792028561,698.6784837449593,162.60444608316647,536.0740376617928,861.2829298281257,536.0740376617928,6.821869335903639,0.1300484452007411,6.691820890702897,6.951917781104379,6.951917781104379,674.4945798924114,46.83164320708129,627.6629366853301,721.3262230994927,721.3262230994927,2025-11-27T07:53:38.969519+00:00
dev8,25.06191579764407,0.41276463026448873,24.649151167379582,25.47468042790856,25.47468042790856,50.17124147439948,4.754339879437943,45.41690159496154,54.92558135383742,54.92558135383742,383.6154792028561,0.0,383.6154792028561,383.6154792028561,383.6154792028561,536.0740376617928,0.0,536.0740376617928,536.0740376617928,536.0740376617928,6.821869335903639,0.1300484452007411,6.691820890702897,6.951917781104379,6.951917781104379,674.4945798924114,46.83164320708129,627.6629366853301,721.3262230994927,721.3262230994927,2025-11-27T07:53:38.973421+00:00
dev8,25.06191579764407,0.41276463026448873,24.649151167379582,25.47468042790856,25.47468042790856,50.17124147439948,4.754339879437943,45.41690159496154,54.92558135383742,54.92558135383742,451.64277620240034,68.02729699954423,383.6154792028561,519.6700732019445,519.6700732019445,536.0740376617928,0.0,536.0740376617928,536.0740376617928,536.0740376617928,6.951917781104379,0.0,6.951917781104379,6.951917781104379,6.951917781104379,674.4945798924114,46.83164320708129,627.6629366853301,721.3262230994927,721.3262230994927,2025-11-27T07:53:38.977025+00:00
dev8,25.06191579764407,0.41276463026448873,24.649151167379582,25.47468042790856,25.47468042790856,50.17124147439948,4.754339879437943,45.41690159496154,54.92558135383742,54.92558135383742,451.64277620240034,68.02729699954423,383.6154792028561,519.6700732019445,519.6700732019445,614.991722777939,78.91768511614623,536.0740376617928,693.9094078940852,693.9094078940852,6.951917781104379,0.0,6.951917781104379,6.951917781104379,6.951917781104379,721.3262230994927,0.0,721.3262230994927,721.3262230994927,721.3262230994927,2025-11-27T07:53:38.980586+00:00
dev8,25.47468042790856,0.0,25.47468042790856,25.47468042790856,25.47468042790856,50.17124147439948,4.754339879437943,45.41690159496154,54.92558135383742,54.92558135383742,451.64277620240034,68.02729699954423,383.6154792028561,519.6700732019445,519.6700732019445,614.991722777939,78.91768511614623,536.0740376617928,693.9094078940852,693.9094078940852,6.586244187069578,0.36567359403480104,6.220570593034777,6.951917781104379,6.220570593034777,721.3262230994927,0.0,721.3262230994927,721.3262230994927,721.3262230994927,2025-11-27T07:53:38.984158+00:00
dev8,25.47468042790856,0.0,25.47468042790856,25.47468042790856,25.47468042790856,54.92558135383742,0.0,54.92558135383742,54.92558135383742,54.92558135383742,451.64277620240034,68.02729699954423,383.6154792028561,519.6700732019445,519.6700732019445,614.991722777939,78.91768511614623,536.0740376617928,693.9094078940852,693.9094078940852,6.586244187069578,0.36567359403480104,6.220570593034777,6.951917781104379,6.220570593034777,852.9614715255132,131.63524842602038,721.3262230994927,984.5967199515335,984.5967199515335,2025-11-27T07:53:38.989625+00:00
dev8,26.807424318670655,1.3327438907620976,25.47468042790856,28.140168209432755,28.140168209432755,54.92558135383742,0.0,54.92558135383742,54.92558135383742,54.92558135383742,519.6700732019445,0.0,519.6700732019445,519.6700732019445,519.6700732019445,614.991722777939,78.91768511614623,536.0740376617928,693.9094078940852,693.9094078940852,6.586244187069578,0.36567359403480104,6.220570593034777,6.951917781104379,6.220570593034777,852.9614715255132,131.63524842602038,721.3262230994927,984.5967199515335,984.5967199515335,2025-11-27T07:53:41.223719+00:00
dev8,26.807424318670655,1.3327438907620976,25.47468042790856,28.140168209432755,28.140168209432755,57.46172490162843,2.53614354779101,54.92558135383742,59.99786844941944,59.99786844941944,519.6700732019445,0.0,519.6700732019445,519.6700732019445,519.6700732019445,693.9094078940852,0.0,693.9094078940852,693.9094078940852,693.9094078940852,6.586244187069578,0.36567359403480104,6.220570593034777,6.951917781104379,6.220570593034777,852.9614715255132,131.63524842602038,721.3262230994927,984.5967199515335,984.5967199515335,2025-11-27T07:53:41.228125+00:00
dev8,26.807424318670655,1.3327438907620976,25.47468042790856,28.140168209432755,28.140168209432755,57.46172490162843,2.53614354779101,54.92558135383742,59.99786844941944,59.99786844941944,470.93701714290387,48.73305605904065,422.20396108386325,519.6700732019445,422.20396108386325,693.9094078940852,0.0,693.9094078940852,693.9094078940852,693.9094078940852,6.220570593034777,0.0,6.220570593034777,6.220570593034777,6.220570593034777,852.9614715255132,131.63524842602038,721.3262230994927,984.5967199515335,984.5967199515335,2025-11-27T07:53:41.231905+00:00
dev8,26.807424318670655,1.3327438907620976,25.47468042790856,28.140168209432755,28.140168209432755,57.46172490162843,2.53614354779101,54.92558135383742,59.99786844941944,59.99786844941944,470.93701714290387,48.73305605904065,422.20396108386325,519.6700732019445,422.20396108386325,750.1660734960241,56.256665601938835,693.9094078940852,806.4227390979629,806.4227390979629,6.220570593034777,0.0,6.220570593034777,6.220570593034777,6.220570593034777,984.5967199515335,0.0,984.5967199515335,984.5967199515335,984.5967199515335,2025-11-27T07:53:41.236349+00:00
dev8,28.140168209432755,0.0,28.140168209432755,28.140168209432755,28.140168209432755,57.46172490162843,2.53614354779101,54.92558135383742,59.99786844941944,59.99786844941944,470.93701714290387,48.73305605904065,422.20396108386325,519.6700732019445,422.20396108386325,750.1660734960241,56.256665601938835,693.9094078940852,806.4227390979629,806.4227390979629,6.115146293818508,0.10542429921626928,6.009721994602239,6.220570593034777,6.009721994602239,984.5967199515335,0.0,984.5967199515335,984.5967199515335,984.5967199515335,2025-11-27T07:53:41.240248+00:00
dev8,28.140168209432755,0.0,28.140168209432755,28.140168209432755,28.140168209432755,59.99786844941944,0.0,59.99786844941944,59.99786844941944,59.99786844941944,470.93701714290387,48.73305605904065,422.20396108386325,519.6700732019445,422.20396108386325,750.1660734960241,56.256665601938835,693.9094078940852,806.4227390979629,806.4227390979629,6.115146293818508,0.10542429921626928,6.009721994602239,6.220570593034777,6.009721994602239,890.4050896105159,94.19163034101763,796.2134592694982,984.5967199515335,796.2134592694982,2025-11-27T07:53:41.243890+00:00
dev8,26.78880727115086,1.351360938281898,25.43744633286896,28.140168209432755,25.43744633286896,59.99786844941944,0.0,59.99786844941944,59.99786844941944,59.99786844941944,422.20396108386325,0.0,422.20396108386325,422.20396108386325,422.20396108386325,750.1660734960241,56.256665601938835,693.9094078940852,806.4227390979629,806.4227390979629,6.115146293818508,0.10542429921626928,6.009721994602239,6.220570593034777,6.009721994602239,890.4050896105159,94.19163034101763,796.2134592694982,984.5967199515335,796.2134592694982,2025-11-27T07:53:43.511539+00:00
dev8,26.78880727115086,1.351360938281898,25.43744633286896,28.140168209432755,25.43744633286896,60.6228463006607,0.6249778512412583,59.99786844941944,61.24782415190196,61.24782415190196,422.20396108386325,0.0,422.20396108386325,422.20396108386325,422.20396108386325,806.4227390979629,0.0,806.4227390979629,806.4227390979629,806.4227390979629,6.115146293818508,0.10542429921626928,6.009721994602239,6.220570593034777,6.009721994602239,890.4050896105159,94.19163034101763,796.2134592694982,984.5967199515335,796.2134592694982,2025-11-27T07:53:43.515718+00:00
dev8,26.78880727115086,1.351360938281898,25.43744633286896,28.140168209432755,25.43744633286896,60.6228463006607,0.6249778512412583,59.99786844941944,61.24782415190196,61.24782415190196,556.3304932397472,134.12653215588395,422.20396108386325,690.4570253956311,690.4570253956311,806.4227390979629,0.0,806.4227390979629,806.4227390979629,806.4227390979629,6.009721994602239,0.0,6.009721994602239,6.009721994602239,6.009721994602239,890.4050896105159,94.19163034101763,796.2134592694982,984.5967199515335,796.2134592694982,2025-11-27T07:53:43.520734+00:00
dev8,26.78880727115086,1.351360938281898,25.43744633286896,28.140168209432755,25.43744633286896,60.6228463006607,0.6249778512412583,59.99786844941944,61.24782415190196,61.24782415190196,556.3304932397472,134.12653215588395,422.20396108386325,690.4570253956311,690.4570253956311,680.8056931026955,125.6170459952674,555.1886471074281,806.4227390979629,555.1886471074281,6.009721994602239,0.0,6.009721994602239,6.009721994602239,6.009721994602239,796.2134592694982,0.0,796.2134592694982,796.2134592694982,796.2134592694982,2025-11-27T07:53:43.525518+00:00
dev8,25.43744633286896,0.0,25.43744633286896,25.43744633286896,25.43744633286896,60.6228463006607,0.6249778512412583,59.99786844941944,61.24782415190196,61.24782415190196,556.3304932397472,134.12653215588395,422.20396108386325,690.4570253956311,690.4570253956311,680.8056931026955,125.6170459952674,555.1886471074281,806.4227390979629,555.1886471074281,6.470109583094471,0.46038758849223305,6.009721994602239,6.930497171586705,6.930497171586705,796.2134592694982,0.0,796.2134592694982,796.2134592694982,796.2134592694982,2025-11-27T07:53:43.530498+00:00
dev8,25.43744633286896,0.0,25.43744633286896,25.43744633286896,25.43744633286896,61.24782415190196,0.0,61.24782415190196,61.24782415190196,61.24782415190196,556.3304932397472,134.12653215588395,422.20396108386325,690.4570253956311,690.4570253956311,680.8056931026955,125.6170459952674,555.1886471074281,806.4227390979629,555.1886471074281,6.470109583094471,0.46038758849223305,6.009721994602239,6.930497171586705,6.930497171586705,692.2520163164762,103.96144295302201,588.2905733634542,796.2134592694982,588.2905733634542,2025-11-27T07:53:43.535798+00:00
dev8,25.01864751964329,0.41879881322566703,24.599848706417625,25.43744633286896,24.599848706417625,61.24782415190196,0.0,61.24782415190196,61.24782415190196,61.24782415190196,690.4570253956311,0.0,690.4570253956311,690.4570253956311,690.4570253956311,680.8056931026955,125.6170459952674,555.1886471074281,806.4227390979629,555.1886471074281,6.470109583094471,0.46038758849223305,6.009721994602239,6.930497171586705,6.930497171586705,692.2520163164762,103.96144295302201,588.2905733634542,796.2134592694982,588.2905733634542,2025-11-27T07:53:45.730254+00:00
dev8,25.01864751964329,0.41879881322566703,24.599848706417625,25.43744633286896,24.599848706417625,60.32365564750248,0.9241685043994821,59.399487143102995,61.24782415190196,59.399487143102995,690.4570253956311,0.0,690.4570253956311,690.4570253956311,690.4570253956311,555.1886471074281,0.0,555.1886471074281,555.1886471074281,555.1886471074281,6.470109583094471,0.46038758849223305,6.009721994602239,6.930497171586705,6.930497171586705,692.2520163164762,103.96144295302201,588.2905733634542,796.2134592694982,588.2905733634542,2025-11-27T07:53:45.733822+00:00
dev8,25.01864751964329,0.41879881322566703,24.599848706417625,25.43744633286896,24.599848706417625,60.32365564750248,0.9241685043994821,59.399487143102995,61.24782415190196,59.399487143102995,549.6068310492458,140.8501943463854,408.75663670286036,690.4570253956311,408.75663670286036,555.1886471074281,0.0,555.1886471074281,555.1886471074281,555.1886471074281,6.930497171586705,0.0,6.930497171586705,6.930497171586705,6.930497171586705,692.2520163164762,103.96144295302201,588.2905733634542,796.2134592694982,588.2905733634542,2025-11-27T07:53:45.737551+00:00
dev8,25.01864751964329,0.41879881322566703,24.599848706417625,25.43744633286896,24.599848706417625,60.32365564750248,0.9241685043994821,59.399487143102995,61.24782415190196,59.399487143102995,549.6068310492458,140.8501943463854,408.75663670286036,690.4570253956311,408.75663670286036,611.8649414342922,56.67629432686408,555.1886471074281,668.5412357611563,668.5412357611563,6.930497171586705,0.0,6.930497171586705,6.930497171586705,6.930497171586705,588.2905733634542,0.0,588.2905733634542,588.2905733634542,588.2905733634542,2025-11-27T07:53:45.741113+00:00
dev8,24.599848706417625,0.0,24.599848706417625,24.599848706417625,24.599848706417625,60.32365564750248,0.9241685043994821,59.399487143102995,61.24782415190196,59.399487143102995,549.6068310492458,140.8501943463854,408.75663670286036,690.4570253956311,408.75663670286036,611.8649414342922,56.67629432686408,555.1886471074281,668.5412357611563,668.5412357611563,6.67079264522072,0.2597045263659852,6.411088118854734,6.930497171586705,6.411088118854734,588.2905733634542,0.0,588.2905733634542,588.2905733634542,588.2905733634542,2025-11-27T07:53:45.744656+00:00
dev8,24.599848706417625,0.0,24.599848706417625,24.599848706417625,24.599848706417625,59.399487143102995,0.0,59.399487143102995,59.399487143102995,59.399487143102995,549.6068310492458,140.8501943463854,408.75663670286036,690.4570253956311,408.75663670286036,611.8649414342922,56.67629432686408,555.1886471074281,668.5412357611563,668.5412357611563,6.67079264522072,0.2597045263659852,6.411088118854734,6.930497171586705,6.411088118854734,596.6212334186965,8.330660055242333,588.2905733634542,604.9518934739389,604.9518934739389,2025-11-27T07:53:45.748373+00:00
dev8,25.07615304830368,0.4763043418860544,24.599848706417625,25.552457390189733,25.552457390189733,59.399487143102995,0.0,59.399487143102995,59.399487143102995,59.399487143102995,408.75663670286036,0.0,408.75663670286036,408.75663670286036,408.75663670286036,611.8649414342922,56.67629432686408,555.1886471074281,668.5412357611563,668.5412357611563,6.67079264522072,0.2597045263659852,6.411088118854734,6.930497171586705,6.411088118854734,596.6212334186965,8.330660055242333,588.2905733634542,604.9518934739389,604.9518934739389,2025-11-27T07:53:47.972781+00:00
dev8,25.07615304830368,0.4763043418860544,24.599848706417625,25.552457390189733,25.552457390189733,53.53981962385004,5.859667519252952,47.68015210459709,59.399487143102995,47.68015210459709,408.75663670286036,0.0,408.75663670286036,408.75663670286036,408.75663670286036,668.5412357611563,0.0,668.5412357611563,668.5412357611563,668.5412357611563,6.67079264522072,0.2597045263659852,6.411088118854734,6.930497171586705,6.411088118854734,596.6212334186965,8.330660055242333,588.2905733634542,604.9518934739389,604.9518934739389,2025-11-27T07:53:47.976608+00:00
dev8,25.07615304830368,0.4763043418860544,24.599848706417625,25.552457390189733,25.552457390189733,53.53981962385004,5.859667519252952,47.68015210459709,59.399487143102995,47.68015210459709,521.5724821638793,112.81584546101894,408.75663670286036,634.3883276248982,634.3883276248982,668.5412357611563,0.0,668.5412357611563,668.5412357611563,668.5412357611563,6.411088118854734,0.0,6.411088118854734,6.411088118854734,6.411088118854734,596.6212334186965,8.330660055242333,588.2905733634542,604.9518934739389,604.9518934739389,2025-11-27T07:53:47.980029+00:00
dev8,25.07615304830368,0.4763043418860544,24.599848706417625,25.552457390189733,25.552457390189733,53.53981962385004,5.859667519252952,47.68015210459709,59.399487143102995,47.68015210459709,521.5724821638793,112.81584546101894,408.75663670286036,634.3883276248982,634.3883276248982,775.2386564807694,106.69742071961309,668.5412357611563,881.9360772003824,881.9360772003824,6.411088118854734,0.0,6.411088118854734,6.411088118854734,6.411088118854734,604.9518934739389,0.0,604.9518934739389,604.9518934739389,604.9518934739389,2025-11-27T07:53:47.983557+00:00
dev8,25.552457390189733,0.0,25.552457390189733,25.552457390189733,25.552457390189733,53.53981962385004,5.859667519252952,47.68015210459709,59.399487143102995,47.68015210459709,521.5724821638793,112.81584546101894,408.75663670286036,634.3883276248982,634.3883276248982,775.2386564807694,106.69742071961309,668.5412357611563,881.9360772003824,881.9360772003824,6.66011456496157,0.24902644610683566,6.411088118854734,6.909141011068406,6.909141011068406,604.9518934739389,0.0,604.9518934739389,604.9518934739389,604.9518934739389,2025-11-27T07:53:47.987200+00:00
dev8,25.552457390189733,0.0,25.552457390189733,25.552457390189733,25.552457390189733,47.68015210459709,0.0,47.68015210459709,47.68015210459709,47.68015210459709,521.5724821638793,112.81584546101894,408.75663670286036,634.3883276248982,634.3883276248982,775.2386564807694,106.69742071961309,668.5412357611563,881.9360772003824,881.9360772003824,6.66011456496157,0.24902644610683566,6.411088118854734,6.909141011068406,6.909141011068406,738.2850475934822,133.3331541195434,604.9518934739389,871.6182017130257,871.6182017130257,2025-11-27T07:53:47.990835+00:00
dev8,24.929844915531028,0.6226124746587036,24.307232440872326,25.552457390189733,24.307232440872326,47.68015210459709,0.0,47.68015210459709,47.68015210459709,47.68015210459709,634.3883276248982,0.0,634.3883276248982,634.3883276248982,634.3883276248982,775.2386564807694,106.69742071961309,668.5412357611563,881.9360772003824,881.9360772003824,6.66011456496157,0.24902644610683566,6.411088118854734,6.909141011068406,6.909141011068406,738.2850475934822,133.3331541195434,604.9518934739389,871.6182017130257,871.6182017130257,2025-11-27T07:53:50.219810+00:00
dev8,24.929844915531028,0.6226124746587036,24.307232440872326,25.552457390189733,24.307232440872326,50.09924581417436,2.419093709577268,47.68015210459709,52.51833952375163,52.51833952375163,634.3883276248982,0.0,634.3883276248982,634.3883276248982,634.3883276248982,881.9360772003824,0.0,881.9360772003824,881.9360772003824,881.9360772003824,6.66011456496157,0.24902644610683566,6.411088118854734,6.909141011068406,6.909141011068406,738.2850475934822,133.3331541195434,604.9518934739389,871.6182017130257,871.6182017130257,2025-11-27T07:53:50.223946+00:00
dev8,24.929844915531028,0.6226124746587036,24.307232440872326,25.552457390189733,24.307232440872326,50.09924581417436,2.419093709577268,47.68015210459709,52.51833952375163,52.51833952375163,603.2106589717703,31.177668653128023,572.0329903186422,634.3883276248982,572.0329903186422,881.9360772003824,0.0,881.9360772003824,881.9360772003824,881.9360772003824,6.909141011068406,0.0,6.909141011068406,6.909141011068406,6.909141011068406,738.2850475934822,133.3331541195434,604.9518934739389,871.6182017130257,871.6182017130257,2025-11-27T07:53:50.228802+00:00
dev8,24.929844915531028,0.6226124746587036,24.307232440872326,25.552457390189733,24.307232440872326,50.09924581417436,2.419093709577268,47.68015210459709,52.51833952375163,52.51833952375163,603.2106589717703,31.177668653128023,572.0329903186422,634.3883276248982,572.0329903186422,755.6569660878873,126.27911111249512,629.3778549753922,881.9360772003824,629.3778549753922,6.909141011068406,0.0,6.909141011068406,6.909141011068406,6.909141011068406,871.6182017130257,0.0,871.6182017130257,871.6182017130257,871.6182017130257,2025-11-27T07:53:50.233683+00:00
dev8,24.307232440872326,0.0,24.307232440872326,24.307232440872326,24.307232440872326,50.09924581417436,2.419093709577268,47.68015210459709,52.51833952375163,52.51833952375163,603.2106589717703,31.177668653128023,572.0329903186422,634.3883276248982,572.0329903186422,755.6569660878873,126.27911111249512,629.3778549753922,881.9360772003824,629.3778549753922,7.04296812609562,0.13382711502721456,6.909141011068406,7.176795241122835,7.176795241122835,871.6182017130257,0.0,871.6182017130257,871.6182017130257,871.6182017130257,2025-11-27T07:53:50.237940+00:00
dev8,24.307232440872326,0.0,24.307232440872326,24.307232440872326,24.307232440872326,52.51833952375163,0.0,52.51833952375163,52.51833952375163,52.51833952375163,603.2106589717703,31.177668653128023,572.0329903186422,634.3883276248982,572.0329903186422,755.6569660878873,126.27911111249512,629.3778549753922,881.9360772003824,629.3778549753922,7.04296812609562,0.13382711502721456,6.909141011068406,7.176795241122835,7.176795241122835,808.9673356205197,62.65086609250591,746.3164695280138,871.6182017130257,746.3164695280138,2025-11-27T07:53:50.241981+00:00
dev8,22.310440213239787,1.9967922276325378,20.31364798560725,24.307232440872326,20.31364798560725,52.51833952375163,0.0,52.51833952375163,52.51833952375163,52.51833952375163,572.0329903186422,0.0,572.0329903186422,572.0329903186422,572.0329903186422,755.6569660878873,126.27911111249512,629.3778549753922,881.9360772003824,629.3778549753922,7.04296812609562,0.13382711502721456,6.909141011068406,7.176795241122835,7.176795241122835,808.9673356205197,62.65086609250591,746.3164695280138,871.6182017130257,746.3164695280138,2025-11-27T07:53:52.440380+00:00
dev8,22.310440213239787,1.9967922276325378,20.31364798560725,24.307232440872326,20.31364798560725,47.52064000353781,4.997699520213821,42.522940483323985,52.51833952375163,42.522940483323985,572.0329903186422,0.0,572.0329903186422,572.0329903186422,572.0329903186422,629.3778549753922,0.0,629.3778549753922,629.3778549753922,629.3778549753922,7.04296812609562,0.13382711502721456,6.909141011068406,7.176795241122835,7.176795241122835,808.9673356205197,62.65086609250591,746.3164695280138,871.6182017130257,746.3164695280138,2025-11-27T07:53:52.444872+00:00
dev8,22.310440213239787,1.9967922276325378,20.31364798560725,24.307232440872326,20.31364798560725,47.52064000353781,4.997699520213821,42.522940483323985,52.51833952375163,42.522940483323985,537.1801903033042,34.85280001533795,502.3273902879663,572.0329903186422,502.3273902879663,629.3778549753922,0.0,629.3778549753922,629.3778549753922,629.3778549753922,7.176795241122835,0.0,7.176795241122835,7.176795241122835,7.176795241122835,808.9673356205197,62.65086609250591,746.3164695280138,871.6182017130257,746.3164695280138,2025-11-27T07:53:52.449216+00:00
dev8,22.310440213239787,1.9967922276325378,20.31364798560725,24.307232440872326,20.31364798560725,47.52064000353781,4.997699520213821,42.522940483323985,52.51833952375163,42.522940483323985,537.1801903033042,34.85280001533795,502.3273902879663,572.0329903186422,502.3273902879663,962.2706481933047,332.8927932179125,629.3778549753922,1295.1634414112173,1295.1634414112173,7.176795241122835,0.0,7.176795241122835,7.176795241122835,7.176795241122835,746.3164695280138,0.0,746.3164695280138,746.3164695280138,746.3164695280138,2025-11-27T07:53:52.453587+00:00
dev8,20.31364798560725,0.0,20.31364798560725,20.31364798560725,20.31364798560725,47.52064000353781,4.997699520213821,42.522940483323985,52.51833952375163,42.522940483323985,537.1801903033042,34.85280001533795,502.3273902879663,572.0329903186422,502.3273902879663,962.2706481933047,332.8927932179125,629.3778549753922,1295.1634414112173,1295.1634414112173,6.721145021112495,0.4556502200103405,6.265494801102154,7.176795241122835,6.265494801102154,746.3164695280138,0.0,746.3164695280138,746.3164695280138,746.3164695280138,2025-11-27T07:53:52.459026+00:00
dev8,20.31364798560725,0.0,20.31364798560725,20.31364798560725,20.31364798560725,42.522940483323985,0.0,42.522940483323985,42.522940483323985,42.522940483323985,537.1801903033042,34.85280001533795,502.3273902879663,572.0329903186422,502.3273902879663,962.2706481933047,332.8927932179125,629.3778549753922,1295.1634414112173,1295.1634414112173,6.721145021112495,0.4556502200103405,6.265494801102154,7.176795241122835,6.265494801102154,649.1547906189958,97.16167890901806,551.9931117099777,746.3164695280138,551.9931117099777,2025-11-27T07:53:52.464162+00:00
dev8,22.945810324252918,2.632162338645667,20.31364798560725,25.577972662898585,25.577972662898585,42.522940483323985,0.0,42.522940483323985,42.522940483323985,42.522940483323985,502.3273902879663,0.0,502.3273902879663,502.3273902879663,502.3273902879663,962.2706481933047,332.8927932179125,629.3778549753922,1295.1634414112173,1295.1634414112173,6.721145021112495,0.4556502200103405,6.265494801102154,7.176795241122835,6.265494801102154,649.1547906189958,97.16167890901806,551.9931117099777,746.3164695280138,551.9931117099777,2025-11-27T07:53:54.654206+00:00
dev8,22.945810324252918,2.632162338645667,20.31364798560725,25.577972662898585,25.577972662898585,50.57126974881385,8.048329265489862,42.522940483323985,58.61959901430371,58.61959901430371,502.3273902879663,0.0,502.3273902879663,502.3273902879663,502.3273902879663,1295.1634414112173,0.0,1295.1634414112173,1295.1634414112173,1295.1634414112173,6.721145021112495,0.4556502200103405,6.265494801102154,7.176795241122835,6.265494801102154,649.1547906189958,97.16167890901806,551.9931117099777,746.3164695280138,551.9931117099777,2025-11-27T07:53:54.658257+00:00
dev8,22.945810324252918,2.632162338645667,20.31364798560725,25.577972662898585,25.577972662898585,50.57126974881385,8.048329265489862,42.522940483323985,58.61959901430371,58.61959901430371,415.546272689958,86.78111759800828,328.76515509194974,502.3273902879663,328.76515509194974,1295.1634414112173,0.0,1295.1634414112173,1295.1634414112173,1295.1634414112173,6.265494801102154,0.0,6.265494801102154,6.265494801102154,6.265494801102154,649.1547906189958,97.16167890901806,551.9931117099777,746.3164695280138,551.9931117099777,2025-11-27T07:53:54.661907+00:00
dev8,22.945810324252918,2.632162338645667,20.31364798560725,25.577972662898585,25.577972662898585,50.57126974881385,8.048329265489862,42.522940483323985,58.61959901430371,58.61959901430371,415.546272689958,86.78111759800828,328.76515509194974,502.3273902879663,328.76515509194974,1268.7833934980317,26.38004791318542,1242.4033455848464,1295.1634414112173,1242.4033455848464,6.265494801102154,0.0,6.265494801102154,6.265494801102154,6.265494801102154,551.9931117099777,0.0,551.9931117099777,551.9931117099777,551.9931117099777,2025-11-27T07:53:54.665510+00:00
dev8,25.577972662898585,0.0,25.577972662898585,25.577972662898585,25.577972662898585,50.57126974881385,8.048329265489862,42.522940483323985,58.61959901430371,58.61959901430371,415.546272689958,86.78111759800828,328.76515509194974,502.3273902879663,328.76515509194974,1268.7833934980317,26.38004791318542,1242.4033455848464,1295.1634414112173,1242.4033455848464,6.340471248037326,0.07497644693517191,6.265494801102154,6.415447694972498,6.415447694972498,551.9931117099777,0.0,551.9931117099777,551.9931117099777,551.9931117099777,2025-11-27T07:53:54.669231+00:00
dev8,25.577972662898585,0.0,25.577972662898585,25.577972662898585,25.577972662898585,58.61959901430371,0.0,58.61959901430371,58.61959901430371,58.61959901430371,415.546272689958,86.78111759800828,328.76515509194974,502.3273902879663,328.76515509194974,1268.7833934980317,26.38004791318542,1242.4033455848464,1295.1634414112173,1242.4033455848464,6.340471248037326,0.07497644693517191,6.265494801102154,6.415447694972498,6.415447694972498,798.9501427083296,246.9570309983519,551.9931117099777,1045.9071737066815,1045.9071737066815,2025-11-27T07:53:54.672731+00:00
dev8,24.517191411139606,1.0607812517589785,23.456410159380628,25.577972662898585,23.456410159380628,58.61959901430371,0.0,58.61959901430371,58.61959901430371,58.61959901430371,328.76515509194974,0.0,328.76515509194974,328.76515509194974,328.76515509194974,1268.7833934980317,26.38004791318542,1242.4033455848464,1295.1634414112173,1242.4033455848464,6.340471248037326,0.07497644693517191,6.265494801102154,6.415447694972498,6.415447694972498,798.9501427083296,246.9570309983519,551.9931117099777,1045.9071737066815,1045.9071737066815,2025-11-27T07:53:56.885289+00:00
dev8,24.517191411139606,1.0607812517589785,23.456410159380628,25.577972662898585,23.456410159380628,61.92532228510713,3.3057232708034157,58.61959901430371,65.23104555591054,65.23104555591054,328.76515509194974,0.0,328.76515509194974,328.76515509194974,328.76515509194974,1242.4033455848464,0.0,1242.4033455848464,1242.4033455848464,1242.4033455848464,6.340471248037326,0.07497644693517191,6.265494801102154,6.415447694972498,6.415447694972498,798.9501427083296,246.9570309983519,551.9931117099777,1045.9071737066815,1045.9071737066815,2025-11-27T07:53:56.889620+00:00
dev8,24.517191411139606,1.0607812517589785,23.456410159380628,25.577972662898585,23.456410159380628,61.92532228510713,3.3057232708034157,58.61959901430371,65.23104555591054,65.23104555591054,385.0370882797789,56.27193318782915,328.76515509194974,441.30902146760803,441.30902146760803,1242.4033455848464,0.0,1242.4033455848464,1242.4033455848464,1242.4033455848464,6.415447694972498,0.0,6.415447694972498,6.415447694972498,6.415447694972498,798.9501427083296,246.9570309983519,551.9931117099777,1045.9071737066815,1045.9071737066815,2025-11-27T07:53:56.894546+00:00
dev8,24.517191411139606,1.0607812517589785,23.456410159380628,25.577972662898585,23.456410159380628,61.92532228510713,3.3057232708034157,58.61959901430371,65.23104555591054,65.23104555591054,385.0370882797789,56.27193318782915,328.76515509194974,441.30902146760803,441.30902146760803,1394.966256763069,152.5629111782224,1242.4033455848464,1547.5291679412912,1547.5291679412912,6.415447694972498,0.0,6.415447694972498,6.415447694972498,6.415447694972498,1045.9071737066815,0.0,1045.9071737066815,1045.9071737066815,1045.9071737066815,2025-11-27T07:53:56.899434+00:00
dev8,23.456410159380628,0.0,23.456410159380628,23.456410159380628,23.456410159380628,61.92532228510713,3.3057232708034157,58.61959901430371,65.23104555591054,65.23104555591054,385.0370882797789,56.27193318782915,328.76515509194974,441.30902146760803,441.30902146760803,1394.966256763069,152.5629111782224,1242.4033455848464,1547.5291679412912,1547.5291679412912,6.398001266535734,0.017446428436763917,6.38055483809897,6.415447694972498,6.38055483809897,1045.9071737066815,0.0,1045.9071737066815,1045.9071737066815,1045.9071737066815,2025-11-27T07:53:56.903303+00:00
dev8,23.456410159380628,0.0,23.456410159380628,23.456410159380628,23.456410159380628,65.23104555591054,0.0,65.23104555591054,65.23104555591054,65.23104555591054,385.0370882797789,56.27193318782915,328.76515509194974,441.30902146760803,441.30902146760803,1394.966256763069,152.5629111782224,1242.4033455848464,1547.5291679412912,1547.5291679412912,6.398001266535734,0.017446428436763917,6.38055483809897,6.415447694972498,6.38055483809897,819.5250818021784,226.38209190450317,593.1429898976752,1045.9071737066815,593.1429898976752,2025-11-27T07:53:56.908838+00:00
dev8,25.108148023310655,1.651737863930025,23.456410159380628,26.759885887240678,26.759885887240678,65.23104555591054,0.0,65.23104555591054,65.23104555591054,65.23104555591054,441.30902146760803,0.0,441.30902146760803,441.30902146760803,441.30902146760803,1394.966256763069,152.5629111782224,1242.4033455848464,1547.5291679412912,1547.5291679412912,6.398001266535734,0.017446428436763917,6.38055483809897,6.415447694972498,6.38055483809897,819.5250818021784,226.38209190450317,593.1429898976752,1045.9071737066815,593.1429898976752,2025-11-27T07:53:59.099024+00:00
dev8,25.108148023310655,1.651737863930025,23.456410159380628,26.759885887240678,26.759885887240678,50.94570517965155,14.285340376258993,36.660364803392554,65.23104555591054,36.660364803392554,441.30902146760803,0.0,441.30902146760803,441.30902146760803,441.30902146760803,1547.5291679412912,0.0,1547.5291679412912,1547.5291679412912,1547.5291679412912,6.398001266535734,0.017446428436763917,6.38055483809897,6.415447694972498,6.38055483809897,819.5250818021784,226.38209190450317,593.1429898976752,1045.9071737066815,593.1429898976752,2025-11-27T07:53:59.102508+00:00
dev8,25.108148023310655,1.651737863930025,23.456410159380628,26.759885887240678,26.759885887240678,50.94570517965155,14.285340376258993,36.660364803392554,65.23104555591054,36.660364803392554,448.19614518613184,6.887123718523782,441.30902146760803,455.0832689046556,455.0832689046556,1547.5291679412912,0.0,1547.5291679412912,1547.5291679412912,1547.5291679412912,6.38055483809897,0.0,6.38055483809897,6.38055483809897,6.38055483809897,819.5250818021784,226.38209190450317,593.1429898976752,1045.9071737066815,593.1429898976752,2025-11-27T07:53:59.106129+00:00
dev8,25.108148023310655,1.651737863930025,23.456410159380628,26.759885887240678,26.759885887240678,50.94570517965155,14.285340376258993,36.660364803392554,65.23104555591054,36.660364803392554,448.19614518613184,6.887123718523782,441.30902146760803,455.0832689046556,455.0832689046556,1544.0850262477072,3.4441416935840152,1540.6408845541232,1547.5291679412912,1540.6408845541232,6.38055483809897,0.0,6.38055483809897,6.38055483809897,6.38055483809897,593.1429898976752,0.0,593.1429898976752,593.1429898976752,593.1429898976752,2025-11-27T07:53:59.109674+00:00
dev8,26.759885887240678,0.0,26.759885887240678,26.759885887240678,26.759885887240678,50.94570517965155,14.285340376258993,36.660364803392554,65.23104555591054,36.660364803392554,448.19614518613184,6.887123718523782,441.30902146760803,455.0832689046556,455.0832689046556,1544.0850262477072,3.4441416935840152,1540.6408845541232,1547.5291679412912,1540.6408845541232,6.6098026995458525,0.2292478614468827,6.38055483809897,6.839050560992735,6.839050560992735,593.1429898976752,0.0,593.1429898976752,593.1429898976752,593.1429898976752,2025-11-27T07:53:59.113319+00:00
dev8,26.759885887240678,0.0,26.759885887240678,26.759885887240678,26.759885887240678,36.660364803392554,0.0,36.660364803392554,36.660364803392554,36.660364803392554,448.19614518613184,6.887123718523782,441.30902146760803,455.0832689046556,455.0832689046556,1544.0850262477072,3.4441416935840152,1540.6408845541232,1547.5291679412912,1540.6408845541232,6.6098026995458525,0.2292478614468827,6.38055483809897,6.839050560992735,6.839050560992735,728.5755188542721,135.43252895659697,593.1429898976752,864.0080478108691,864.0080478108691,2025-11-27T07:53:59.117035+00:00
dev8,26.844957207635062,0.08507132039438403,26.759885887240678,26.930028528029446,26.930028528029446,36.660364803392554,0.0,36.660364803392554,36.660364803392554,36.660364803392554,455.0832689046556,0.0,455.0832689046556,455.0832689046556,455.0832689046556,1544.0850262477072,3.4441416935840152,1540.6408845541232,1547.5291679412912,1540.6408845541232,6.6098026995458525,0.2292478614468827,6.38055483809897,6.839050560992735,6.839050560992735,728.5755188542721,135.43252895659697,593.1429898976752,864.0080478108691,864.0080478108691,2025-11-27T07:54:01.333885+00:00
dev8,26.844957207635062,0.08507132039438403,26.759885887240678,26.930028528029446,26.930028528029446,53.358859586393535,16.69849478300098,36.660364803392554,70.05735436939452,70.05735436939452,455.0832689046556,0.0,455.0832689046556,455.0832689046556,455.0832689046556,1540.6408845541232,0.0,1540.6408845541232,1540.6408845541232,1540.6408845541232,6.6098026995458525,0.2292478614468827,6.38055483809897,6.839050560992735,6.839050560992735,728.5755188542721,135.43252895659697,593.1429898976752,864.0080478108691,864.0080478108691,2025-11-27T07:54:01.339918+00:00
dev8,26.844957207635062,0.08507132039438403,26.759885887240678,26.930028528029446,26.930028528029446,53.358859586393535,16.69849478300098,36.660364803392554,70.05735436939452,70.05735436939452,460.96449497152906,5.881226066873467,455.0832689046556,466.84572103840253,466.84572103840253,1540.6408845541232,0.0,1540.6408845541232,1540.6408845541232,1540.6408845541232,6.839050560992735,0.0,6.839050560992735,6.839050560992735,6.839050560992735,728.5755188542721,135.43252895659697,593.1429898976752,864.0080478108691,864.0080478108691,2025-11-27T07:54:01.345726+00:00
dev8,26.844957207635062,0.08507132039438403,26.759885887240678,26.930028528029446,26.930028528029446,53.358859586393535,16.69849478300098,36.660364803392554,70.05735436939452,70.05735436939452,460.96449497152906,5.881226066873467,455.0832689046556,466.84572103840253,466.84572103840253,1461.90976924483,78.73111530929327,1383.1786539355367,1540.6408845541232,1383.1786539355367,6.839050560992735,0.0,6.839050560992735,6.839050560992735,6.839050560992735,864.0080478108691,0.0,864.0080478108691,864.0080478108691,864.0080478108691,2025-11-27T07:54:01.350869+00:00
dev8,26.930028528029446,0.0,26.930028528029446,26.930028528029446,26.930028528029446,53.358859586393535,16.69849478300098,36.660364803392554,70.05735436939452,70.05735436939452,460.96449497152906,5.881226066873467,455.0832689046556,466.84572103840253,466.84572103840253,1461.90976924483,78.73111530929327,1383.1786539355367,1540.6408845541232,1383.1786539355367,6.743274983603367,0.09577557738936804,6.647499406213999,6.839050560992735,6.647499406213999,864.0080478108691,0.0,864.0080478108691,864.0080478108691,864.0080478108691,2025-11-27T07:54:01.355795+00:00
dev8,26.930028528029446,0.0,26.930028528029446,26.930028528029446,26.930028528029446,70.05735436939452,0.0,70.05735436939452,70.05735436939452,70.05735436939452,460.96449497152906,5.881226066873467,455.0832689046556,466.84572103840253,466.84572103840253,1461.90976924483,78.73111530929327,1383.1786539355367,1540.6408845541232,1383.1786539355367,6.743274983603367,0.09577557738936804,6.647499406213999,6.839050560992735,6.647499406213999,801.5974015703491,62.41064624051995,739.1867553298292,864.0080478108691,739.1867553298292,2025-11-27T07:54:01.361284+00:00
dev8,28.068453509039824,1.1384249810103775,26.930028528029446,29.2068784900502,29.2068784900502,70.05735436939452,0.0,70.05735436939452,70.05735436939452,70.05735436939452,466.84572103840253,0.0,466.84572103840253,466.84572103840253,466.84572103840253,1461.90976924483,78.73111530929327,1383.1786539355367,1540.6408845541232,1383.1786539355367,6.743274983603367,0.09577557738936804,6.647499406213999,6.839050560992735,6.647499406213999,801.5974015703491,62.41064624051995,739.1867553298292,864.0080478108691,739.1867553298292,2025-11-27T07:54:03.563899+00:00
dev8,28.068453509039824,1.1384249810103775,26.930028528029446,29.2068784900502,29.2068784900502,60.82175378931247,9.235600580082053,51.58615320923041,70.05735436939452,51.58615320923041,466.84572103840253,0.0,466.84572103840253,466.84572103840253,466.84572103840253,1383.1786539355367,0.0,1383.1786539355367,1383.1786539355367,1383.1786539355367,6.743274983603367,0.09577557738936804,6.647499406213999,6.839050560992735,6.647499406213999,801.5974015703491,62.41064624051995,739.1867553298292,864.0080478108691,739.1867553298292,2025-11-27T07:54:03.567322+00:00
dev8,28.068453509039824,1.1384249810103775,26.930028528029446,29.2068784900502,29.2068784900502,60.82175378931247,9.235600580082053,51.58615320923041,70.05735436939452,51.58615320923041,481.6074448815562,14.761723843153675,466.84572103840253,496.3691687247099,496.3691687247099,1383.1786539355367,0.0,1383.1786539355367,1383.1786539355367,1383.1786539355367,6.647499406213999,0.0,6.647499406213999,6.647499406213999,6.647499406213999,801.5974015703491,62.41064624051995,739.1867553298292,864.0080478108691,739.1867553298292,2025-11-27T07:54:03.570652+00:00
dev8,28.068453509039824,1.1384249810103775,26.930028528029446,29.2068784900502,29.2068784900502,60.82175378931247,9.235600580082053,51.58615320923041,70.05735436939452,51.58615320923041,481.6074448815562,14.761723843153675,466.84572103840253,496.3691687247099,496.3691687247099,1207.054670462692,176.12398347284466,1030.9306869898473,1383.1786539355367,1030.9306869898473,6.647499406213999,0.0,6.647499406213999,6.647499406213999,6.647499406213999,739.1867553298292,0.0,739.1867553298292,739.1867553298292,739.1867553298292,2025-11-27T07:54:03.574194+00:00
dev8,29.2068784900502,0.0,29.2068784900502,29.2068784900502,29.2068784900502,60.82175378931247,9.235600580082053,51.58615320923041,70.05735436939452,51.58615320923041,481.6074448815562,14.761723843153675,466.84572103840253,496.3691687247099,496.3691687247099,1207.054670462692,176.12398347284466,1030.9306869898473,1383.1786539355367,1030.9306869898473,6.616614127292376,0.030885278921623627,6.585728848370752,6.647499406213999,6.585728848370752,739.1867553298292,0.0,739.1867553298292,739.1867553298292,739.1867553298292,2025-11-27T07:54:03.577552+00:00
dev8,29.2068784900502,0.0,29.2068784900502,29.2068784900502,29.2068784900502,51.58615320923041,0.0,51.58615320923041,51.58615320923041,51.58615320923041,481.6074448815562,14.761723843153675,466.84572103840253,496.3691687247099,496.3691687247099,1207.054670462692,176.12398347284466,1030.9306869898473,1383.1786539355367,1030.9306869898473,6.616614127292376,0.030885278921623627,6.585728848370752,6.647499406213999,6.585728848370752,750.1896163104815,11.002860980652258,739.1867553298292,761.1924772911337,761.1924772911337,2025-11-27T07:54:03.581371+00:00
dev8,27.46670346552424,1.7401750245259588,25.726528440998283,29.2068784900502,25.726528440998283,51.58615320923041,0.0,51.58615320923041,51.58615320923041,51.58615320923041,496.3691687247099,0.0,496.3691687247099,496.3691687247099,496.3691687247099,1207.054670462692,176.12398347284466,1030.9306869898473,1383.1786539355367,1030.9306869898473,6.616614127292376,0.030885278921623627,6.585728848370752,6.647499406213999,6.585728848370752,750.1896163104815,11.002860980652258,739.1867553298292,761.1924772911337,761.1924772911337,2025-11-27T07:54:05.774776+00:00
dev8,27.46670346552424,1.7401750245259588,25.726528440998283,29.2068784900502,25.726528440998283,56.12523470609783,4.539081496867421,51.58615320923041,60.66431620296525,60.66431620296525,496.3691687247099,0.0,496.3691687247099,496.3691687247099,496.3691687247099,1030.9306869898473,0.0,1030.9306869898473,1030.9306869898473,1030.9306869898473,6.616614127292376,0.030885278921623627,6.585728848370752,6.647499406213999,6.585728848370752,750.1896163104815,11.002860980652258,739.1867553298292,761.1924772911337,761.1924772911337,2025-11-27T07:54:05.778162+00:00
dev8,27.46670346552424,1.7401750245259588,25.726528440998283,29.2068784900502,25.726528440998283,56.12523470609783,4.539081496867421,51.58615320923041,60.66431620296525,60.66431620296525,472.90531093456156,23.463857790148325,449.44145314441323,496.3691687247099,449.44145314441323,1030.9306869898473,0.0,1030.9306869898473,1030.9306869898473,1030.9306869898473,6.585728848370752,0.0,6.585728848370752,6.585728848370752,6.585728848370752,750.1896163104815,11.002860980652258,739.1867553298292,761.1924772911337,761.1924772911337,2025-11-27T07:54:05.781638+00:00
dev8,27.46670346552424,1.7401750245259588,25.726528440998283,29.2068784900502,25.726528440998283,56.12523470609783,4.539081496867421,51.58615320923041,60.66431620296525,60.66431620296525,472.90531093456156,23.463857790148325,449.44145314441323,496.3691687247099,449.44145314441323,975.4214802286314,55.50920676121598,919.9122734674154,1030.9306869898473,919.9122734674154,6.585728848370752,0.0,6.585728848370752,6.585728848370752,6.585728848370752,761.1924772911337,0.0,761.1924772911337,761.1924772911337,761.1924772911337,2025-11-27T07:54:05.785329+00:00
dev8,25.726528440998283,0.0,25.726528440998283,25.726528440998283,25.726528440998283,56.12523470609783,4.539081496867421,51.58615320923041,60.66431620296525,60.66431620296525,472.90531093456156,23.463857790148325,449.44145314441323,496.3691687247099,449.44145314441323,975.4214802286314,55.50920676121598,919.9122734674154,1030.9306869898473,919.9122734674154,6.621401907887379,0.03567305951662725,6.585728848370752,6.657074967404006,6.657074967404006,761.1924772911337,0.0,761.1924772911337,761.1924772911337,761.1924772911337,2025-11-27T07:54:05.788862+00:00
